person_age,person_gender,person_education,person_income,person_emp_exp,person_home_ownership,loan_amnt,loan_intent,loan_int_rate,loan_percent_income,cb_person_cred_hist_length,credit_score,loan_status
44.0,male,2,113951.0,23,MORTGAGE,4400.0,MEDICAL,7.29,0.04,11.0,722,0
25.0,male,2,361124.0,1,MORTGAGE,24223.0,MEDICAL,18.68,0.07,3.0,601,0
45.0,male,1,43060.0,20,RENT,10000.0,DEBTCONSOLIDATION,8.49,0.23,11.0,614,0
38.0,male,2,58841.0,14,OTHER,19057.0,PERSONAL,15.01,0.32,16.0,582,1
46.0,female,3,85109.0,25,MORTGAGE,8000.0,PERSONAL,7.29,0.09,13.0,618,0
44.0,male,3,169197.0,19,OWN,21500.0,VENTURE,11.83,0.13,14.0,645,0
46.0,male,1,68112.0,23,MORTGAGE,6000.0,EDUCATION,11.01,0.09,16.0,672,0
35.0,female,1,106164.0,13,RENT,28000.0,MEDICAL,18.28,0.26,10.0,657,1
46.0,male,2,58647.0,22,RENT,8400.0,EDUCATION,18.54,0.14,16.0,662,1
22.0,male,1,38473.0,0,RENT,21250.0,DEBTCONSOLIDATION,12.42,0.55,3.0,599,1
39.0,female,2,146696.0,16,MORTGAGE,1450.0,VENTURE,6.76,0.01,17.0,669,0
43.0,female,2,84085.0,25,RENT,2000.0,DEBTCONSOLIDATION,8.9,0.02,17.0,676,0
48.0,male,5,43036.0,25,MORTGAGE,3300.0,PERSONAL,6.39,0.08,13.0,742,0
23.0,female,3,54371.0,0,MORTGAGE,24511.0,DEBTCONSOLIDATION,15.8,0.45,2.0,501,1
33.0,male,3,562713.0,11,MORTGAGE,3750.0,DEBTCONSOLIDATION,15.62,0.01,10.0,561,1
41.0,female,1,37031.0,20,RENT,8875.0,MEDICAL,5.42,0.24,15.0,657,0
43.0,female,1,43810.0,22,MORTGAGE,5000.0,VENTURE,9.91,0.11,17.0,620,0
41.0,female,5,120887.0,18,MORTGAGE,6000.0,EDUCATION,8.49,0.05,15.0,701,0
46.0,female,3,48099.0,22,RENT,5775.0,DEBTCONSOLIDATION,13.83,0.12,15.0,678,1
43.0,male,1,55119.0,21,OWN,2000.0,MEDICAL,11.49,0.04,17.0,646,0
42.0,male,1,130540.0,19,MORTGAGE,14400.0,VENTURE,13.67,0.11,16.0,614,1
24.0,female,1,108745.0,0,MORTGAGE,35000.0,EDUCATION,10.65,0.32,3.0,536,0
23.0,male,3,90772.0,4,MORTGAGE,31825.0,EDUCATION,7.9,0.35,2.0,541,0
37.0,male,1,27364.0,14,RENT,4000.0,MEDICAL,10.0,0.15,17.0,713,0
43.0,male,4,235207.0,23,MORTGAGE,10000.0,EDUCATION,12.73,0.04,12.0,643,0
39.0,male,3,94548.0,19,RENT,24250.0,MEDICAL,16.0,0.26,13.0,601,1
29.0,female,1,104273.0,9,MORTGAGE,25000.0,HOMEIMPROVEMENT,16.82,0.24,9.0,456,0
73.0,female,3,51415.0,47,MORTGAGE,5000.0,PERSONAL,7.49,0.1,28.0,706,0
51.0,male,1,51152.0,29,MORTGAGE,15000.0,DEBTCONSOLIDATION,13.99,0.29,20.0,674,1
45.0,female,5,24085.0,22,RENT,6700.0,HOMEIMPROVEMENT,12.92,0.28,15.0,735,1
50.0,male,4,165457.0,25,MORTGAGE,23000.0,MEDICAL,7.9,0.14,13.0,605,0
31.0,male,4,181289.0,9,RENT,35000.0,EDUCATION,18.25,0.19,6.0,686,1
48.0,female,1,49164.0,23,RENT,10000.0,MEDICAL,11.01,0.2,17.0,619,0
42.0,male,5,99557.0,18,RENT,22000.0,DEBTCONSOLIDATION,10.99,0.22,12.0,608,0
45.0,male,1,150994.0,25,RENT,14000.0,EDUCATION,12.61,0.09,12.0,693,0
37.0,male,1,52926.0,17,RENT,18000.0,VENTURE,8.88,0.34,16.0,722,1
54.0,male,2,28403.0,31,RENT,7500.0,MEDICAL,11.89,0.26,22.0,549,1
47.0,female,4,63234.0,24,MORTGAGE,12000.0,DEBTCONSOLIDATION,7.29,0.19,13.0,513,0
46.0,male,2,73266.0,22,RENT,15000.0,MEDICAL,13.49,0.2,17.0,609,0
47.0,male,2,44111.0,23,RENT,11160.0,MEDICAL,11.86,0.25,24.0,576,1
55.0,female,1,113672.0,34,MORTGAGE,4000.0,PERSONAL,6.62,0.04,26.0,681,0
49.0,male,4,35683.0,27,MORTGAGE,12000.0,MEDICAL,11.01,0.34,16.0,645,0
37.0,male,4,120990.0,10,RENT,2400.0,DEBTCONSOLIDATION,9.99,0.02,16.0,711,0
43.0,female,4,150933.0,22,MORTGAGE,8800.0,HOMEIMPROVEMENT,7.88,0.06,13.0,632,0
43.0,male,3,14341.0,20,RENT,1950.0,EDUCATION,11.01,0.14,11.0,707,1
45.0,female,1,78188.0,24,MORTGAGE,4800.0,PERSONAL,8.9,0.06,17.0,690,1
38.0,male,2,91019.0,16,MORTGAGE,25000.0,HOMEIMPROVEMENT,10.59,0.27,16.0,659,0
47.0,male,4,78586.0,25,MORTGAGE,7000.0,VENTURE,14.35,0.09,17.0,659,0
29.0,female,4,420896.0,7,MORTGAGE,12000.0,DEBTCONSOLIDATION,7.51,0.03,7.0,710,0
28.0,female,3,346815.0,7,MORTGAGE,18000.0,VENTURE,20.0,0.05,9.0,622,1
33.0,male,1,735661.0,10,RENT,5950.0,MEDICAL,12.73,0.01,10.0,643,0
41.0,female,1,168685.0,15,MORTGAGE,15000.0,EDUCATION,17.88,0.09,11.0,688,0
42.0,female,2,48939.0,19,MORTGAGE,2500.0,HOMEIMPROVEMENT,5.42,0.05,12.0,713,0
40.0,male,1,37017.0,16,RENT,10625.0,VENTURE,11.01,0.29,17.0,629,1
56.0,male,2,84787.0,32,MORTGAGE,15000.0,PERSONAL,10.38,0.18,24.0,592,0
53.0,male,1,32910.0,30,RENT,2500.0,DEBTCONSOLIDATION,11.01,0.08,28.0,639,0
45.0,male,3,169566.0,20,RENT,8175.0,EDUCATION,5.99,0.05,17.0,629,0
49.0,female,2,145191.0,25,MORTGAGE,12000.0,MEDICAL,10.99,0.08,12.0,680,0
36.0,female,5,231135.0,13,OTHER,20000.0,VENTURE,11.48,0.09,17.0,688,0
47.0,female,1,131883.0,22,OWN,16000.0,VENTURE,7.05,0.12,14.0,693,0
37.0,male,1,92749.0,11,RENT,24250.0,DEBTCONSOLIDATION,15.65,0.26,13.0,567,1
41.0,male,1,42539.0,20,RENT,7550.0,DEBTCONSOLIDATION,16.89,0.18,14.0,713,1
36.0,male,1,193168.0,15,OWN,24000.0,VENTURE,14.96,0.12,15.0,635,0
51.0,male,2,22863.0,30,RENT,1000.0,PERSONAL,14.65,0.04,20.0,707,1
34.0,male,3,36893.0,11,MORTGAGE,18000.0,EDUCATION,12.84,0.49,10.0,590,0
46.0,female,1,10510.0,24,RENT,1600.0,MEDICAL,14.42,0.15,11.0,677,1
42.0,female,2,192974.0,21,RENT,6000.0,VENTURE,10.65,0.03,17.0,680,0
38.0,male,4,139144.0,18,MORTGAGE,20000.0,EDUCATION,15.45,0.14,10.0,725,0
50.0,male,1,145232.0,32,MORTGAGE,5575.0,HOMEIMPROVEMENT,15.2,0.04,13.0,730,0
43.0,female,5,67026.0,22,MORTGAGE,10000.0,PERSONAL,6.03,0.15,17.0,737,0
37.0,female,2,313076.0,13,MORTGAGE,20000.0,VENTURE,14.96,0.06,12.0,673,0
44.0,male,1,44321.0,22,MORTGAGE,1000.0,VENTURE,11.48,0.02,15.0,647,0
47.0,female,3,22873.0,26,MORTGAGE,3000.0,PERSONAL,5.42,0.13,12.0,678,1
38.0,female,5,66832.0,17,RENT,10000.0,MEDICAL,15.33,0.15,15.0,729,1
45.0,male,1,107204.0,22,RENT,15000.0,HOMEIMPROVEMENT,14.83,0.14,12.0,658,0
29.0,male,3,130529.0,7,MORTGAGE,35000.0,DEBTCONSOLIDATION,16.28,0.27,7.0,554,1
56.0,male,1,210853.0,29,MORTGAGE,12000.0,PERSONAL,10.82,0.06,25.0,635,0
51.0,male,2,12865.0,29,RENT,2979.0,VENTURE,11.19,0.23,23.0,693,1
23.0,male,1,114815.0,3,MORTGAGE,35000.0,EDUCATION,7.9,0.3,2.0,663,0
33.0,male,5,83325.0,8,RENT,1200.0,HOMEIMPROVEMENT,16.29,0.01,9.0,693,0
38.0,male,1,94173.0,14,MORTGAGE,15000.0,HOMEIMPROVEMENT,15.27,0.16,17.0,598,1
44.0,male,1,114867.0,24,MORTGAGE,21200.0,PERSONAL,9.91,0.18,14.0,651,0
45.0,female,2,108839.0,22,MORTGAGE,2500.0,VENTURE,11.99,0.02,13.0,736,0
40.0,male,1,52490.0,21,OWN,15000.0,EDUCATION,16.0,0.29,17.0,677,0
41.0,female,1,139079.0,21,MORTGAGE,20000.0,PERSONAL,14.61,0.14,11.0,554,0
43.0,female,3,144620.0,22,MORTGAGE,5477.0,HOMEIMPROVEMENT,10.03,0.04,17.0,727,0
53.0,male,4,97028.0,33,OWN,15000.0,PERSONAL,6.62,0.15,24.0,734,0
38.0,female,1,150371.0,18,RENT,25000.0,EDUCATION,13.06,0.17,13.0,720,0
43.0,female,2,166589.0,20,MORTGAGE,9900.0,EDUCATION,6.99,0.06,14.0,624,0
28.0,male,5,99489.0,6,OWN,25000.0,EDUCATION,16.07,0.25,5.0,738,0
44.0,female,2,75908.0,20,RENT,10000.0,PERSONAL,16.82,0.13,15.0,697,1
32.0,male,2,418649.0,9,MORTGAGE,25000.0,MEDICAL,11.83,0.06,8.0,569,0
43.0,female,2,119326.0,22,RENT,5000.0,VENTURE,14.84,0.04,14.0,651,0
37.0,male,2,78631.0,13,MORTGAGE,30000.0,MEDICAL,17.37,0.38,12.0,661,1
31.0,male,1,890990.0,10,MORTGAGE,12000.0,MEDICAL,10.25,0.01,6.0,599,0
46.0,female,1,223521.0,24,MORTGAGE,20000.0,VENTURE,11.36,0.09,15.0,708,0
37.0,female,3,32594.0,16,RENT,10000.0,MEDICAL,19.03,0.31,12.0,488,1
44.0,male,3,143826.0,20,RENT,5900.0,DEBTCONSOLIDATION,6.17,0.04,14.0,650,0
39.0,female,1,70675.0,17,RENT,21000.0,EDUCATION,10.83,0.3,16.0,654,1
43.0,male,4,321623.0,22,MORTGAGE,21779.0,DEBTCONSOLIDATION,12.09,0.07,13.0,637,0
42.0,female,4,85145.0,18,RENT,11834.0,DEBTCONSOLIDATION,9.3,0.14,17.0,737,0
36.0,female,5,73169.0,14,RENT,15000.0,HOMEIMPROVEMENT,13.57,0.21,12.0,744,0
43.0,female,1,84739.0,24,RENT,19200.0,MEDICAL,11.01,0.23,11.0,681,0
52.0,male,3,31111.0,30,RENT,5000.0,MEDICAL,12.61,0.16,22.0,678,1
40.0,male,1,46531.0,17,RENT,7000.0,DEBTCONSOLIDATION,15.99,0.15,16.0,648,1
47.0,female,2,78803.0,27,RENT,3100.0,DEBTCONSOLIDATION,13.49,0.04,12.0,661,0
49.0,male,2,86105.0,28,MORTGAGE,15000.0,DEBTCONSOLIDATION,14.84,0.17,11.0,705,1
55.0,male,2,90685.0,32,MORTGAGE,10000.0,PERSONAL,7.51,0.11,20.0,687,0
37.0,male,1,49959.0,17,RENT,10750.0,PERSONAL,15.37,0.22,14.0,714,0
36.0,female,5,44266.0,17,RENT,16000.0,PERSONAL,8.9,0.36,17.0,663,1
49.0,male,1,87281.0,27,RENT,8000.0,DEBTCONSOLIDATION,7.49,0.09,17.0,630,0
29.0,male,1,92281.0,8,OWN,28000.0,MEDICAL,16.77,0.3,10.0,630,0
46.0,male,1,48824.0,24,MORTGAGE,12000.0,EDUCATION,6.91,0.25,11.0,667,0
22.0,female,1,96147.0,0,MORTGAGE,35000.0,PERSONAL,13.13,0.36,2.0,662,0
42.0,male,1,148472.0,22,MORTGAGE,14195.0,DEBTCONSOLIDATION,11.56,0.1,16.0,665,1
27.0,male,1,330870.0,6,MORTGAGE,35000.0,VENTURE,11.01,0.11,6.0,569,0
37.0,female,2,270346.0,14,MORTGAGE,25000.0,VENTURE,14.16,0.09,11.0,648,0
49.0,female,1,18921.0,26,RENT,2400.0,MEDICAL,9.91,0.13,13.0,626,1
51.0,female,2,114696.0,28,MORTGAGE,5000.0,PERSONAL,11.01,0.04,30.0,646,0
47.0,female,4,54005.0,25,OWN,4000.0,HOMEIMPROVEMENT,11.14,0.07,16.0,638,0
45.0,male,3,88565.0,23,RENT,5600.0,EDUCATION,15.27,0.06,11.0,584,1
44.0,male,1,96748.0,23,MORTGAGE,15000.0,DEBTCONSOLIDATION,13.11,0.16,16.0,609,0
47.0,female,1,68467.0,26,RENT,10800.0,VENTURE,10.36,0.16,11.0,614,0
52.0,male,3,102892.0,31,RENT,11000.0,DEBTCONSOLIDATION,12.42,0.11,25.0,685,0
44.0,female,3,87268.0,21,MORTGAGE,4200.0,VENTURE,14.17,0.05,14.0,589,0
42.0,female,4,47899.0,21,RENT,19750.0,HOMEIMPROVEMENT,10.65,0.41,14.0,674,1
41.0,male,2,76680.0,19,RENT,1500.0,PERSONAL,8.0,0.02,17.0,536,0
29.0,female,3,480874.0,9,MORTGAGE,25000.0,EDUCATION,11.12,0.05,8.0,721,0
40.0,male,1,211422.0,20,MORTGAGE,11700.0,PERSONAL,8.74,0.06,15.0,665,0
54.0,male,5,61146.0,31,RENT,20000.0,DEBTCONSOLIDATION,7.9,0.33,20.0,714,1
47.0,male,4,58865.0,24,RENT,2500.0,DEBTCONSOLIDATION,14.65,0.04,17.0,728,0
39.0,male,1,180785.0,19,MORTGAGE,30000.0,MEDICAL,8.9,0.17,11.0,678,0
36.0,male,2,163068.0,14,MORTGAGE,2500.0,VENTURE,14.91,0.02,17.0,701,0
37.0,male,1,369347.0,12,MORTGAGE,14808.0,VENTURE,10.7,0.04,16.0,594,0
45.0,female,4,44179.0,26,RENT,8000.0,PERSONAL,7.27,0.18,15.0,738,0
44.0,male,2,37076.0,22,RENT,5000.0,VENTURE,13.98,0.13,11.0,730,0
39.0,female,1,180875.0,16,MORTGAGE,12000.0,HOMEIMPROVEMENT,11.08,0.07,17.0,679,0
48.0,male,2,19058.0,26,RENT,2000.0,DEBTCONSOLIDATION,12.84,0.1,14.0,667,0
44.0,female,1,29933.0,21,RENT,4435.0,EDUCATION,10.11,0.15,17.0,588,0
40.0,female,1,280535.0,18,MORTGAGE,15000.0,MEDICAL,11.83,0.05,15.0,667,0
37.0,male,2,240948.0,15,MORTGAGE,6000.0,DEBTCONSOLIDATION,5.42,0.02,14.0,627,0
36.0,female,2,286397.0,15,MORTGAGE,25000.0,DEBTCONSOLIDATION,15.95,0.09,17.0,673,1
37.0,female,5,120956.0,15,MORTGAGE,18400.0,VENTURE,5.99,0.15,15.0,623,0
57.0,male,2,105209.0,35,RENT,15000.0,HOMEIMPROVEMENT,8.41,0.14,22.0,629,0
49.0,male,1,83706.0,27,RENT,16000.0,HOMEIMPROVEMENT,14.96,0.19,12.0,692,1
38.0,female,4,131430.0,17,MORTGAGE,30000.0,DEBTCONSOLIDATION,16.37,0.23,11.0,652,1
31.0,female,4,88456.0,8,RENT,35000.0,EDUCATION,19.29,0.4,10.0,656,1
43.0,male,2,55315.0,19,RENT,16000.0,VENTURE,10.41,0.29,15.0,670,1
40.0,male,2,242687.0,18,RENT,12450.0,EDUCATION,12.23,0.05,15.0,692,0
48.0,female,1,34748.0,22,MORTGAGE,7500.0,HOMEIMPROVEMENT,7.74,0.22,16.0,673,0
36.0,female,4,71863.0,14,RENT,21000.0,MEDICAL,14.11,0.29,16.0,576,1
43.0,male,1,276859.0,21,MORTGAGE,25000.0,HOMEIMPROVEMENT,15.58,0.09,15.0,640,0
38.0,female,1,215984.0,11,RENT,21592.0,VENTURE,11.32,0.1,16.0,549,1
24.0,male,4,80955.0,2,MORTGAGE,30000.0,MEDICAL,17.22,0.37,3.0,647,1
39.0,female,3,301107.0,17,MORTGAGE,4000.0,VENTURE,15.23,0.01,13.0,613,0
48.0,male,2,72975.0,24,MORTGAGE,2500.0,VENTURE,7.29,0.03,13.0,701,0
70.0,male,3,53308.0,50,MORTGAGE,7000.0,PERSONAL,11.66,0.13,24.0,651,0
45.0,female,3,39357.0,25,RENT,4500.0,PERSONAL,7.51,0.11,12.0,708,0
58.0,male,2,29747.0,33,RENT,6000.0,MEDICAL,8.75,0.2,18.0,602,0
40.0,male,3,40201.0,17,RENT,13775.0,VENTURE,12.98,0.34,14.0,560,1
28.0,male,3,73059.0,9,MORTGAGE,35000.0,EDUCATION,10.59,0.48,6.0,659,0
41.0,male,2,44217.0,20,RENT,10000.0,DEBTCONSOLIDATION,6.03,0.23,15.0,670,0
47.0,male,2,26387.0,26,RENT,5000.0,DEBTCONSOLIDATION,15.99,0.19,16.0,655,1
55.0,female,2,68221.0,31,MORTGAGE,10000.0,HOMEIMPROVEMENT,15.76,0.15,15.0,665,1
37.0,female,1,961176.0,12,MORTGAGE,15000.0,DEBTCONSOLIDATION,11.36,0.02,17.0,655,0
49.0,male,1,50916.0,27,RENT,8000.0,MEDICAL,7.4,0.16,15.0,711,0
39.0,male,1,81617.0,17,RENT,24000.0,VENTURE,15.31,0.29,11.0,709,1
50.0,male,2,73079.0,31,RENT,10000.0,VENTURE,13.49,0.14,12.0,730,0
44.0,male,1,87472.0,20,RENT,25000.0,HOMEIMPROVEMENT,19.41,0.29,17.0,605,1
40.0,female,1,39099.0,20,RENT,10000.0,MEDICAL,11.01,0.26,13.0,518,1
43.0,female,2,118539.0,22,MORTGAGE,5000.0,MEDICAL,14.29,0.04,15.0,632,0
48.0,male,1,144889.0,24,MORTGAGE,3600.0,VENTURE,11.01,0.02,17.0,606,0
44.0,female,3,37167.0,20,MORTGAGE,7500.0,PERSONAL,11.01,0.2,16.0,627,0
50.0,female,1,123368.0,27,MORTGAGE,12000.0,HOMEIMPROVEMENT,14.96,0.1,11.0,670,0
48.0,female,1,20945.0,26,OWN,3300.0,HOMEIMPROVEMENT,10.99,0.16,14.0,668,1
48.0,male,2,79247.0,23,RENT,7632.0,PERSONAL,7.3,0.1,20.0,641,0
38.0,male,5,98276.0,17,MORTGAGE,11000.0,HOMEIMPROVEMENT,10.36,0.11,14.0,682,0
42.0,female,1,39727.0,18,RENT,10000.0,DEBTCONSOLIDATION,11.71,0.25,14.0,610,1
44.0,male,5,103142.0,18,MORTGAGE,7000.0,PERSONAL,10.62,0.07,12.0,642,0
26.0,female,4,73064.0,2,MORTGAGE,30000.0,EDUCATION,14.27,0.41,4.0,639,0
31.0,female,4,130703.0,10,MORTGAGE,35000.0,DEBTCONSOLIDATION,13.49,0.27,10.0,649,1
39.0,male,1,71669.0,17,RENT,2500.0,PERSONAL,18.78,0.03,13.0,656,1
55.0,female,2,65580.0,27,RENT,1000.0,DEBTCONSOLIDATION,13.99,0.02,27.0,672,1
45.0,male,4,22699.0,21,RENT,2000.0,VENTURE,7.1,0.09,11.0,648,0
44.0,female,1,32651.0,22,RENT,5000.0,EDUCATION,10.0,0.15,11.0,718,0
42.0,male,2,181197.0,23,MORTGAGE,16000.0,HOMEIMPROVEMENT,8.49,0.09,12.0,559,0
26.0,female,3,58333.0,2,RENT,25297.0,EDUCATION,18.43,0.43,2.0,543,1
54.0,male,3,118629.0,34,MORTGAGE,10000.0,PERSONAL,13.23,0.08,20.0,629,0
43.0,male,3,75254.0,22,MORTGAGE,20000.0,EDUCATION,10.25,0.27,14.0,656,0
45.0,male,1,42850.0,21,RENT,4000.0,MEDICAL,13.49,0.09,15.0,633,0
45.0,male,2,65628.0,23,MORTGAGE,15000.0,EDUCATION,11.61,0.23,16.0,664,0
42.0,male,3,39655.0,19,RENT,2500.0,DEBTCONSOLIDATION,7.49,0.06,17.0,739,1
39.0,female,1,53563.0,19,MORTGAGE,2500.0,PERSONAL,7.68,0.05,15.0,558,0
24.0,male,2,55979.0,6,MORTGAGE,29100.0,PERSONAL,12.99,0.52,2.0,601,1
48.0,female,2,156972.0,24,RENT,24000.0,EDUCATION,9.91,0.15,15.0,650,0
45.0,male,4,96924.0,25,RENT,35000.0,MEDICAL,11.01,0.36,13.0,566,1
44.0,female,1,77808.0,18,MORTGAGE,6000.0,VENTURE,7.57,0.08,14.0,569,0
44.0,male,2,168723.0,20,OWN,21500.0,MEDICAL,11.83,0.13,11.0,541,0
45.0,male,1,68463.0,26,MORTGAGE,7000.0,DEBTCONSOLIDATION,16.29,0.1,12.0,565,1
43.0,male,1,936880.0,21,MORTGAGE,1000.0,HOMEIMPROVEMENT,8.94,0.0,11.0,657,0
40.0,male,2,55150.0,18,RENT,24000.0,EDUCATION,10.65,0.44,11.0,621,1
45.0,male,2,43049.0,20,RENT,10000.0,DEBTCONSOLIDATION,10.32,0.23,16.0,603,0
43.0,male,1,97077.0,23,RENT,6400.0,HOMEIMPROVEMENT,11.71,0.07,11.0,551,0
49.0,female,4,51589.0,26,MORTGAGE,3000.0,MEDICAL,8.9,0.06,15.0,743,0
37.0,female,5,26748.0,15,RENT,3000.0,MEDICAL,12.18,0.11,14.0,747,0
44.0,female,4,37012.0,18,RENT,12000.0,DEBTCONSOLIDATION,11.11,0.32,15.0,697,1
44.0,female,2,100604.0,22,OTHER,12000.0,EDUCATION,16.0,0.12,15.0,725,1
43.0,female,1,89491.0,19,RENT,30600.0,DEBTCONSOLIDATION,18.79,0.34,17.0,648,1
46.0,male,1,99856.0,24,MORTGAGE,6600.0,PERSONAL,7.66,0.07,13.0,546,0
44.0,male,3,85268.0,19,RENT,6000.0,DEBTCONSOLIDATION,5.79,0.07,16.0,537,0
43.0,female,2,39282.0,22,RENT,6400.0,VENTURE,7.49,0.16,16.0,682,0
46.0,female,1,66163.0,24,RENT,3600.0,PERSONAL,10.0,0.05,14.0,693,0
37.0,male,1,117692.0,19,RENT,25000.0,HOMEIMPROVEMENT,19.41,0.21,11.0,698,0
43.0,female,1,76870.0,19,RENT,18000.0,MEDICAL,17.27,0.23,14.0,684,1
37.0,male,1,102770.0,15,OWN,10000.0,EDUCATION,18.43,0.1,16.0,575,0
36.0,female,2,300870.0,12,MORTGAGE,31400.0,PERSONAL,14.27,0.1,16.0,561,0
61.0,male,1,102875.0,41,RENT,9000.0,HOMEIMPROVEMENT,10.0,0.09,22.0,605,0
40.0,female,5,85212.0,17,RENT,3000.0,MEDICAL,10.75,0.04,15.0,715,0
37.0,female,1,67412.0,13,RENT,30000.0,DEBTCONSOLIDATION,9.91,0.45,15.0,637,1
43.0,male,1,87348.0,23,RENT,6000.0,MEDICAL,12.42,0.07,17.0,624,0
49.0,female,2,70552.0,29,MORTGAGE,16000.0,PERSONAL,15.33,0.23,13.0,626,1
43.0,male,1,109126.0,22,MORTGAGE,15000.0,VENTURE,14.46,0.14,11.0,623,0
44.0,female,1,85027.0,24,RENT,9500.0,EDUCATION,14.22,0.11,14.0,646,0
32.0,male,3,845636.0,13,RENT,12000.0,MEDICAL,15.33,0.01,9.0,648,1
37.0,female,3,82358.0,15,MORTGAGE,33000.0,EDUCATION,9.99,0.4,15.0,696,0
37.0,male,5,101926.0,16,RENT,5000.0,HOMEIMPROVEMENT,10.0,0.05,16.0,701,0
44.0,male,1,44532.0,20,MORTGAGE,12000.0,HOMEIMPROVEMENT,13.99,0.27,12.0,709,0
31.0,female,1,88324.0,12,RENT,29700.0,HOMEIMPROVEMENT,11.11,0.34,7.0,566,1
44.0,male,5,45527.0,20,RENT,3506.0,EDUCATION,12.94,0.08,13.0,725,0
46.0,male,1,72851.0,20,RENT,15000.0,HOMEIMPROVEMENT,15.24,0.21,13.0,694,0
43.0,male,5,87295.0,17,MORTGAGE,5050.0,DEBTCONSOLIDATION,6.99,0.06,16.0,706,0
44.0,male,5,66699.0,22,MORTGAGE,5000.0,EDUCATION,7.51,0.07,11.0,567,0
39.0,male,4,22704.0,17,OWN,4375.0,MEDICAL,5.42,0.19,17.0,640,1
47.0,female,1,52745.0,22,MORTGAGE,13750.0,HOMEIMPROVEMENT,14.84,0.26,13.0,622,0
70.0,male,2,159291.0,49,MORTGAGE,14000.0,PERSONAL,11.01,0.09,24.0,640,0
39.0,female,1,53445.0,17,RENT,16000.0,MEDICAL,11.01,0.3,16.0,648,1
70.0,male,1,51635.0,50,RENT,8000.0,MEDICAL,9.63,0.15,24.0,657,0
57.0,male,2,20300.0,37,RENT,3000.0,MEDICAL,10.38,0.15,20.0,712,1
27.0,male,4,15675.0,4,OWN,8125.0,EDUCATION,14.42,0.52,5.0,505,1
57.0,male,3,49067.0,34,RENT,15000.0,MEDICAL,8.9,0.31,21.0,741,1
40.0,male,1,213196.0,19,RENT,25000.0,MEDICAL,10.99,0.12,17.0,674,1
37.0,male,2,192877.0,15,MORTGAGE,24000.0,PERSONAL,6.54,0.12,15.0,694,0
26.0,male,1,89116.0,4,OWN,35000.0,PERSONAL,9.91,0.39,2.0,667,0
23.0,female,4,24572.0,0,RENT,12000.0,VENTURE,6.28,0.49,4.0,587,1
37.0,male,3,26028.0,11,RENT,4000.0,VENTURE,19.41,0.15,16.0,633,0
62.0,female,1,92429.0,36,RENT,20000.0,EDUCATION,16.77,0.22,29.0,690,1
58.0,male,2,87259.0,39,RENT,4500.0,EDUCATION,11.01,0.05,18.0,700,0
37.0,male,2,182324.0,14,RENT,25000.0,HOMEIMPROVEMENT,18.58,0.14,12.0,633,1
24.0,female,4,397048.0,0,MORTGAGE,3500.0,PERSONAL,10.36,0.01,4.0,714,0
42.0,male,1,78441.0,19,OWN,22750.0,VENTURE,8.9,0.29,17.0,562,0
40.0,female,1,90991.0,15,MORTGAGE,10000.0,VENTURE,6.62,0.11,17.0,706,0
40.0,female,3,159398.0,18,MORTGAGE,7500.0,HOMEIMPROVEMENT,7.29,0.05,15.0,687,0
46.0,male,2,89812.0,22,MORTGAGE,20000.0,VENTURE,12.68,0.22,16.0,602,0
47.0,female,1,93640.0,25,MORTGAGE,25000.0,EDUCATION,10.99,0.27,14.0,669,0
65.0,male,1,160380.0,42,MORTGAGE,18000.0,DEBTCONSOLIDATION,11.01,0.11,25.0,675,1
47.0,female,1,61094.0,29,MORTGAGE,4000.0,VENTURE,11.01,0.07,17.0,685,0
47.0,female,2,41671.0,25,MORTGAGE,7000.0,PERSONAL,7.49,0.17,13.0,620,0
43.0,female,2,51164.0,20,MORTGAGE,20000.0,VENTURE,11.01,0.39,13.0,614,0
42.0,male,1,181300.0,19,RENT,18400.0,MEDICAL,11.01,0.1,17.0,683,0
57.0,male,2,64312.0,34,MORTGAGE,5800.0,PERSONAL,13.16,0.09,30.0,666,0
28.0,female,1,44294.0,8,MORTGAGE,22230.0,VENTURE,14.08,0.5,5.0,610,0
46.0,female,1,367057.0,25,MORTGAGE,20000.0,VENTURE,17.93,0.05,13.0,564,0
51.0,male,2,312914.0,29,MORTGAGE,14000.0,PERSONAL,7.66,0.04,26.0,601,0
56.0,male,3,84905.0,37,MORTGAGE,2500.0,PERSONAL,5.99,0.03,23.0,726,0
22.0,male,4,85191.0,0,RENT,29100.0,EDUCATION,15.99,0.34,3.0,700,1
36.0,female,5,38081.0,18,RENT,2500.0,EDUCATION,8.9,0.07,13.0,716,0
39.0,female,1,36892.0,18,RENT,8938.0,MEDICAL,8.78,0.24,17.0,622,0
23.0,female,1,87263.0,0,MORTGAGE,35000.0,MEDICAL,15.99,0.4,2.0,571,1
29.0,male,1,216827.0,8,MORTGAGE,30325.0,PERSONAL,18.47,0.14,8.0,571,0
49.0,female,1,104625.0,26,RENT,16875.0,PERSONAL,7.51,0.16,14.0,657,0
52.0,female,1,102010.0,30,RENT,18000.0,VENTURE,8.49,0.18,24.0,702,0
43.0,female,1,135558.0,24,MORTGAGE,25000.0,PERSONAL,14.96,0.18,15.0,641,0
41.0,male,1,181078.0,20,RENT,20000.0,PERSONAL,19.47,0.11,15.0,620,0
55.0,male,3,60783.0,32,RENT,20000.0,DEBTCONSOLIDATION,7.51,0.33,30.0,669,1
45.0,female,1,36771.0,20,RENT,2700.0,EDUCATION,12.84,0.07,17.0,563,0
69.0,male,2,144883.0,43,MORTGAGE,20000.0,PERSONAL,14.84,0.14,27.0,673,0
54.0,male,5,186116.0,32,MORTGAGE,12000.0,PERSONAL,12.69,0.06,26.0,732,0
37.0,male,1,8104.0,16,OWN,1300.0,VENTURE,6.03,0.16,11.0,561,1
42.0,female,2,116164.0,21,MORTGAGE,5100.0,PERSONAL,5.42,0.04,14.0,641,0
47.0,female,1,103143.0,27,MORTGAGE,5500.0,DEBTCONSOLIDATION,6.76,0.05,12.0,580,0
42.0,male,3,32459.0,15,RENT,4000.0,DEBTCONSOLIDATION,9.99,0.12,17.0,581,0
39.0,male,5,87227.0,16,MORTGAGE,15000.0,DEBTCONSOLIDATION,11.86,0.17,15.0,665,0
62.0,female,2,75378.0,40,MORTGAGE,25000.0,MEDICAL,13.43,0.33,28.0,666,1
41.0,male,1,114907.0,20,MORTGAGE,21600.0,HOMEIMPROVEMENT,13.92,0.19,12.0,640,0
50.0,male,1,56099.0,29,MORTGAGE,8600.0,EDUCATION,14.09,0.15,12.0,653,0
36.0,male,3,360884.0,10,MORTGAGE,25000.0,EDUCATION,12.41,0.07,13.0,679,0
39.0,female,3,78480.0,18,MORTGAGE,30000.0,MEDICAL,17.82,0.38,15.0,693,1
47.0,male,2,225202.0,25,MORTGAGE,14000.0,HOMEIMPROVEMENT,8.9,0.06,16.0,649,0
42.0,female,2,94319.0,19,MORTGAGE,7000.0,DEBTCONSOLIDATION,5.42,0.07,15.0,704,1
42.0,male,5,102641.0,20,MORTGAGE,8500.0,HOMEIMPROVEMENT,15.58,0.08,12.0,731,0
45.0,female,4,143412.0,24,MORTGAGE,20000.0,VENTURE,11.01,0.14,15.0,732,0
39.0,female,2,373545.0,17,MORTGAGE,15000.0,DEBTCONSOLIDATION,15.65,0.04,11.0,569,1
59.0,male,1,210967.0,37,RENT,12000.0,PERSONAL,10.59,0.06,27.0,656,0
49.0,male,3,125200.0,25,MORTGAGE,12600.0,DEBTCONSOLIDATION,9.32,0.1,11.0,686,0
42.0,male,1,67974.0,20,MORTGAGE,10000.0,HOMEIMPROVEMENT,15.41,0.15,11.0,586,1
39.0,male,1,220363.0,16,RENT,12500.0,HOMEIMPROVEMENT,5.42,0.06,11.0,544,0
55.0,male,3,35692.0,31,OWN,5000.0,PERSONAL,15.33,0.14,22.0,594,0
49.0,male,2,126735.0,28,MORTGAGE,11000.0,DEBTCONSOLIDATION,9.32,0.09,13.0,690,0
45.0,male,2,43970.0,25,RENT,10000.0,MEDICAL,11.11,0.23,11.0,719,0
51.0,female,5,802050.0,26,MORTGAGE,10000.0,PERSONAL,13.98,0.01,22.0,760,0
39.0,male,4,37076.0,14,RENT,7675.0,HOMEIMPROVEMENT,16.0,0.21,16.0,688,1
45.0,female,3,63513.0,24,RENT,1500.0,MEDICAL,8.94,0.02,13.0,674,0
34.0,male,1,205136.0,14,MORTGAGE,33571.0,PERSONAL,10.37,0.16,9.0,663,0
44.0,male,3,90949.0,20,MORTGAGE,15393.0,MEDICAL,14.36,0.17,11.0,723,1
46.0,female,2,62512.0,25,MORTGAGE,10000.0,PERSONAL,7.51,0.16,17.0,628,0
39.0,male,3,41724.0,16,RENT,14000.0,HOMEIMPROVEMENT,17.58,0.34,16.0,740,1
45.0,male,2,39263.0,26,RENT,8000.0,DEBTCONSOLIDATION,10.99,0.2,12.0,682,0
42.0,female,1,36781.0,19,RENT,8000.0,VENTURE,14.96,0.22,15.0,592,0
48.0,female,2,111685.0,25,RENT,4800.0,PERSONAL,7.88,0.04,17.0,701,0
35.0,female,1,337011.0,10,MORTGAGE,21600.0,HOMEIMPROVEMENT,12.99,0.06,8.0,640,0
43.0,male,1,321399.0,20,MORTGAGE,21000.0,DEBTCONSOLIDATION,12.69,0.07,13.0,645,0
60.0,male,2,12247.0,40,RENT,2800.0,DEBTCONSOLIDATION,10.99,0.23,28.0,713,1
42.0,male,1,39907.0,19,RENT,8875.0,DEBTCONSOLIDATION,16.29,0.22,16.0,673,1
44.0,male,3,74278.0,24,RENT,10000.0,PERSONAL,15.96,0.13,15.0,657,0
48.0,male,4,23868.0,28,OWN,7000.0,EDUCATION,11.01,0.29,12.0,747,1
40.0,female,2,28699.0,17,RENT,1500.0,MEDICAL,7.29,0.05,16.0,656,0
44.0,female,1,96092.0,23,RENT,3000.0,HOMEIMPROVEMENT,5.79,0.03,11.0,632,0
37.0,male,2,211146.0,15,MORTGAGE,6500.0,MEDICAL,13.35,0.03,17.0,699,0
47.0,male,3,214334.0,23,OWN,9000.0,VENTURE,10.99,0.04,17.0,695,0
38.0,female,2,149530.0,18,MORTGAGE,12000.0,EDUCATION,6.92,0.08,14.0,736,0
65.0,female,3,45496.0,44,RENT,10775.0,EDUCATION,13.82,0.24,25.0,628,0
42.0,male,1,192642.0,21,MORTGAGE,22000.0,MEDICAL,6.99,0.11,16.0,691,0
38.0,male,3,114955.0,19,OWN,14000.0,VENTURE,17.74,0.12,17.0,686,0
42.0,male,2,151217.0,22,MORTGAGE,35000.0,VENTURE,7.9,0.23,17.0,675,0
35.0,male,1,45251.0,14,RENT,17000.0,MEDICAL,13.49,0.38,10.0,707,1
28.0,female,4,87415.0,10,MORTGAGE,28000.0,EDUCATION,15.96,0.32,10.0,549,0
41.0,male,3,38067.0,18,RENT,9250.0,HOMEIMPROVEMENT,16.49,0.24,13.0,685,1
45.0,female,1,41000.0,21,RENT,11300.0,VENTURE,12.17,0.28,11.0,650,1
34.0,female,1,187822.0,13,RENT,35000.0,EDUCATION,11.01,0.19,5.0,598,0
40.0,male,2,18474.0,18,OWN,8000.0,HOMEIMPROVEMENT,7.14,0.43,12.0,487,1
36.0,male,1,18192.0,14,OWN,7000.0,DEBTCONSOLIDATION,5.42,0.38,16.0,694,1
52.0,male,4,37117.0,28,RENT,5000.0,VENTURE,12.73,0.13,18.0,656,0
48.0,male,2,51736.0,25,MORTGAGE,14400.0,DEBTCONSOLIDATION,12.87,0.28,17.0,724,1
41.0,male,4,26391.0,18,RENT,5500.0,MEDICAL,5.79,0.21,14.0,662,0
36.0,female,2,301178.0,15,RENT,20000.0,DEBTCONSOLIDATION,7.88,0.07,17.0,690,0
38.0,male,1,11103.0,17,RENT,2635.0,DEBTCONSOLIDATION,10.06,0.24,15.0,709,1
44.0,female,2,46867.0,19,MORTGAGE,2500.0,HOMEIMPROVEMENT,11.01,0.05,17.0,609,0
31.0,female,4,366794.0,8,MORTGAGE,35000.0,HOMEIMPROVEMENT,17.58,0.1,10.0,657,0
45.0,male,5,45165.0,25,RENT,20000.0,HOMEIMPROVEMENT,11.71,0.44,15.0,579,1
43.0,male,3,480837.0,21,MORTGAGE,28000.0,HOMEIMPROVEMENT,9.91,0.06,11.0,702,0
51.0,male,3,63741.0,29,RENT,9200.0,VENTURE,13.61,0.14,24.0,712,0
38.0,female,3,376616.0,18,MORTGAGE,21600.0,DEBTCONSOLIDATION,11.01,0.06,16.0,630,0
43.0,female,1,52504.0,22,OWN,15000.0,EDUCATION,8.88,0.29,13.0,684,0
26.0,male,4,157279.0,3,MORTGAGE,35000.0,PERSONAL,18.25,0.22,4.0,693,0
44.0,male,1,252856.0,23,MORTGAGE,25000.0,VENTURE,10.37,0.1,14.0,685,0
28.0,male,3,320081.0,4,MORTGAGE,9000.0,PERSONAL,5.42,0.03,10.0,676,0
42.0,female,4,193109.0,19,OWN,24000.0,VENTURE,7.3,0.12,17.0,721,0
46.0,male,2,97254.0,24,MORTGAGE,20000.0,HOMEIMPROVEMENT,14.54,0.21,13.0,643,0
50.0,female,1,82734.0,26,MORTGAGE,10000.0,PERSONAL,11.49,0.12,16.0,594,0
38.0,male,1,41719.0,17,OWN,11000.0,HOMEIMPROVEMENT,13.98,0.26,17.0,564,0
53.0,female,2,111599.0,31,MORTGAGE,15000.0,PERSONAL,11.12,0.13,22.0,682,0
39.0,female,1,197813.0,16,MORTGAGE,35000.0,VENTURE,13.99,0.18,14.0,647,0
27.0,male,3,310552.0,3,RENT,35000.0,EDUCATION,18.64,0.11,10.0,588,1
43.0,male,1,44004.0,20,RENT,9000.0,MEDICAL,5.79,0.2,17.0,636,0
36.0,female,3,145274.0,15,MORTGAGE,30000.0,MEDICAL,6.62,0.21,11.0,578,0
48.0,female,1,44229.0,28,RENT,10000.0,MEDICAL,12.87,0.23,23.0,709,0
34.0,female,1,47692.0,10,RENT,23500.0,EDUCATION,11.06,0.49,13.0,646,1
49.0,male,5,115237.0,28,MORTGAGE,7500.0,DEBTCONSOLIDATION,6.03,0.07,13.0,581,0
44.0,male,1,97195.0,19,MORTGAGE,8000.0,MEDICAL,10.38,0.08,16.0,669,0
53.0,female,4,61102.0,31,MORTGAGE,4500.0,PERSONAL,11.01,0.07,18.0,646,0
46.0,female,5,57399.0,25,MORTGAGE,6000.0,VENTURE,7.14,0.1,15.0,690,0
47.0,male,1,78164.0,25,RENT,10000.0,EDUCATION,11.01,0.13,14.0,640,0
42.0,male,2,85056.0,21,RENT,12000.0,PERSONAL,11.01,0.14,17.0,703,0
40.0,male,1,192484.0,19,MORTGAGE,12000.0,EDUCATION,14.27,0.06,17.0,679,0
47.0,male,2,1621992.0,27,MORTGAGE,6835.0,MEDICAL,7.66,0.0,17.0,555,0
47.0,male,3,15590.0,23,OWN,1950.0,MEDICAL,12.69,0.13,12.0,645,1
38.0,female,5,75526.0,15,RENT,7000.0,EDUCATION,10.62,0.09,14.0,704,0
34.0,female,2,166557.0,13,MORTGAGE,2400.0,HOMEIMPROVEMENT,19.91,0.01,7.0,695,1
49.0,female,1,28851.0,25,RENT,3250.0,PERSONAL,15.21,0.11,12.0,681,0
49.0,female,2,90896.0,31,MORTGAGE,15600.0,DEBTCONSOLIDATION,17.27,0.17,11.0,717,1
39.0,male,1,8000.0,15,RENT,1267.0,EDUCATION,12.16,0.16,16.0,640,1
45.0,male,1,54395.0,24,RENT,20000.0,VENTURE,16.61,0.37,13.0,680,1
47.0,female,3,293584.0,20,RENT,9000.0,HOMEIMPROVEMENT,13.61,0.03,11.0,679,0
41.0,female,4,8000.0,15,RENT,2000.0,MEDICAL,13.22,0.25,15.0,737,1
48.0,male,2,145233.0,28,MORTGAGE,29700.0,MEDICAL,9.42,0.2,20.0,672,0
48.0,male,1,24526.0,26,RENT,2000.0,PERSONAL,13.47,0.08,12.0,508,0
37.0,female,2,41176.0,17,RENT,8400.0,VENTURE,13.92,0.2,17.0,727,0
44.0,male,1,39562.0,21,RENT,4500.0,MEDICAL,7.47,0.11,12.0,551,0
64.0,male,3,56272.0,44,RENT,4800.0,PERSONAL,11.09,0.09,24.0,759,0
41.0,male,3,75551.0,20,RENT,14000.0,HOMEIMPROVEMENT,8.9,0.19,17.0,651,0
28.0,male,5,48128.0,4,MORTGAGE,25000.0,DEBTCONSOLIDATION,11.31,0.52,6.0,666,0
24.0,female,4,106518.0,0,RENT,29645.0,MEDICAL,17.07,0.28,3.0,653,1
47.0,male,2,145033.0,24,MORTGAGE,15000.0,EDUCATION,10.99,0.1,12.0,703,0
36.0,male,4,60964.0,14,MORTGAGE,5000.0,PERSONAL,7.51,0.08,16.0,487,0
48.0,male,2,48801.0,27,RENT,8050.0,DEBTCONSOLIDATION,12.98,0.16,13.0,646,0
43.0,female,1,61066.0,21,RENT,8000.0,HOMEIMPROVEMENT,7.49,0.13,16.0,503,0
45.0,male,4,57093.0,22,MORTGAGE,7500.0,EDUCATION,6.72,0.13,12.0,694,0
44.0,female,3,169912.0,19,MORTGAGE,35000.0,MEDICAL,16.49,0.21,15.0,634,1
57.0,male,1,94019.0,35,RENT,6625.0,PERSONAL,7.66,0.07,27.0,670,0
39.0,male,2,49797.0,14,RENT,14000.0,MEDICAL,16.0,0.28,17.0,712,1
36.0,male,3,84049.0,13,RENT,35000.0,VENTURE,11.01,0.42,15.0,700,1
45.0,male,3,47061.0,22,RENT,1000.0,DEBTCONSOLIDATION,14.72,0.02,12.0,706,0
62.0,male,4,21156.0,40,RENT,2500.0,VENTURE,6.91,0.12,24.0,704,0
40.0,female,4,180802.0,17,MORTGAGE,24000.0,MEDICAL,6.62,0.13,14.0,724,0
36.0,male,4,58605.0,14,RENT,20000.0,MEDICAL,13.61,0.34,14.0,503,1
61.0,male,1,178312.0,35,MORTGAGE,24000.0,DEBTCONSOLIDATION,10.38,0.13,20.0,720,1
43.0,male,1,90946.0,20,RENT,12000.0,HOMEIMPROVEMENT,7.9,0.13,16.0,721,0
38.0,female,1,48756.0,18,MORTGAGE,10000.0,PERSONAL,5.99,0.21,17.0,616,0
46.0,male,2,87513.0,23,RENT,17000.0,HOMEIMPROVEMENT,8.88,0.19,14.0,678,0
52.0,male,2,196732.0,27,MORTGAGE,25000.0,PERSONAL,14.11,0.13,30.0,630,1
40.0,male,2,101912.0,18,MORTGAGE,17925.0,HOMEIMPROVEMENT,14.26,0.18,16.0,605,0
22.0,female,1,102985.0,0,RENT,35000.0,VENTURE,10.37,0.34,4.0,621,1
48.0,female,1,65937.0,26,MORTGAGE,2000.0,HOMEIMPROVEMENT,5.99,0.03,16.0,666,0
40.0,male,4,104301.0,20,MORTGAGE,8217.0,EDUCATION,7.91,0.08,17.0,742,1
45.0,female,2,90464.0,22,RENT,1500.0,MEDICAL,13.61,0.02,13.0,710,0
48.0,male,1,71782.0,25,RENT,6000.0,EDUCATION,5.99,0.08,12.0,604,0
47.0,male,2,65551.0,26,MORTGAGE,15000.0,HOMEIMPROVEMENT,11.71,0.23,16.0,613,0
39.0,male,4,67085.0,16,RENT,24000.0,DEBTCONSOLIDATION,12.53,0.36,12.0,705,1
37.0,male,5,48857.0,16,RENT,1800.0,MEDICAL,9.63,0.04,13.0,723,0
22.0,male,3,51608.0,0,RENT,25000.0,MEDICAL,14.59,0.48,2.0,593,1
48.0,female,4,85032.0,25,MORTGAGE,9000.0,HOMEIMPROVEMENT,14.54,0.11,17.0,694,0
42.0,male,1,433052.0,21,MORTGAGE,25000.0,EDUCATION,9.99,0.06,14.0,575,0
43.0,male,4,171866.0,20,MORTGAGE,20000.0,MEDICAL,11.49,0.12,15.0,670,0
64.0,female,1,126989.0,41,RENT,20000.0,HOMEIMPROVEMENT,18.64,0.16,30.0,631,0
46.0,male,3,111253.0,24,MORTGAGE,12925.0,EDUCATION,11.01,0.12,17.0,687,0
52.0,male,1,58544.0,32,RENT,11000.0,MEDICAL,12.73,0.19,22.0,684,0
22.0,male,1,73493.0,0,MORTGAGE,35000.0,MEDICAL,16.89,0.48,3.0,616,1
50.0,female,4,43578.0,28,RENT,4600.0,MEDICAL,12.23,0.11,13.0,677,0
37.0,male,3,490621.0,16,RENT,6000.0,EDUCATION,12.61,0.01,13.0,699,0
37.0,male,2,217803.0,16,MORTGAGE,20000.0,MEDICAL,13.86,0.09,17.0,688,0
25.0,female,2,115787.0,3,MORTGAGE,35000.0,EDUCATION,7.67,0.3,4.0,494,0
41.0,female,4,322597.0,18,MORTGAGE,24000.0,PERSONAL,10.37,0.07,11.0,683,0
40.0,male,2,199346.0,18,MORTGAGE,9000.0,DEBTCONSOLIDATION,7.51,0.05,16.0,620,0
38.0,female,5,120904.0,16,OWN,25000.0,MEDICAL,14.96,0.21,11.0,610,0
52.0,male,2,120827.0,27,OWN,10000.0,PERSONAL,9.88,0.08,25.0,695,0
41.0,female,3,57348.0,20,RENT,25000.0,VENTURE,12.47,0.44,15.0,556,1
31.0,female,3,663415.0,10,RENT,8000.0,PERSONAL,7.29,0.01,10.0,587,0
53.0,male,3,66909.0,30,RENT,9500.0,HOMEIMPROVEMENT,5.42,0.14,26.0,644,0
45.0,male,2,252929.0,22,MORTGAGE,12000.0,DEBTCONSOLIDATION,9.63,0.05,12.0,542,0
50.0,female,1,142680.0,25,RENT,24250.0,EDUCATION,13.92,0.17,12.0,630,1
44.0,female,4,131867.0,21,MORTGAGE,12800.0,MEDICAL,13.79,0.1,12.0,704,0
52.0,male,1,864746.0,28,MORTGAGE,7925.0,PERSONAL,8.94,0.01,30.0,702,0
41.0,male,1,136826.0,18,RENT,12000.0,PERSONAL,16.0,0.09,15.0,645,1
46.0,male,1,81395.0,27,MORTGAGE,24028.0,EDUCATION,11.1,0.3,12.0,617,0
24.0,female,1,82443.0,0,RENT,33000.0,HOMEIMPROVEMENT,12.68,0.4,3.0,654,1
40.0,male,2,367833.0,18,MORTGAGE,15663.0,VENTURE,11.59,0.04,17.0,633,0
42.0,male,1,600928.0,17,OWN,24000.0,MEDICAL,18.43,0.04,11.0,667,1
37.0,male,1,79134.0,14,RENT,20000.0,HOMEIMPROVEMENT,16.71,0.25,17.0,635,1
39.0,female,2,103153.0,19,RENT,12000.0,HOMEIMPROVEMENT,7.14,0.12,13.0,479,0
39.0,female,5,39978.0,16,RENT,2400.0,PERSONAL,8.88,0.06,17.0,698,0
21.0,female,4,29948.0,0,RENT,13000.0,VENTURE,15.7,0.43,3.0,703,1
39.0,male,5,37116.0,16,RENT,5500.0,EDUCATION,12.6,0.15,12.0,736,0
37.0,male,2,1081139.0,15,MORTGAGE,25000.0,PERSONAL,12.87,0.02,13.0,625,0
60.0,female,1,2280980.0,37,MORTGAGE,1500.0,PERSONAL,11.01,0.0,21.0,682,0
48.0,female,1,25622.0,27,RENT,12000.0,MEDICAL,7.49,0.47,12.0,656,1
59.0,female,3,66850.0,38,MORTGAGE,1000.0,PERSONAL,10.59,0.01,29.0,693,0
44.0,male,2,43059.0,26,RENT,10825.0,DEBTCONSOLIDATION,10.65,0.25,12.0,702,1
44.0,male,4,30460.0,20,RENT,9750.0,VENTURE,16.77,0.32,15.0,671,1
46.0,female,1,40759.0,25,MORTGAGE,12000.0,MEDICAL,11.01,0.29,14.0,634,1
48.0,male,1,37139.0,25,RENT,5000.0,VENTURE,13.0,0.13,16.0,668,0
42.0,male,3,151000.0,20,MORTGAGE,35000.0,MEDICAL,7.9,0.23,12.0,742,0
38.0,female,3,42894.0,12,MORTGAGE,13075.0,DEBTCONSOLIDATION,7.29,0.3,16.0,700,0
44.0,male,1,83209.0,23,MORTGAGE,14300.0,PERSONAL,15.31,0.17,17.0,527,0
24.0,female,3,89984.0,2,OWN,35000.0,DEBTCONSOLIDATION,20.0,0.39,3.0,639,1
41.0,male,1,102867.0,21,RENT,3000.0,PERSONAL,13.49,0.03,17.0,632,0
46.0,female,1,63567.0,21,RENT,17000.0,HOMEIMPROVEMENT,8.71,0.27,15.0,665,1
30.0,male,2,420652.0,4,OWN,32000.0,PERSONAL,6.62,0.08,7.0,592,0
27.0,male,2,361226.0,5,MORTGAGE,35000.0,DEBTCONSOLIDATION,11.01,0.1,8.0,675,0
53.0,female,1,54806.0,31,RENT,5600.0,PERSONAL,13.79,0.1,28.0,605,0
47.0,female,3,187927.0,23,MORTGAGE,18000.0,EDUCATION,11.99,0.1,17.0,677,0
50.0,male,3,55772.0,26,MORTGAGE,5000.0,PERSONAL,7.9,0.09,16.0,687,0
24.0,male,4,97134.0,1,MORTGAGE,35000.0,PERSONAL,11.01,0.36,5.0,701,0
41.0,male,1,106476.0,23,MORTGAGE,4000.0,HOMEIMPROVEMENT,7.14,0.04,17.0,633,0
43.0,female,1,60828.0,15,RENT,9500.0,HOMEIMPROVEMENT,9.88,0.16,15.0,490,0
43.0,male,1,166259.0,17,MORTGAGE,9902.0,EDUCATION,6.97,0.06,14.0,715,0
42.0,male,1,100105.0,19,RENT,2575.0,DEBTCONSOLIDATION,6.76,0.03,11.0,699,0
41.0,male,2,216865.0,18,OWN,14000.0,MEDICAL,5.99,0.06,11.0,694,0
65.0,male,1,91852.0,45,RENT,35000.0,HOMEIMPROVEMENT,10.99,0.38,28.0,686,1
28.0,female,4,325368.0,9,MORTGAGE,25000.0,MEDICAL,17.88,0.08,6.0,614,1
38.0,male,5,182476.0,15,MORTGAGE,35000.0,DEBTCONSOLIDATION,8.9,0.19,12.0,700,0
39.0,female,2,118979.0,17,MORTGAGE,25000.0,HOMEIMPROVEMENT,18.26,0.21,15.0,498,1
41.0,female,5,92297.0,14,MORTGAGE,4800.0,HOMEIMPROVEMENT,5.42,0.05,16.0,702,0
43.0,male,1,37011.0,21,RENT,11525.0,PERSONAL,13.57,0.31,17.0,588,1
42.0,male,1,28403.0,22,RENT,10000.0,EDUCATION,10.99,0.35,17.0,650,1
54.0,female,1,25099.0,34,RENT,5000.0,DEBTCONSOLIDATION,11.01,0.2,19.0,685,0
40.0,male,1,52945.0,15,OWN,15000.0,MEDICAL,16.0,0.28,16.0,635,0
26.0,male,1,119037.0,4,MORTGAGE,35000.0,VENTURE,13.28,0.29,7.0,632,1
41.0,male,2,136590.0,19,RENT,12000.0,VENTURE,16.0,0.09,15.0,672,1
45.0,male,1,148367.0,18,RENT,14000.0,EDUCATION,11.01,0.09,17.0,643,1
64.0,male,1,29576.0,41,RENT,3000.0,MEDICAL,6.99,0.1,21.0,708,0
49.0,male,2,132921.0,25,MORTGAGE,3000.0,HOMEIMPROVEMENT,7.51,0.02,16.0,701,0
56.0,male,3,87228.0,35,OWN,7425.0,PERSONAL,9.99,0.09,22.0,628,0
33.0,male,1,166773.0,10,RENT,35000.0,PERSONAL,18.64,0.21,7.0,664,1
43.0,female,1,65705.0,22,RENT,9000.0,HOMEIMPROVEMENT,15.65,0.14,16.0,628,1
43.0,male,1,109118.0,21,RENT,10400.0,DEBTCONSOLIDATION,11.49,0.1,14.0,573,0
30.0,male,3,324650.0,5,MORTGAGE,35000.0,HOMEIMPROVEMENT,19.69,0.11,8.0,601,0
46.0,male,2,1741243.0,22,MORTGAGE,12011.0,VENTURE,10.42,0.01,18.0,655,0
38.0,female,2,89972.0,17,MORTGAGE,18000.0,DEBTCONSOLIDATION,14.35,0.2,17.0,537,0
40.0,male,1,118587.0,16,RENT,25000.0,DEBTCONSOLIDATION,19.04,0.21,16.0,584,1
41.0,male,1,59760.0,20,RENT,25000.0,HOMEIMPROVEMENT,17.04,0.42,13.0,606,1
60.0,male,3,55787.0,37,RENT,20000.0,DEBTCONSOLIDATION,10.0,0.36,22.0,710,1
48.0,male,3,63227.0,23,OWN,9600.0,EDUCATION,9.6,0.15,20.0,641,0
26.0,male,5,293525.0,5,MORTGAGE,11635.0,DEBTCONSOLIDATION,15.81,0.04,4.0,689,1
49.0,female,5,35836.0,26,RENT,6979.0,PERSONAL,7.83,0.19,19.0,730,0
42.0,female,1,90062.0,17,MORTGAGE,16000.0,PERSONAL,12.73,0.18,16.0,678,0
29.0,female,3,534783.0,5,MORTGAGE,25000.0,PERSONAL,9.62,0.05,5.0,577,0
37.0,male,1,16000.0,16,RENT,4000.0,VENTURE,9.99,0.25,13.0,724,1
48.0,male,1,65847.0,23,MORTGAGE,8000.0,HOMEIMPROVEMENT,12.75,0.12,19.0,716,0
42.0,male,1,42874.0,18,RENT,3500.0,MEDICAL,12.68,0.08,16.0,712,0
45.0,male,2,54847.0,24,MORTGAGE,15625.0,PERSONAL,8.9,0.28,13.0,591,0
48.0,female,1,48805.0,24,RENT,20000.0,VENTURE,7.49,0.41,12.0,687,1
58.0,female,2,34009.0,33,RENT,3500.0,HOMEIMPROVEMENT,16.0,0.1,21.0,672,1
43.0,male,3,366106.0,21,MORTGAGE,20000.0,VENTURE,16.65,0.05,13.0,630,0
46.0,female,4,204842.0,21,MORTGAGE,7200.0,HOMEIMPROVEMENT,9.91,0.04,12.0,691,0
44.0,male,5,58662.0,19,MORTGAGE,5000.0,HOMEIMPROVEMENT,12.78,0.09,15.0,728,0
43.0,female,1,44554.0,21,MORTGAGE,5000.0,VENTURE,10.01,0.11,17.0,701,0
54.0,female,1,41397.0,32,RENT,1000.0,DEBTCONSOLIDATION,10.65,0.02,29.0,702,1
27.0,female,1,96837.0,4,MORTGAGE,35000.0,PERSONAL,11.01,0.36,8.0,535,0
53.0,male,1,55455.0,29,MORTGAGE,5961.0,VENTURE,12.35,0.11,22.0,597,0
58.0,male,4,87630.0,35,RENT,4500.0,HOMEIMPROVEMENT,11.01,0.05,23.0,725,0
50.0,male,2,145406.0,29,MORTGAGE,5575.0,VENTURE,15.2,0.04,17.0,651,0
33.0,male,1,93590.0,14,OWN,29238.0,PERSONAL,17.27,0.31,9.0,606,0
37.0,male,5,601266.0,13,MORTGAGE,20000.0,DEBTCONSOLIDATION,13.45,0.03,9.0,692,0
42.0,male,2,253083.0,21,MORTGAGE,16598.0,PERSONAL,12.38,0.07,12.0,697,0
73.0,male,3,90678.0,47,RENT,7800.0,MEDICAL,11.01,0.09,24.0,696,0
42.0,male,5,51459.0,21,RENT,4200.0,PERSONAL,13.35,0.08,17.0,616,0
46.0,male,1,129529.0,23,OWN,4000.0,VENTURE,13.49,0.03,14.0,669,0
31.0,female,1,40149.0,4,RENT,20500.0,DEBTCONSOLIDATION,11.03,0.51,6.0,614,1
34.0,male,5,478482.0,10,MORTGAGE,14000.0,MEDICAL,14.61,0.03,5.0,604,1
42.0,male,3,117375.0,18,MORTGAGE,1500.0,PERSONAL,15.96,0.01,16.0,683,0
61.0,female,3,108960.0,38,RENT,10000.0,MEDICAL,5.79,0.09,20.0,702,0
45.0,female,1,66581.0,23,RENT,6000.0,MEDICAL,11.01,0.09,17.0,621,0
47.0,male,1,22924.0,22,RENT,2000.0,MEDICAL,7.29,0.09,11.0,674,0
57.0,male,2,32365.0,37,RENT,2500.0,PERSONAL,13.48,0.08,18.0,632,0
43.0,male,1,78852.0,20,RENT,5000.0,MEDICAL,9.62,0.06,16.0,613,0
50.0,male,1,83774.0,28,RENT,15000.0,DEBTCONSOLIDATION,11.01,0.18,17.0,693,1
41.0,male,2,96842.0,19,OWN,17000.0,VENTURE,11.01,0.18,16.0,557,0
29.0,female,2,577111.0,9,MORTGAGE,6500.0,MEDICAL,5.42,0.01,6.0,581,0
47.0,male,5,49018.0,21,RENT,3600.0,EDUCATION,7.95,0.07,18.0,727,0
38.0,male,4,483809.0,13,MORTGAGE,30631.0,MEDICAL,11.76,0.06,10.0,619,1
43.0,female,2,216774.0,19,MORTGAGE,6000.0,HOMEIMPROVEMENT,14.27,0.03,17.0,663,0
48.0,female,1,36950.0,21,RENT,6000.0,DEBTCONSOLIDATION,12.42,0.16,12.0,656,1
26.0,female,5,56325.0,2,RENT,25000.0,DEBTCONSOLIDATION,11.86,0.44,4.0,690,1
40.0,male,2,361012.0,18,MORTGAGE,16000.0,VENTURE,14.17,0.04,14.0,579,0
41.0,female,3,49018.0,17,MORTGAGE,1200.0,VENTURE,15.21,0.02,16.0,726,0
46.0,male,1,73021.0,20,RENT,15000.0,HOMEIMPROVEMENT,16.32,0.21,16.0,629,0
69.0,male,3,45454.0,49,RENT,10750.0,MEDICAL,14.59,0.24,27.0,770,0
30.0,female,1,321293.0,7,MORTGAGE,25000.0,HOMEIMPROVEMENT,10.36,0.08,9.0,674,0
41.0,female,2,32925.0,21,MORTGAGE,10300.0,PERSONAL,16.29,0.31,14.0,661,1
22.0,male,1,45716.0,0,RENT,20000.0,DEBTCONSOLIDATION,16.69,0.44,3.0,447,1
40.0,male,2,138034.0,18,MORTGAGE,35000.0,DEBTCONSOLIDATION,8.9,0.25,14.0,598,0
42.0,male,3,721514.0,19,OTHER,25000.0,EDUCATION,14.74,0.03,11.0,696,0
47.0,male,2,85012.0,25,RENT,9000.0,EDUCATION,12.87,0.11,14.0,658,0
43.0,female,2,15583.0,22,RENT,4111.0,MEDICAL,10.84,0.26,13.0,532,1
37.0,female,5,29650.0,11,RENT,5000.0,VENTURE,14.65,0.17,14.0,724,0
29.0,female,1,138406.0,7,MORTGAGE,30000.0,DEBTCONSOLIDATION,19.29,0.22,6.0,547,1
58.0,male,4,936965.0,36,MORTGAGE,4500.0,PERSONAL,6.91,0.0,20.0,772,0
30.0,male,3,18002.0,7,OWN,9250.0,HOMEIMPROVEMENT,14.96,0.51,10.0,683,1
43.0,male,2,135511.0,24,MORTGAGE,25000.0,PERSONAL,14.96,0.18,16.0,562,0
41.0,male,5,70274.0,18,MORTGAGE,15000.0,PERSONAL,9.62,0.21,12.0,676,0
46.0,male,1,73014.0,23,MORTGAGE,5000.0,EDUCATION,11.75,0.07,14.0,520,0
45.0,male,2,33267.0,26,RENT,6000.0,MEDICAL,6.49,0.18,13.0,574,1
36.0,male,5,1440982.0,15,OWN,10000.0,MEDICAL,6.54,0.01,11.0,682,0
42.0,female,2,33684.0,17,RENT,9000.0,MEDICAL,11.11,0.27,16.0,701,1
36.0,female,1,1081254.0,14,MORTGAGE,6000.0,PERSONAL,11.01,0.01,12.0,600,0
43.0,female,1,49831.0,22,MORTGAGE,6000.0,MEDICAL,13.22,0.12,16.0,627,0
37.0,female,3,24889.0,16,RENT,10000.0,EDUCATION,17.14,0.4,11.0,716,1
31.0,female,4,313322.0,11,MORTGAGE,27130.0,MEDICAL,7.52,0.09,7.0,674,0
44.0,male,1,1728974.0,20,MORTGAGE,6400.0,DEBTCONSOLIDATION,7.4,0.0,15.0,573,0
40.0,male,2,213440.0,14,MORTGAGE,24784.0,DEBTCONSOLIDATION,11.01,0.12,17.0,635,1
41.0,female,1,114769.0,19,MORTGAGE,25000.0,PERSONAL,11.01,0.22,12.0,648,0
41.0,male,2,38380.0,19,RENT,8000.0,VENTURE,10.38,0.21,17.0,691,0
37.0,female,4,113863.0,16,RENT,25000.0,HOMEIMPROVEMENT,13.11,0.22,16.0,741,1
39.0,female,1,850679.0,18,MORTGAGE,25000.0,DEBTCONSOLIDATION,12.18,0.03,12.0,668,0
46.0,female,2,106941.0,25,MORTGAGE,30000.0,MEDICAL,18.39,0.28,16.0,744,1
60.0,female,2,35675.0,35,RENT,2500.0,HOMEIMPROVEMENT,15.33,0.07,27.0,650,1
49.0,male,2,93545.0,27,MORTGAGE,16000.0,DEBTCONSOLIDATION,14.09,0.17,12.0,643,1
51.0,female,1,54939.0,25,RENT,16000.0,DEBTCONSOLIDATION,7.9,0.29,19.0,560,1
38.0,female,2,156842.0,17,MORTGAGE,30000.0,DEBTCONSOLIDATION,9.91,0.19,11.0,619,0
62.0,male,1,73064.0,41,MORTGAGE,16000.0,PERSONAL,8.9,0.22,19.0,667,0
27.0,female,2,127479.0,4,MORTGAGE,34121.0,EDUCATION,17.44,0.27,5.0,587,1
48.0,male,2,23925.0,25,OWN,7000.0,MEDICAL,11.01,0.29,16.0,669,1
44.0,female,2,89271.0,26,OWN,20000.0,VENTURE,12.18,0.22,17.0,738,0
37.0,female,3,106582.0,18,RENT,25000.0,EDUCATION,19.66,0.23,15.0,750,1
29.0,male,1,115055.0,6,MORTGAGE,35000.0,VENTURE,7.9,0.3,8.0,678,0
45.0,male,3,57744.0,25,RENT,15000.0,MEDICAL,16.4,0.26,11.0,712,1
41.0,male,4,38175.0,22,RENT,3700.0,MEDICAL,16.32,0.1,17.0,632,1
42.0,female,3,78378.0,19,MORTGAGE,30000.0,MEDICAL,19.03,0.38,14.0,687,1
32.0,female,1,1440746.0,6,MORTGAGE,12000.0,VENTURE,7.51,0.01,8.0,613,0
41.0,male,1,170189.0,18,MORTGAGE,6000.0,VENTURE,11.15,0.04,15.0,658,0
52.0,male,4,63133.0,30,RENT,10000.0,DEBTCONSOLIDATION,11.03,0.16,29.0,721,0
43.0,male,2,184295.0,20,MORTGAGE,25000.0,EDUCATION,20.0,0.14,15.0,720,1
34.0,male,3,330971.0,13,MORTGAGE,25000.0,VENTURE,16.32,0.08,9.0,632,0
49.0,female,1,97223.0,27,RENT,4800.0,HOMEIMPROVEMENT,7.88,0.05,15.0,547,0
48.0,male,4,50732.0,26,RENT,5000.0,MEDICAL,7.29,0.1,14.0,669,0
46.0,male,4,217194.0,24,MORTGAGE,18000.0,MEDICAL,9.91,0.08,12.0,585,0
35.0,female,3,420852.0,11,MORTGAGE,35000.0,VENTURE,17.49,0.08,7.0,676,0
40.0,female,3,1440915.0,19,MORTGAGE,10000.0,MEDICAL,11.01,0.01,16.0,637,0
45.0,female,1,66829.0,20,RENT,4000.0,PERSONAL,6.03,0.06,12.0,671,0
43.0,female,5,142435.0,18,MORTGAGE,8564.0,HOMEIMPROVEMENT,13.62,0.06,13.0,600,1
38.0,male,1,71350.0,16,RENT,21000.0,EDUCATION,12.73,0.29,16.0,681,1
45.0,male,3,103185.0,23,RENT,26000.0,PERSONAL,14.27,0.25,15.0,590,1
37.0,male,1,91564.0,14,MORTGAGE,28000.0,DEBTCONSOLIDATION,7.49,0.31,15.0,565,0
44.0,male,1,139036.0,20,MORTGAGE,12000.0,HOMEIMPROVEMENT,11.01,0.09,14.0,699,0
46.0,female,2,87268.0,26,RENT,17000.0,PERSONAL,8.88,0.19,15.0,573,0
22.0,male,4,85179.0,0,RENT,28840.0,EDUCATION,15.51,0.34,3.0,653,1
40.0,male,2,46499.0,17,RENT,7000.0,DEBTCONSOLIDATION,15.99,0.15,16.0,622,1
54.0,female,1,129725.0,34,RENT,10000.0,VENTURE,9.91,0.08,20.0,744,0
43.0,male,2,148671.0,19,MORTGAGE,14165.0,PERSONAL,11.48,0.1,16.0,678,1
49.0,male,3,91096.0,27,RENT,14300.0,MEDICAL,7.51,0.16,16.0,683,0
40.0,female,3,13475.0,17,RENT,3542.0,EDUCATION,11.44,0.26,15.0,673,1
61.0,female,1,192895.0,39,MORTGAGE,24000.0,PERSONAL,10.38,0.12,21.0,645,0
51.0,male,1,72922.0,29,MORTGAGE,8000.0,PERSONAL,13.48,0.11,23.0,579,0
36.0,male,1,96917.0,18,RENT,6000.0,HOMEIMPROVEMENT,12.87,0.06,16.0,469,0
57.0,male,2,69090.0,31,RENT,5000.0,PERSONAL,15.96,0.07,24.0,727,0
39.0,male,1,74362.0,15,MORTGAGE,14000.0,VENTURE,16.29,0.19,17.0,568,0
51.0,female,2,34474.0,29,RENT,8000.0,VENTURE,11.86,0.23,26.0,617,0
42.0,male,1,81443.0,18,RENT,22400.0,MEDICAL,14.11,0.28,11.0,712,1
52.0,female,4,55922.0,31,RENT,4928.0,EDUCATION,11.55,0.09,28.0,628,0
43.0,female,4,44050.0,23,RENT,10400.0,PERSONAL,7.66,0.24,14.0,715,0
32.0,female,2,384884.0,13,MORTGAGE,16447.0,PERSONAL,7.91,0.04,6.0,522,0
46.0,male,2,35456.0,25,MORTGAGE,10000.0,PERSONAL,11.58,0.28,11.0,577,0
37.0,male,1,37218.0,15,RENT,15000.0,PERSONAL,11.01,0.4,12.0,707,1
56.0,male,1,108901.0,34,MORTGAGE,7200.0,PERSONAL,6.17,0.07,19.0,720,0
48.0,female,3,145269.0,26,MORTGAGE,3600.0,DEBTCONSOLIDATION,11.01,0.02,17.0,659,0
24.0,male,3,106781.0,2,MORTGAGE,30000.0,DEBTCONSOLIDATION,18.62,0.28,3.0,680,1
47.0,female,5,45169.0,24,MORTGAGE,7400.0,PERSONAL,8.0,0.16,13.0,727,0
60.0,male,2,55982.0,36,RENT,20000.0,PERSONAL,10.0,0.36,20.0,647,1
30.0,female,4,736127.0,5,MORTGAGE,22079.0,MEDICAL,10.6,0.03,9.0,623,1
52.0,female,1,63233.0,30,MORTGAGE,17000.0,MEDICAL,7.88,0.27,18.0,601,1
33.0,male,3,735477.0,12,RENT,5950.0,DEBTCONSOLIDATION,12.73,0.01,10.0,578,0
47.0,male,2,115008.0,27,MORTGAGE,5000.0,EDUCATION,6.03,0.04,16.0,704,0
67.0,male,2,241126.0,45,MORTGAGE,3000.0,PERSONAL,10.28,0.01,26.0,708,0
41.0,male,4,29995.0,17,RENT,2000.0,PERSONAL,7.75,0.07,17.0,666,1
49.0,male,1,44123.0,26,RENT,4591.0,VENTURE,12.35,0.1,13.0,694,0
23.0,female,1,111369.0,0,RENT,35000.0,MEDICAL,20.0,0.31,4.0,694,1
27.0,male,4,115194.0,4,RENT,31431.0,VENTURE,13.82,0.27,4.0,728,1
40.0,female,2,51404.0,17,MORTGAGE,18000.0,MEDICAL,5.79,0.35,14.0,707,0
52.0,male,1,41628.0,28,RENT,8000.0,MEDICAL,9.25,0.19,25.0,613,0
41.0,female,2,34880.0,18,OWN,2000.0,EDUCATION,7.74,0.06,16.0,681,0
29.0,male,4,73150.0,6,MORTGAGE,25000.0,MEDICAL,20.0,0.34,10.0,630,1
48.0,female,4,53545.0,26,RENT,5850.0,MEDICAL,9.99,0.11,13.0,741,0
23.0,male,3,136628.0,0,RENT,35000.0,DEBTCONSOLIDATION,18.25,0.26,4.0,709,1
37.0,male,1,48132.0,14,RENT,4000.0,EDUCATION,14.65,0.08,15.0,470,1
25.0,male,4,270972.0,1,MORTGAGE,25000.0,VENTURE,18.67,0.09,2.0,640,0
32.0,male,1,687568.0,14,RENT,16000.0,MEDICAL,9.76,0.02,5.0,687,0
49.0,female,5,144902.0,26,MORTGAGE,12000.0,MEDICAL,10.99,0.08,12.0,717,0
50.0,female,1,83271.0,30,RENT,7500.0,VENTURE,10.33,0.09,15.0,685,0
43.0,female,5,60835.0,24,OWN,5000.0,MEDICAL,13.35,0.08,12.0,672,0
45.0,male,2,52002.0,25,MORTGAGE,7475.0,HOMEIMPROVEMENT,13.49,0.14,13.0,690,0
51.0,male,2,70414.0,28,RENT,1500.0,MEDICAL,19.03,0.02,24.0,731,1
37.0,female,5,73077.0,18,MORTGAGE,12000.0,EDUCATION,12.73,0.16,17.0,645,0
46.0,male,3,178543.0,25,RENT,24417.0,DEBTCONSOLIDATION,12.27,0.14,13.0,677,1
48.0,female,3,169175.0,26,MORTGAGE,18000.0,EDUCATION,9.99,0.11,11.0,672,0
51.0,male,1,118380.0,26,RENT,6000.0,PERSONAL,15.96,0.05,23.0,687,0
60.0,male,1,59850.0,36,OWN,12000.0,PERSONAL,13.79,0.2,30.0,619,0
40.0,male,5,73170.0,18,RENT,5000.0,EDUCATION,15.31,0.07,16.0,641,0
45.0,male,1,129973.0,23,RENT,4800.0,MEDICAL,12.23,0.04,11.0,612,0
32.0,male,4,330847.0,7,MORTGAGE,29274.0,VENTURE,11.42,0.09,9.0,689,0
40.0,female,1,23743.0,19,RENT,1800.0,VENTURE,11.99,0.08,13.0,564,0
66.0,male,1,360994.0,44,MORTGAGE,28000.0,PERSONAL,6.62,0.08,23.0,731,0
43.0,male,2,111338.0,18,MORTGAGE,15000.0,PERSONAL,9.82,0.13,17.0,560,0
60.0,male,2,38908.0,35,RENT,4650.0,DEBTCONSOLIDATION,13.23,0.12,27.0,671,0
38.0,male,2,240897.0,17,MORTGAGE,3000.0,PERSONAL,7.68,0.01,14.0,700,0
45.0,male,2,63731.0,25,MORTGAGE,14000.0,EDUCATION,11.01,0.22,16.0,648,0
41.0,male,5,26727.0,23,RENT,4000.0,MEDICAL,7.51,0.15,14.0,737,0
57.0,male,2,18747.0,34,MORTGAGE,3000.0,DEBTCONSOLIDATION,12.68,0.16,23.0,676,1
50.0,female,2,24124.0,26,RENT,4000.0,DEBTCONSOLIDATION,11.01,0.17,11.0,705,1
42.0,female,2,47263.0,17,RENT,13000.0,MEDICAL,11.01,0.28,17.0,674,1
33.0,male,3,13376.0,8,OWN,7200.0,VENTURE,6.03,0.54,8.0,715,1
24.0,male,2,80413.0,3,MORTGAGE,30000.0,MEDICAL,19.42,0.37,3.0,611,1
51.0,female,3,82135.0,25,MORTGAGE,15000.0,PERSONAL,13.11,0.18,27.0,669,0
38.0,female,1,35752.0,13,RENT,10000.0,DEBTCONSOLIDATION,11.01,0.28,16.0,711,1
30.0,male,2,360919.0,7,OWN,35000.0,VENTURE,10.59,0.1,5.0,658,0
39.0,female,1,121238.0,17,RENT,25000.0,MEDICAL,15.7,0.21,16.0,572,1
48.0,male,3,61156.0,26,RENT,10000.0,HOMEIMPROVEMENT,9.63,0.16,14.0,679,0
47.0,male,5,38638.0,23,RENT,6500.0,VENTURE,9.32,0.17,16.0,672,0
63.0,male,3,128089.0,43,MORTGAGE,11500.0,PERSONAL,12.98,0.09,23.0,682,0
45.0,female,2,131910.0,24,MORTGAGE,16000.0,DEBTCONSOLIDATION,6.79,0.12,14.0,655,0
49.0,male,4,78229.0,26,MORTGAGE,6625.0,HOMEIMPROVEMENT,18.25,0.08,16.0,714,0
24.0,female,2,100684.0,3,RENT,35000.0,PERSONAL,8.9,0.35,2.0,544,1
50.0,female,1,128164.0,29,MORTGAGE,10200.0,MEDICAL,9.32,0.08,15.0,709,0
37.0,male,2,103314.0,11,RENT,35000.0,DEBTCONSOLIDATION,8.9,0.34,17.0,642,1
22.0,male,3,23782.0,0,OWN,12000.0,VENTURE,5.42,0.5,2.0,635,1
42.0,female,3,78231.0,20,MORTGAGE,30000.0,MEDICAL,19.03,0.38,17.0,640,1
40.0,female,1,61978.0,18,MORTGAGE,6728.0,EDUCATION,16.36,0.11,12.0,709,0
39.0,male,1,62138.0,18,RENT,20000.0,PERSONAL,13.73,0.32,11.0,674,1
39.0,male,5,33181.0,15,RENT,4800.0,MEDICAL,8.56,0.14,13.0,716,0
38.0,male,1,192784.0,13,MORTGAGE,14000.0,EDUCATION,6.62,0.07,16.0,609,0
38.0,female,2,28716.0,15,RENT,10000.0,PERSONAL,13.42,0.35,16.0,655,1
49.0,male,1,60930.0,28,MORTGAGE,15850.0,PERSONAL,14.26,0.26,17.0,689,0
40.0,male,1,60856.0,21,RENT,2000.0,PERSONAL,11.49,0.03,17.0,662,0
47.0,female,1,29778.0,23,MORTGAGE,5100.0,HOMEIMPROVEMENT,11.01,0.17,16.0,710,0
40.0,male,4,28911.0,18,OWN,7750.0,MEDICAL,7.88,0.27,16.0,660,0
48.0,male,3,88835.0,23,MORTGAGE,10000.0,VENTURE,7.29,0.11,12.0,581,0
43.0,male,1,150908.0,25,RENT,3250.0,EDUCATION,7.49,0.02,16.0,700,0
39.0,female,5,51290.0,17,OWN,8000.0,PERSONAL,10.38,0.16,17.0,633,0
45.0,male,3,168573.0,25,OWN,9000.0,HOMEIMPROVEMENT,7.51,0.05,12.0,631,0
43.0,male,3,66705.0,22,RENT,11750.0,DEBTCONSOLIDATION,10.99,0.18,16.0,692,0
33.0,male,1,47897.0,12,RENT,15000.0,DEBTCONSOLIDATION,17.56,0.31,5.0,533,1
43.0,male,4,65706.0,24,RENT,3000.0,DEBTCONSOLIDATION,8.94,0.05,14.0,746,0
40.0,male,2,35760.0,17,RENT,10500.0,PERSONAL,7.51,0.29,16.0,610,1
43.0,male,2,67088.0,17,MORTGAGE,10000.0,VENTURE,6.03,0.15,17.0,610,0
44.0,female,1,45664.0,22,RENT,3500.0,MEDICAL,12.87,0.08,13.0,589,0
21.0,male,4,192646.0,0,MORTGAGE,30000.0,MEDICAL,15.62,0.16,2.0,631,1
38.0,female,3,72896.0,16,RENT,24000.0,PERSONAL,13.85,0.33,16.0,658,1
45.0,female,3,65948.0,24,RENT,19425.0,DEBTCONSOLIDATION,11.99,0.29,17.0,640,1
40.0,male,4,253004.0,15,MORTGAGE,20000.0,EDUCATION,6.17,0.08,17.0,655,0
32.0,female,5,283195.0,8,RENT,25000.0,PERSONAL,12.53,0.09,7.0,589,0
28.0,male,2,361403.0,5,MORTGAGE,35000.0,DEBTCONSOLIDATION,10.95,0.1,8.0,644,0
40.0,male,1,84857.0,19,MORTGAGE,11600.0,VENTURE,6.91,0.14,17.0,640,0
39.0,female,1,106935.0,19,MORTGAGE,25000.0,MEDICAL,18.3,0.23,13.0,644,1
34.0,female,3,677591.0,15,RENT,6000.0,MEDICAL,7.14,0.01,5.0,719,0
30.0,male,4,605611.0,9,RENT,3000.0,DEBTCONSOLIDATION,11.36,0.0,9.0,631,0
42.0,male,1,138729.0,20,MORTGAGE,2850.0,VENTURE,11.01,0.02,12.0,625,0
43.0,female,4,60747.0,18,MORTGAGE,16000.0,PERSONAL,13.49,0.26,13.0,706,0
47.0,male,2,46637.0,24,RENT,13000.0,MEDICAL,11.7,0.28,18.0,705,1
36.0,male,2,88349.0,13,MORTGAGE,8000.0,DEBTCONSOLIDATION,17.49,0.09,17.0,585,1
41.0,male,2,40720.0,19,RENT,11500.0,EDUCATION,12.98,0.28,15.0,641,1
40.0,female,1,130346.0,17,MORTGAGE,6000.0,DEBTCONSOLIDATION,17.27,0.05,16.0,637,1
44.0,female,2,58481.0,22,RENT,10000.0,VENTURE,11.88,0.17,16.0,714,0
36.0,male,5,48702.0,18,MORTGAGE,4000.0,EDUCATION,18.07,0.08,14.0,673,0
40.0,female,2,179191.0,20,MORTGAGE,5000.0,VENTURE,6.03,0.03,11.0,708,0
44.0,male,3,29677.0,21,MORTGAGE,7750.0,HOMEIMPROVEMENT,15.58,0.26,13.0,557,0
37.0,male,5,37207.0,14,RENT,10000.0,MEDICAL,9.25,0.27,16.0,675,1
26.0,male,1,39425.0,4,MORTGAGE,15000.0,MEDICAL,15.33,0.38,3.0,480,1
39.0,male,1,67282.0,18,RENT,24000.0,HOMEIMPROVEMENT,12.53,0.36,11.0,655,1
53.0,male,3,126993.0,29,RENT,12000.0,EDUCATION,6.91,0.09,23.0,614,0
58.0,male,1,103342.0,35,MORTGAGE,8000.0,PERSONAL,11.49,0.08,28.0,625,0
37.0,male,5,85096.0,15,MORTGAGE,5000.0,MEDICAL,11.02,0.06,16.0,675,0
58.0,male,1,54761.0,35,MORTGAGE,3500.0,PERSONAL,6.76,0.06,20.0,730,0
47.0,male,2,151897.0,23,RENT,10000.0,MEDICAL,6.91,0.07,17.0,662,0
40.0,female,2,41577.0,17,RENT,19275.0,EDUCATION,14.5,0.46,11.0,664,1
53.0,male,1,102906.0,28,RENT,8000.0,PERSONAL,7.74,0.08,26.0,686,0
27.0,male,2,138803.0,5,MORTGAGE,35000.0,DEBTCONSOLIDATION,17.98,0.25,6.0,642,1
52.0,male,2,35799.0,30,OWN,7000.0,PERSONAL,7.49,0.2,20.0,641,0
52.0,female,1,60964.0,29,RENT,18000.0,MEDICAL,14.59,0.3,25.0,623,1
23.0,male,2,57318.0,0,RENT,25000.0,VENTURE,17.93,0.44,2.0,679,1
32.0,female,3,124941.0,12,MORTGAGE,33000.0,PERSONAL,18.64,0.26,6.0,712,1
22.0,female,3,58868.0,0,RENT,30000.0,EDUCATION,18.39,0.51,2.0,606,1
47.0,male,4,57577.0,23,MORTGAGE,7500.0,PERSONAL,6.62,0.13,12.0,683,0
38.0,male,1,98472.0,17,RENT,24000.0,HOMEIMPROVEMENT,8.49,0.24,13.0,564,0
24.0,female,2,87894.0,3,MORTGAGE,35000.0,HOMEIMPROVEMENT,13.99,0.4,4.0,532,0
42.0,female,4,94822.0,21,MORTGAGE,20000.0,VENTURE,10.99,0.21,12.0,721,0
42.0,female,2,96969.0,22,RENT,35000.0,PERSONAL,11.43,0.36,15.0,583,1
32.0,male,4,35391.0,10,RENT,14500.0,PERSONAL,16.7,0.41,10.0,669,1
56.0,female,2,39886.0,32,RENT,8575.0,MEDICAL,7.51,0.21,18.0,694,0
57.0,female,1,96907.0,36,MORTGAGE,4800.0,VENTURE,12.03,0.05,18.0,689,0
51.0,male,1,70619.0,28,RENT,1500.0,MEDICAL,19.03,0.02,22.0,645,1
45.0,male,2,32255.0,19,RENT,10000.0,MEDICAL,8.49,0.31,13.0,620,1
37.0,female,2,48980.0,10,RENT,21137.0,EDUCATION,15.9,0.43,14.0,611,1
35.0,female,2,94669.0,13,MORTGAGE,30000.0,VENTURE,17.58,0.32,8.0,686,0
43.0,male,5,104234.0,21,MORTGAGE,10000.0,HOMEIMPROVEMENT,9.99,0.1,14.0,669,0
43.0,male,4,53689.0,24,OWN,8000.0,MEDICAL,9.32,0.15,15.0,660,0
39.0,male,5,139022.0,16,MORTGAGE,12500.0,DEBTCONSOLIDATION,6.54,0.09,11.0,677,0
54.0,male,1,65135.0,34,RENT,29850.0,HOMEIMPROVEMENT,11.01,0.46,28.0,637,1
49.0,male,2,180926.0,23,MORTGAGE,20000.0,EDUCATION,16.95,0.11,16.0,643,0
47.0,female,3,22535.0,24,RENT,3000.0,PERSONAL,5.98,0.13,14.0,718,1
24.0,male,4,139108.0,2,OWN,35000.0,DEBTCONSOLIDATION,16.89,0.25,4.0,666,0
41.0,female,1,132836.0,20,MORTGAGE,30000.0,VENTURE,9.91,0.23,11.0,624,0
48.0,male,3,180825.0,24,MORTGAGE,11341.0,HOMEIMPROVEMENT,11.04,0.06,11.0,514,0
42.0,female,5,29897.0,20,RENT,5000.0,EDUCATION,11.48,0.17,12.0,732,0
36.0,female,4,46976.0,15,RENT,2400.0,EDUCATION,18.39,0.05,13.0,562,0
50.0,female,3,102920.0,28,RENT,17500.0,HOMEIMPROVEMENT,13.49,0.17,17.0,653,0
47.0,male,1,58536.0,26,RENT,2500.0,MEDICAL,14.65,0.04,17.0,659,0
32.0,male,4,462976.0,11,MORTGAGE,19925.0,VENTURE,7.9,0.04,9.0,650,0
44.0,female,1,29953.0,20,OWN,5000.0,EDUCATION,14.74,0.17,15.0,597,0
26.0,male,3,58602.0,8,RENT,25000.0,VENTURE,18.43,0.43,2.0,595,1
45.0,male,1,24255.0,24,RENT,4000.0,VENTURE,10.0,0.16,15.0,665,1
45.0,male,3,57685.0,24,RENT,2800.0,MEDICAL,9.62,0.05,11.0,557,0
25.0,female,2,116543.0,1,MORTGAGE,35000.0,PERSONAL,18.25,0.3,2.0,681,0
43.0,male,5,82584.0,20,MORTGAGE,11200.0,EDUCATION,11.12,0.14,16.0,654,0
37.0,male,1,48834.0,15,OWN,15000.0,HOMEIMPROVEMENT,11.48,0.31,17.0,614,0
54.0,male,4,156093.0,29,MORTGAGE,9000.0,EDUCATION,11.49,0.06,24.0,548,1
40.0,female,2,63352.0,17,RENT,15000.0,EDUCATION,18.62,0.24,16.0,617,1
41.0,female,5,51588.0,18,RENT,3200.0,VENTURE,12.18,0.06,16.0,728,0
41.0,male,1,66869.0,18,RENT,1500.0,VENTURE,5.99,0.02,15.0,681,0
40.0,male,5,145219.0,22,MORTGAGE,9600.0,PERSONAL,10.59,0.07,14.0,588,0
59.0,male,2,45292.0,38,RENT,5457.0,DEBTCONSOLIDATION,15.84,0.12,20.0,697,1
55.0,female,3,90925.0,31,RENT,20000.0,MEDICAL,11.83,0.22,23.0,659,0
44.0,male,3,44165.0,23,MORTGAGE,1000.0,EDUCATION,7.51,0.02,17.0,691,0
43.0,male,2,22639.0,21,RENT,1111.0,PERSONAL,14.78,0.05,14.0,594,1
41.0,male,1,241503.0,20,MORTGAGE,1000.0,VENTURE,10.38,0.0,13.0,611,0
36.0,female,3,85317.0,16,MORTGAGE,30000.0,HOMEIMPROVEMENT,10.14,0.35,13.0,706,0
36.0,female,3,210062.0,11,RENT,20000.0,VENTURE,17.04,0.1,16.0,685,1
39.0,male,1,55190.0,18,MORTGAGE,12000.0,DEBTCONSOLIDATION,14.72,0.22,15.0,476,0
42.0,female,4,44327.0,18,RENT,9000.0,MEDICAL,6.19,0.2,15.0,659,0
34.0,female,3,93227.0,11,RENT,35000.0,DEBTCONSOLIDATION,18.25,0.38,10.0,602,1
42.0,male,1,2448661.0,16,RENT,8450.0,VENTURE,12.29,0.0,15.0,635,0
47.0,male,4,46967.0,27,RENT,22000.0,MEDICAL,18.78,0.47,17.0,661,1
23.0,female,1,38344.0,0,RENT,21199.0,DEBTCONSOLIDATION,12.53,0.55,4.0,653,1
32.0,male,1,27428.0,12,RENT,10000.0,MEDICAL,18.39,0.36,6.0,651,1
36.0,female,4,41155.0,14,OWN,15000.0,VENTURE,18.39,0.36,16.0,704,0
41.0,male,1,85001.0,20,RENT,12000.0,MEDICAL,6.28,0.14,14.0,608,0
41.0,male,2,46309.0,21,RENT,8875.0,DEBTCONSOLIDATION,19.03,0.19,11.0,654,0
34.0,male,2,344232.0,13,MORTGAGE,30000.0,VENTURE,6.62,0.09,6.0,594,0
60.0,male,4,106501.0,41,OWN,6000.0,PERSONAL,11.01,0.06,18.0,709,0
47.0,female,3,65383.0,27,MORTGAGE,15000.0,VENTURE,11.71,0.23,17.0,646,0
29.0,male,3,541155.0,4,MORTGAGE,25000.0,EDUCATION,15.37,0.05,7.0,683,0
45.0,male,1,100737.0,22,RENT,25000.0,EDUCATION,12.87,0.25,14.0,689,1
25.0,female,1,23386.0,3,RENT,12589.0,VENTURE,7.96,0.54,4.0,494,1
48.0,female,5,114872.0,22,MORTGAGE,7463.0,DEBTCONSOLIDATION,6.73,0.06,15.0,745,0
38.0,female,1,15187.0,15,OWN,4800.0,EDUCATION,7.29,0.32,12.0,540,1
54.0,female,1,155859.0,36,MORTGAGE,9000.0,EDUCATION,11.49,0.06,18.0,707,1
44.0,male,1,33505.0,24,RENT,1664.0,EDUCATION,8.08,0.05,15.0,665,0
39.0,female,3,391019.0,15,MORTGAGE,18000.0,PERSONAL,14.96,0.05,17.0,692,0
53.0,male,2,29562.0,26,RENT,4400.0,MEDICAL,12.42,0.15,23.0,732,0
38.0,male,2,46000.0,15,RENT,19750.0,VENTURE,13.92,0.43,16.0,585,1
47.0,female,1,65963.0,27,MORTGAGE,4000.0,DEBTCONSOLIDATION,11.58,0.06,11.0,662,0
46.0,female,5,60905.0,21,MORTGAGE,10000.0,DEBTCONSOLIDATION,9.98,0.16,14.0,723,0
43.0,male,2,58418.0,18,MORTGAGE,4500.0,VENTURE,5.42,0.08,14.0,710,0
41.0,male,2,159406.0,19,MORTGAGE,8000.0,DEBTCONSOLIDATION,13.49,0.05,17.0,714,0
59.0,male,1,51274.0,37,RENT,9600.0,PERSONAL,7.66,0.19,19.0,711,0
43.0,male,5,58727.0,23,RENT,5500.0,MEDICAL,12.61,0.09,17.0,756,0
53.0,male,3,37001.0,31,RENT,5000.0,VENTURE,12.66,0.14,19.0,699,0
43.0,male,5,96704.0,21,MORTGAGE,9800.0,VENTURE,5.99,0.1,17.0,706,0
39.0,male,1,55553.0,17,RENT,10000.0,PERSONAL,16.29,0.18,15.0,597,0
42.0,male,4,82866.0,21,MORTGAGE,5000.0,VENTURE,7.51,0.06,17.0,720,0
41.0,male,3,35777.0,18,RENT,9600.0,MEDICAL,13.49,0.27,16.0,634,1
41.0,male,1,29856.0,20,MORTGAGE,1500.0,MEDICAL,11.01,0.05,15.0,611,0
36.0,male,1,124428.0,15,RENT,20000.0,DEBTCONSOLIDATION,13.79,0.16,17.0,545,0
36.0,male,2,55879.0,17,MORTGAGE,10000.0,MEDICAL,13.49,0.18,16.0,507,0
42.0,male,3,60837.0,21,MORTGAGE,16000.0,VENTURE,12.98,0.26,13.0,720,0
41.0,male,3,301172.0,17,MORTGAGE,4881.0,VENTURE,10.46,0.02,13.0,727,0
50.0,female,2,84934.0,29,OWN,8000.0,VENTURE,9.32,0.09,17.0,645,0
42.0,female,2,111321.0,22,MORTGAGE,8599.0,MEDICAL,15.09,0.08,14.0,725,1
43.0,male,2,72723.0,19,RENT,2000.0,DEBTCONSOLIDATION,12.53,0.03,17.0,697,0
21.0,male,1,32379.0,1,MORTGAGE,14500.0,MEDICAL,14.61,0.45,2.0,499,1
45.0,female,1,37109.0,22,RENT,6000.0,VENTURE,12.46,0.16,11.0,679,1
52.0,male,2,86458.0,27,RENT,7000.0,EDUCATION,16.82,0.08,24.0,732,1
41.0,male,1,47172.0,21,RENT,8875.0,DEBTCONSOLIDATION,19.03,0.19,11.0,591,0
49.0,male,1,60899.0,25,MORTGAGE,10000.0,DEBTCONSOLIDATION,9.07,0.16,15.0,684,0
40.0,male,3,56040.0,20,RENT,20000.0,DEBTCONSOLIDATION,14.61,0.36,11.0,704,1
39.0,female,4,111293.0,14,MORTGAGE,20000.0,PERSONAL,14.79,0.18,16.0,648,0
66.0,male,1,51533.0,44,RENT,6475.0,MEDICAL,9.99,0.13,24.0,728,0
51.0,male,2,184501.0,27,RENT,25000.0,PERSONAL,15.58,0.14,23.0,707,1
45.0,male,2,29767.0,22,MORTGAGE,4000.0,VENTURE,13.49,0.13,13.0,619,0
65.0,male,1,112569.0,45,MORTGAGE,25000.0,PERSONAL,9.99,0.22,27.0,689,0
23.0,female,3,79753.0,0,RENT,35000.0,MEDICAL,15.23,0.44,2.0,675,1
37.0,female,1,18028.0,15,RENT,3000.0,VENTURE,13.61,0.17,17.0,686,1
54.0,male,1,78879.0,29,MORTGAGE,9600.0,PERSONAL,15.99,0.12,20.0,650,0
49.0,male,3,94392.0,23,MORTGAGE,8000.0,DEBTCONSOLIDATION,6.03,0.08,17.0,660,0
44.0,male,3,51835.0,19,MORTGAGE,13200.0,MEDICAL,6.17,0.25,14.0,609,0
38.0,female,5,46060.0,16,RENT,1375.0,VENTURE,6.91,0.03,11.0,686,0
37.0,male,3,97166.0,14,RENT,35000.0,HOMEIMPROVEMENT,11.99,0.36,17.0,637,1
24.0,female,4,45514.0,1,MORTGAGE,25000.0,MEDICAL,10.08,0.55,2.0,568,0
43.0,female,3,58391.0,21,RENT,15000.0,PERSONAL,12.42,0.26,12.0,735,1
35.0,male,3,498907.0,13,MORTGAGE,15500.0,HOMEIMPROVEMENT,16.45,0.03,10.0,713,0
48.0,female,1,60715.0,28,RENT,4000.0,EDUCATION,7.68,0.07,11.0,647,0
45.0,female,2,217025.0,24,MORTGAGE,10000.0,MEDICAL,5.99,0.05,11.0,708,0
50.0,female,2,23698.0,27,RENT,4000.0,EDUCATION,11.01,0.17,12.0,721,1
41.0,male,5,78785.0,15,MORTGAGE,22683.0,VENTURE,9.36,0.29,12.0,692,0
44.0,male,1,44192.0,22,MORTGAGE,1000.0,EDUCATION,7.51,0.02,14.0,541,0
38.0,male,1,29770.0,15,RENT,7200.0,MEDICAL,10.65,0.24,14.0,490,0
26.0,female,2,65667.0,0,MORTGAGE,24706.0,PERSONAL,16.71,0.38,6.0,523,1
30.0,female,4,447379.0,4,OWN,2400.0,HOMEIMPROVEMENT,10.99,0.01,5.0,594,0
33.0,male,1,469089.0,12,MORTGAGE,35000.0,MEDICAL,10.99,0.07,8.0,568,0
41.0,female,1,150888.0,20,MORTGAGE,14975.0,VENTURE,6.03,0.1,16.0,646,0
26.0,male,3,78977.0,0,RENT,28000.0,MEDICAL,7.9,0.35,7.0,517,1
38.0,male,2,846491.0,15,MORTGAGE,25000.0,PERSONAL,12.33,0.03,13.0,564,0
48.0,male,4,34607.0,23,MORTGAGE,7500.0,EDUCATION,7.74,0.22,17.0,679,0
36.0,male,2,27434.0,15,MORTGAGE,8000.0,EDUCATION,6.99,0.29,17.0,590,0
56.0,male,1,240491.0,36,MORTGAGE,2859.0,DEBTCONSOLIDATION,11.22,0.01,20.0,662,0
50.0,male,1,108660.0,28,MORTGAGE,24000.0,VENTURE,11.36,0.22,13.0,676,0
36.0,male,1,314855.0,14,MORTGAGE,24000.0,MEDICAL,10.62,0.08,16.0,611,1
36.0,male,2,66472.0,12,MORTGAGE,20500.0,VENTURE,6.91,0.31,17.0,618,0
50.0,male,3,37028.0,28,RENT,5000.0,VENTURE,12.84,0.14,15.0,703,0
41.0,male,1,111331.0,21,MORTGAGE,12000.0,EDUCATION,7.66,0.11,13.0,705,0
58.0,male,3,62551.0,33,RENT,13500.0,PERSONAL,11.58,0.22,21.0,750,0
42.0,male,2,119453.0,20,MORTGAGE,24250.0,MEDICAL,14.22,0.2,14.0,639,1
47.0,male,2,41714.0,20,RENT,1500.0,MEDICAL,12.2,0.04,21.0,574,0
42.0,female,1,100310.0,21,OTHER,12000.0,EDUCATION,16.16,0.12,14.0,665,1
29.0,male,3,49080.0,7,MORTGAGE,25000.0,HOMEIMPROVEMENT,11.86,0.51,6.0,714,0
26.0,male,3,72513.0,1,MORTGAGE,30304.0,EDUCATION,13.67,0.42,4.0,526,0
43.0,male,2,117911.0,24,MORTGAGE,24000.0,VENTURE,10.99,0.2,14.0,726,0
38.0,female,1,368127.0,16,MORTGAGE,15000.0,VENTURE,10.62,0.04,17.0,693,0
27.0,male,2,205080.0,3,RENT,25000.0,PERSONAL,16.32,0.12,10.0,435,0
40.0,male,2,60932.0,21,MORTGAGE,6000.0,PERSONAL,14.96,0.1,15.0,746,0
65.0,male,5,144872.0,42,MORTGAGE,12000.0,PERSONAL,11.48,0.08,21.0,719,0
41.0,male,5,72894.0,17,RENT,23800.0,HOMEIMPROVEMENT,6.91,0.33,15.0,755,1
55.0,male,2,117412.0,34,MORTGAGE,17000.0,PERSONAL,11.01,0.14,30.0,567,0
41.0,male,1,118503.0,16,MORTGAGE,5000.0,MEDICAL,10.99,0.04,17.0,539,0
51.0,male,1,101907.0,28,RENT,12000.0,HOMEIMPROVEMENT,7.49,0.12,23.0,674,0
34.0,female,2,342851.0,15,RENT,21000.0,EDUCATION,11.71,0.06,10.0,702,0
45.0,male,2,27752.0,25,RENT,2500.0,VENTURE,5.99,0.09,11.0,614,0
46.0,male,3,64475.0,21,MORTGAGE,2800.0,MEDICAL,6.76,0.04,14.0,700,0
34.0,female,5,207559.0,11,MORTGAGE,15000.0,PERSONAL,14.96,0.07,5.0,688,0
48.0,male,1,72593.0,24,RENT,25232.0,EDUCATION,10.11,0.35,18.0,593,1
51.0,female,3,45772.0,27,RENT,3000.0,MEDICAL,10.62,0.07,30.0,722,1
37.0,female,2,935136.0,14,MORTGAGE,7729.0,PERSONAL,11.88,0.01,15.0,627,0
27.0,male,2,310859.0,1,RENT,35000.0,EDUCATION,18.64,0.11,7.0,632,1
43.0,male,4,104075.0,18,MORTGAGE,2200.0,VENTURE,11.01,0.02,16.0,664,0
43.0,female,2,33461.0,21,RENT,13750.0,PERSONAL,15.31,0.41,15.0,676,1
49.0,male,2,51301.0,27,MORTGAGE,16750.0,EDUCATION,10.99,0.33,12.0,580,0
40.0,female,5,150893.0,17,MORTGAGE,10200.0,PERSONAL,7.49,0.07,13.0,711,0
51.0,male,5,85981.0,32,RENT,7000.0,VENTURE,11.01,0.08,21.0,712,0
48.0,female,1,66983.0,27,MORTGAGE,10000.0,HOMEIMPROVEMENT,11.01,0.15,11.0,734,0
60.0,male,1,118493.0,39,RENT,15000.0,HOMEIMPROVEMENT,16.29,0.13,29.0,637,1
52.0,male,3,78637.0,30,RENT,5000.0,PERSONAL,11.26,0.06,25.0,722,0
60.0,male,4,118615.0,39,RENT,15000.0,DEBTCONSOLIDATION,16.29,0.13,25.0,631,1
40.0,female,2,661036.0,17,MORTGAGE,8000.0,MEDICAL,10.75,0.01,14.0,643,0
24.0,female,1,95550.0,5,RENT,35000.0,MEDICAL,11.11,0.37,4.0,585,1
41.0,male,2,52607.0,19,OWN,22800.0,VENTURE,12.21,0.43,11.0,651,0
36.0,male,1,44299.0,13,OWN,10000.0,MEDICAL,16.29,0.23,17.0,586,0
46.0,female,2,59740.0,23,RENT,2800.0,MEDICAL,10.59,0.05,13.0,566,0
48.0,male,3,80016.0,23,MORTGAGE,12475.0,HOMEIMPROVEMENT,6.62,0.16,11.0,712,0
34.0,female,3,429091.0,12,MORTGAGE,14000.0,HOMEIMPROVEMENT,18.64,0.03,9.0,599,0
40.0,female,1,26297.0,17,RENT,5437.0,VENTURE,5.94,0.21,13.0,712,0
49.0,female,2,109015.0,23,RENT,12000.0,EDUCATION,11.01,0.11,16.0,649,0
52.0,female,4,838950.0,30,MORTGAGE,8794.0,DEBTCONSOLIDATION,11.05,0.01,27.0,684,0
35.0,female,4,59868.0,13,RENT,24000.0,DEBTCONSOLIDATION,15.2,0.4,10.0,594,1
29.0,female,3,577347.0,3,MORTGAGE,6500.0,DEBTCONSOLIDATION,5.42,0.01,9.0,686,0
50.0,male,4,51223.0,27,RENT,5000.0,MEDICAL,15.31,0.1,12.0,644,1
25.0,female,1,114038.0,7,MORTGAGE,35000.0,PERSONAL,7.49,0.31,3.0,597,0
43.0,male,1,82847.0,22,MORTGAGE,9600.0,VENTURE,13.49,0.12,16.0,642,1
39.0,male,2,37125.0,16,RENT,8450.0,VENTURE,5.99,0.23,16.0,525,0
23.0,male,1,68512.0,0,MORTGAGE,30000.0,MEDICAL,16.49,0.44,2.0,655,1
41.0,male,2,110099.0,20,MORTGAGE,2400.0,VENTURE,10.74,0.02,16.0,612,0
51.0,female,4,93491.0,29,MORTGAGE,15000.0,PERSONAL,9.99,0.16,20.0,690,0
54.0,male,3,48124.0,29,MORTGAGE,20000.0,PERSONAL,10.71,0.42,19.0,704,0
41.0,male,1,40562.0,18,OWN,1000.0,MEDICAL,7.29,0.02,17.0,642,0
44.0,male,1,118400.0,21,RENT,5000.0,HOMEIMPROVEMENT,15.96,0.04,13.0,683,0
44.0,male,1,211336.0,22,MORTGAGE,15000.0,HOMEIMPROVEMENT,7.66,0.07,17.0,684,0
48.0,male,2,84772.0,28,MORTGAGE,21600.0,HOMEIMPROVEMENT,7.51,0.25,11.0,664,0
36.0,female,2,108834.0,12,RENT,30000.0,PERSONAL,15.99,0.28,11.0,610,1
49.0,female,3,78671.0,31,MORTGAGE,10000.0,MEDICAL,16.49,0.13,12.0,562,1
52.0,male,1,103180.0,29,RENT,1000.0,MEDICAL,8.9,0.01,28.0,642,0
38.0,male,1,69252.0,14,RENT,15000.0,EDUCATION,16.66,0.22,16.0,527,0
63.0,female,4,45566.0,43,RENT,5450.0,DEBTCONSOLIDATION,15.96,0.12,22.0,662,1
42.0,female,1,31116.0,18,RENT,10000.0,HOMEIMPROVEMENT,14.84,0.32,14.0,671,1
48.0,female,1,72884.0,24,MORTGAGE,8000.0,MEDICAL,10.37,0.11,17.0,714,0
39.0,male,3,118804.0,18,MORTGAGE,35000.0,HOMEIMPROVEMENT,15.99,0.29,15.0,705,0
40.0,male,1,219227.0,20,MORTGAGE,25000.0,HOMEIMPROVEMENT,16.07,0.11,12.0,651,0
27.0,male,3,317610.0,5,MORTGAGE,35000.0,MEDICAL,11.01,0.11,5.0,585,0
34.0,male,5,94604.0,12,RENT,15000.0,DEBTCONSOLIDATION,16.4,0.16,5.0,743,1
45.0,male,1,133106.0,20,MORTGAGE,20000.0,PERSONAL,11.11,0.15,16.0,670,0
55.0,female,1,61739.0,34,RENT,8000.0,PERSONAL,5.79,0.13,26.0,587,0
65.0,male,1,70759.0,41,RENT,3000.0,EDUCATION,11.01,0.04,27.0,667,0
31.0,female,3,331294.0,9,MORTGAGE,30000.0,PERSONAL,10.59,0.09,8.0,672,0
30.0,female,3,31658.0,8,OWN,13595.0,VENTURE,12.23,0.43,9.0,465,0
23.0,male,3,333399.0,1,OWN,35000.0,PERSONAL,11.01,0.1,4.0,609,0
43.0,female,2,58357.0,22,MORTGAGE,10400.0,VENTURE,5.99,0.18,17.0,593,0
54.0,female,5,58468.0,28,OWN,6000.0,PERSONAL,8.0,0.1,20.0,730,0
44.0,female,3,403758.0,16,OWN,10856.0,VENTURE,11.74,0.03,14.0,635,0
53.0,male,2,366923.0,31,RENT,5000.0,VENTURE,8.88,0.01,29.0,699,0
36.0,male,2,516892.0,18,RENT,25000.0,VENTURE,13.8,0.05,16.0,663,0
46.0,male,4,404281.0,21,OWN,9000.0,EDUCATION,11.49,0.02,14.0,673,0
42.0,female,3,78733.0,22,OWN,22750.0,EDUCATION,8.9,0.29,12.0,613,0
26.0,male,4,81343.0,4,MORTGAGE,29000.0,VENTURE,7.51,0.36,2.0,564,0
45.0,male,1,28432.0,25,OWN,7000.0,PERSONAL,7.29,0.25,15.0,714,0
27.0,male,1,384783.0,5,MORTGAGE,28000.0,DEBTCONSOLIDATION,7.9,0.07,9.0,623,0
35.0,female,3,173681.0,11,MORTGAGE,35000.0,EDUCATION,11.01,0.2,9.0,477,0
36.0,male,1,149994.0,13,MORTGAGE,2000.0,DEBTCONSOLIDATION,12.99,0.01,16.0,685,0
50.0,male,2,71311.0,29,MORTGAGE,22000.0,MEDICAL,17.74,0.31,13.0,630,1
43.0,female,2,79035.0,17,MORTGAGE,24000.0,EDUCATION,10.99,0.3,13.0,702,0
27.0,female,3,116746.0,5,RENT,35000.0,VENTURE,17.49,0.3,4.0,675,1
46.0,female,1,128402.0,24,MORTGAGE,11500.0,EDUCATION,10.78,0.09,17.0,480,0
37.0,male,5,111164.0,13,MORTGAGE,5000.0,MEDICAL,19.47,0.04,16.0,685,1
45.0,male,1,58814.0,22,RENT,14400.0,PERSONAL,8.49,0.24,15.0,702,0
34.0,female,3,74814.0,13,RENT,30000.0,MEDICAL,11.71,0.4,8.0,719,1
42.0,male,2,220815.0,23,MORTGAGE,20000.0,DEBTCONSOLIDATION,12.61,0.09,17.0,747,0
44.0,female,1,72869.0,25,MORTGAGE,15000.0,HOMEIMPROVEMENT,11.01,0.21,11.0,611,0
39.0,female,1,29344.0,15,RENT,8500.0,DEBTCONSOLIDATION,7.49,0.29,12.0,547,1
45.0,female,4,72728.0,22,RENT,25000.0,DEBTCONSOLIDATION,9.99,0.34,16.0,696,1
45.0,male,5,169115.0,20,MORTGAGE,7500.0,HOMEIMPROVEMENT,6.62,0.04,15.0,635,0
44.0,female,5,113791.0,22,MORTGAGE,4400.0,DEBTCONSOLIDATION,7.29,0.04,13.0,722,0
44.0,male,2,82056.0,20,RENT,32400.0,HOMEIMPROVEMENT,11.01,0.39,13.0,638,1
26.0,female,3,84924.0,4,MORTGAGE,35000.0,VENTURE,7.9,0.41,2.0,612,0
28.0,male,5,48916.0,3,RENT,1000.0,PERSONAL,9.88,0.02,9.0,488,0
41.0,male,2,53245.0,22,RENT,15000.0,MEDICAL,12.73,0.28,15.0,729,1
34.0,female,1,271141.0,15,MORTGAGE,3000.0,MEDICAL,13.35,0.01,10.0,703,0
36.0,female,5,79452.0,15,MORTGAGE,8000.0,MEDICAL,7.29,0.1,13.0,716,0
43.0,male,5,34608.0,18,OWN,7500.0,EDUCATION,8.82,0.22,13.0,673,0
42.0,female,4,55147.0,24,RENT,18200.0,DEBTCONSOLIDATION,10.83,0.33,14.0,719,1
30.0,female,3,263825.0,7,MORTGAGE,35000.0,MEDICAL,19.69,0.13,9.0,670,1
44.0,female,3,121035.0,21,RENT,13500.0,EDUCATION,8.9,0.11,17.0,600,0
51.0,male,2,115261.0,32,RENT,6000.0,PERSONAL,5.99,0.05,28.0,687,0
43.0,female,2,118110.0,24,RENT,24000.0,VENTURE,10.99,0.2,11.0,720,0
39.0,female,1,432824.0,16,RENT,3000.0,PERSONAL,11.48,0.01,12.0,650,0
53.0,male,3,166538.0,34,RENT,15000.0,PERSONAL,12.69,0.09,21.0,715,1
42.0,male,2,46911.0,23,RENT,3000.0,MEDICAL,17.56,0.06,15.0,636,1
27.0,male,2,75161.0,2,RENT,30000.0,MEDICAL,17.92,0.4,3.0,649,1
45.0,male,2,51711.0,27,MORTGAGE,7475.0,VENTURE,13.49,0.14,15.0,672,0
26.0,male,1,32325.0,4,RENT,20050.0,EDUCATION,9.76,0.62,2.0,652,1
41.0,male,5,142960.0,18,MORTGAGE,28000.0,MEDICAL,11.71,0.2,13.0,707,0
22.0,male,4,114053.0,0,MORTGAGE,35000.0,PERSONAL,15.23,0.31,4.0,658,0
78.0,male,2,58463.0,57,RENT,3000.0,MEDICAL,7.51,0.05,25.0,754,0
46.0,male,2,73358.0,25,OWN,4100.0,EDUCATION,13.49,0.06,11.0,637,0
39.0,female,1,65825.0,16,MORTGAGE,25000.0,PERSONAL,11.49,0.38,16.0,618,0
38.0,male,2,37078.0,15,RENT,14400.0,HOMEIMPROVEMENT,12.8,0.39,17.0,654,1
31.0,male,2,330809.0,13,MORTGAGE,25000.0,PERSONAL,13.85,0.08,6.0,697,0
28.0,male,2,68134.0,2,RENT,29978.0,HOMEIMPROVEMENT,15.66,0.44,6.0,660,1
46.0,male,1,102734.0,23,OWN,5000.0,VENTURE,7.43,0.05,13.0,632,0
44.0,male,5,63317.0,21,MORTGAGE,6000.0,VENTURE,8.59,0.09,11.0,686,0
44.0,female,5,129728.0,19,RENT,4823.0,PERSONAL,12.09,0.04,11.0,714,0
46.0,male,4,22080.0,23,RENT,1500.0,HOMEIMPROVEMENT,11.14,0.07,13.0,700,1
44.0,male,5,63363.0,19,RENT,10000.0,MEDICAL,14.11,0.16,12.0,604,1
42.0,male,5,16684.0,19,RENT,2500.0,DEBTCONSOLIDATION,11.01,0.15,14.0,634,1
45.0,female,2,54908.0,26,MORTGAGE,14000.0,EDUCATION,6.62,0.25,12.0,581,0
47.0,male,2,1661567.0,22,MORTGAGE,6545.0,MEDICAL,7.65,0.0,17.0,622,0
42.0,male,2,64118.0,21,MORTGAGE,21000.0,PERSONAL,10.38,0.33,15.0,687,0
38.0,male,1,168975.0,17,MORTGAGE,25000.0,VENTURE,9.99,0.15,13.0,578,0
25.0,female,4,39289.0,4,MORTGAGE,22750.0,PERSONAL,6.17,0.58,4.0,703,0
36.0,female,2,447300.0,16,RENT,2000.0,DEBTCONSOLIDATION,11.01,0.0,14.0,638,1
47.0,male,4,102977.0,23,MORTGAGE,8000.0,HOMEIMPROVEMENT,7.55,0.08,21.0,610,0
41.0,male,1,56661.0,20,RENT,14525.0,PERSONAL,11.11,0.26,16.0,507,1
40.0,male,1,164525.0,18,MORTGAGE,21000.0,HOMEIMPROVEMENT,9.99,0.13,16.0,612,0
33.0,male,3,49019.0,9,RENT,21000.0,VENTURE,15.4,0.43,9.0,547,1
48.0,male,5,223150.0,25,MORTGAGE,10000.0,VENTURE,20.0,0.04,14.0,620,0
66.0,male,3,51412.0,45,RENT,6476.0,MEDICAL,10.05,0.13,24.0,733,0
42.0,female,2,381264.0,20,MORTGAGE,19400.0,PERSONAL,11.01,0.05,13.0,695,0
24.0,female,4,102793.0,3,MORTGAGE,35000.0,PERSONAL,11.01,0.34,2.0,536,0
43.0,female,2,67028.0,20,RENT,11750.0,MEDICAL,10.99,0.18,17.0,587,0
35.0,male,5,25251.0,11,RENT,8500.0,PERSONAL,13.57,0.34,10.0,724,1
36.0,male,1,73040.0,13,MORTGAGE,18200.0,VENTURE,18.25,0.25,15.0,631,0
39.0,female,1,180673.0,19,MORTGAGE,30000.0,EDUCATION,8.9,0.17,15.0,703,0
36.0,male,1,174705.0,13,MORTGAGE,5000.0,PERSONAL,9.62,0.03,16.0,711,0
22.0,male,1,23971.0,0,OWN,12000.0,PERSONAL,5.42,0.5,4.0,557,1
28.0,female,5,94580.0,5,RENT,24625.0,HOMEIMPROVEMENT,18.36,0.26,5.0,675,1
41.0,female,3,29951.0,15,RENT,4000.0,DEBTCONSOLIDATION,16.07,0.13,14.0,589,1
39.0,male,3,138776.0,15,MORTGAGE,25000.0,VENTURE,15.58,0.18,17.0,667,0
46.0,female,2,53558.0,21,RENT,1661.0,EDUCATION,13.12,0.03,16.0,708,0
76.0,female,3,90934.0,58,RENT,15000.0,MEDICAL,8.94,0.16,25.0,737,0
56.0,male,1,180925.0,34,MORTGAGE,15000.0,PERSONAL,11.48,0.08,28.0,682,0
44.0,male,1,58843.0,20,RENT,5000.0,MEDICAL,13.43,0.08,17.0,607,0
37.0,female,1,9850.0,15,RENT,1000.0,VENTURE,11.14,0.1,13.0,473,0
46.0,male,1,73557.0,25,RENT,10000.0,PERSONAL,8.94,0.14,17.0,681,0
39.0,female,2,241153.0,19,MORTGAGE,4800.0,PERSONAL,7.49,0.02,13.0,689,0
37.0,male,5,150122.0,16,MORTGAGE,30000.0,HOMEIMPROVEMENT,17.99,0.2,12.0,627,0
50.0,male,1,82777.0,26,MORTGAGE,10000.0,PERSONAL,11.49,0.12,13.0,697,0
37.0,female,2,103064.0,11,RENT,35000.0,HOMEIMPROVEMENT,8.9,0.34,17.0,656,1
42.0,male,1,37086.0,19,RENT,4200.0,DEBTCONSOLIDATION,7.49,0.11,13.0,545,0
38.0,female,2,156881.0,15,MORTGAGE,30000.0,HOMEIMPROVEMENT,9.91,0.19,14.0,702,0
54.0,female,2,204802.0,31,MORTGAGE,11000.0,PERSONAL,6.62,0.05,20.0,650,0
42.0,male,2,55221.0,19,RENT,18200.0,MEDICAL,10.83,0.33,16.0,597,1
45.0,female,5,41813.0,24,RENT,5000.0,EDUCATION,11.01,0.12,11.0,669,1
45.0,female,4,58750.0,26,RENT,10000.0,DEBTCONSOLIDATION,11.86,0.17,16.0,692,0
35.0,female,1,73413.0,14,MORTGAGE,25000.0,MEDICAL,16.82,0.34,5.0,638,1
44.0,female,4,35674.0,18,RENT,7200.0,DEBTCONSOLIDATION,11.71,0.2,17.0,642,0
50.0,male,1,180681.0,27,RENT,14000.0,DEBTCONSOLIDATION,6.91,0.08,12.0,634,0
35.0,female,2,82555.0,15,MORTGAGE,32000.0,PERSONAL,19.03,0.39,7.0,641,0
39.0,male,1,58418.0,16,RENT,10000.0,VENTURE,13.22,0.17,16.0,510,0
43.0,male,1,81547.0,19,RENT,4500.0,MEDICAL,5.42,0.06,13.0,590,0
46.0,male,1,73139.0,24,MORTGAGE,3600.0,EDUCATION,6.99,0.05,12.0,699,0
36.0,male,3,41073.0,12,RENT,13475.0,MEDICAL,15.68,0.33,15.0,669,1
40.0,female,3,39244.0,18,RENT,2500.0,HOMEIMPROVEMENT,7.99,0.06,16.0,531,1
41.0,male,5,96400.0,19,MORTGAGE,16000.0,PERSONAL,8.55,0.17,12.0,681,0
46.0,male,1,97461.0,24,RENT,14550.0,EDUCATION,8.94,0.15,11.0,577,0
29.0,female,2,346957.0,7,MORTGAGE,18107.0,MEDICAL,20.0,0.05,10.0,551,1
48.0,male,5,39711.0,23,MORTGAGE,15000.0,MEDICAL,9.63,0.38,17.0,723,0
24.0,male,1,53794.0,3,MORTGAGE,24748.0,DEBTCONSOLIDATION,14.27,0.46,2.0,624,1
44.0,male,5,52771.0,23,RENT,6000.0,MEDICAL,5.42,0.11,11.0,669,0
38.0,male,3,97036.0,14,RENT,1500.0,EDUCATION,11.49,0.02,16.0,503,0
42.0,male,1,27556.0,18,RENT,9000.0,PERSONAL,7.66,0.33,11.0,712,1
37.0,female,1,15152.0,18,RENT,4813.0,VENTURE,7.5,0.32,12.0,663,1
39.0,female,5,140265.0,18,RENT,8000.0,VENTURE,15.27,0.06,11.0,708,1
36.0,female,2,301021.0,16,MORTGAGE,20000.0,EDUCATION,7.88,0.07,17.0,593,0
44.0,female,1,46997.0,19,RENT,1000.0,EDUCATION,14.07,0.02,12.0,659,0
51.0,male,4,90677.0,28,MORTGAGE,3000.0,PERSONAL,13.49,0.03,18.0,713,0
49.0,female,2,55029.0,25,RENT,15000.0,DEBTCONSOLIDATION,13.49,0.27,12.0,705,1
30.0,male,2,724035.0,7,MORTGAGE,24623.0,PERSONAL,9.16,0.03,10.0,689,1
49.0,male,5,114922.0,25,MORTGAGE,3000.0,HOMEIMPROVEMENT,5.42,0.03,12.0,638,0
34.0,male,2,576590.0,9,MORTGAGE,14929.0,DEBTCONSOLIDATION,14.59,0.03,9.0,651,0
50.0,female,2,240876.0,31,RENT,7000.0,PERSONAL,10.99,0.03,15.0,676,0
41.0,male,2,121486.0,16,MORTGAGE,25000.0,DEBTCONSOLIDATION,14.91,0.21,16.0,680,1
61.0,male,1,193233.0,43,RENT,30000.0,PERSONAL,11.01,0.16,27.0,734,0
66.0,male,3,51470.0,44,RENT,6475.0,MEDICAL,9.99,0.13,30.0,600,0
52.0,male,1,74106.0,29,RENT,8525.0,PERSONAL,7.04,0.12,19.0,682,0
43.0,male,1,147882.0,21,MORTGAGE,9150.0,EDUCATION,6.03,0.06,12.0,608,0
55.0,female,2,110547.0,34,MORTGAGE,10000.0,PERSONAL,6.62,0.09,28.0,686,0
22.0,male,2,74832.0,3,MORTGAGE,30000.0,VENTURE,6.62,0.4,3.0,674,0
39.0,female,2,58488.0,16,RENT,20500.0,MEDICAL,14.59,0.35,16.0,654,1
38.0,male,1,121157.0,17,OWN,25000.0,HOMEIMPROVEMENT,14.96,0.21,13.0,594,0
41.0,male,1,18276.0,17,RENT,1800.0,PERSONAL,11.01,0.1,17.0,667,0
53.0,female,2,115026.0,31,OWN,6000.0,PERSONAL,5.42,0.05,30.0,609,0
38.0,male,5,132866.0,14,MORTGAGE,16000.0,PERSONAL,11.99,0.12,17.0,623,0
43.0,male,4,92035.0,19,MORTGAGE,9150.0,HOMEIMPROVEMENT,16.29,0.1,16.0,663,0
46.0,male,4,122864.0,24,MORTGAGE,15000.0,DEBTCONSOLIDATION,11.14,0.12,14.0,710,0
53.0,male,5,105115.0,31,RENT,15000.0,HOMEIMPROVEMENT,8.5,0.14,21.0,756,0
41.0,male,5,131635.0,18,MORTGAGE,12670.0,PERSONAL,12.77,0.1,11.0,714,0
42.0,female,2,36200.0,20,RENT,3450.0,MEDICAL,8.0,0.1,17.0,652,0
40.0,male,1,48879.0,18,OWN,13750.0,MEDICAL,8.88,0.28,16.0,635,0
50.0,female,3,47988.0,27,RENT,10000.0,VENTURE,5.99,0.21,12.0,686,0
56.0,female,4,109004.0,36,RENT,7200.0,DEBTCONSOLIDATION,6.17,0.07,20.0,736,0
41.0,male,1,458692.0,18,MORTGAGE,35000.0,PERSONAL,13.49,0.08,16.0,676,0
28.0,female,1,342893.0,6,MORTGAGE,25000.0,PERSONAL,16.32,0.07,6.0,669,0
40.0,female,4,20019.0,20,RENT,2375.0,MEDICAL,11.11,0.12,12.0,727,0
48.0,female,4,15353.0,27,RENT,4200.0,MEDICAL,11.01,0.27,14.0,650,1
45.0,male,2,150821.0,26,MORTGAGE,12000.0,HOMEIMPROVEMENT,6.03,0.08,14.0,712,0
40.0,female,2,56680.0,14,RENT,20000.0,DEBTCONSOLIDATION,14.61,0.35,13.0,540,1
42.0,male,1,119523.0,20,MORTGAGE,5043.0,VENTURE,14.26,0.04,14.0,665,0
44.0,female,1,144912.0,20,MORTGAGE,4000.0,VENTURE,11.01,0.03,14.0,699,0
36.0,male,3,59929.0,14,RENT,25000.0,PERSONAL,15.63,0.42,11.0,676,1
28.0,female,2,275769.0,4,MORTGAGE,35000.0,HOMEIMPROVEMENT,14.28,0.13,6.0,530,0
41.0,female,2,135525.0,18,MORTGAGE,25000.0,PERSONAL,10.48,0.18,14.0,696,0
30.0,male,2,98180.0,10,RENT,34000.0,DEBTCONSOLIDATION,10.59,0.35,8.0,649,1
62.0,female,1,80473.0,40,RENT,6000.0,EDUCATION,11.01,0.07,23.0,661,0
44.0,female,2,229542.0,26,MORTGAGE,8000.0,PERSONAL,13.16,0.03,15.0,648,0
23.0,female,1,43154.0,1,MORTGAGE,22550.0,EDUCATION,15.96,0.52,3.0,460,0
49.0,female,2,68231.0,29,MORTGAGE,15000.0,MEDICAL,11.01,0.22,13.0,576,1
41.0,female,1,36718.0,17,RENT,8875.0,PERSONAL,5.42,0.24,16.0,609,0
29.0,female,4,97064.0,7,RENT,35000.0,DEBTCONSOLIDATION,12.68,0.36,10.0,680,1
61.0,male,1,128603.0,41,MORTGAGE,11502.0,EDUCATION,12.44,0.09,22.0,741,0
56.0,female,2,85147.0,32,MORTGAGE,15000.0,PERSONAL,10.38,0.18,20.0,626,0
44.0,female,1,79064.0,20,RENT,5000.0,VENTURE,8.0,0.06,15.0,692,0
31.0,female,2,366786.0,2,MORTGAGE,35000.0,DEBTCONSOLIDATION,16.8,0.1,10.0,638,0
40.0,female,1,137915.0,18,MORTGAGE,6000.0,MEDICAL,5.42,0.04,17.0,675,0
46.0,female,5,127658.0,25,MORTGAGE,20700.0,HOMEIMPROVEMENT,17.43,0.16,12.0,713,0
44.0,female,1,74194.0,21,RENT,11000.0,DEBTCONSOLIDATION,16.02,0.15,12.0,619,1
21.0,male,1,42536.0,0,RENT,21000.0,VENTURE,12.53,0.49,4.0,687,1
25.0,male,3,541131.0,3,MORTGAGE,35000.0,DEBTCONSOLIDATION,11.11,0.06,4.0,532,0
33.0,male,3,121107.0,10,MORTGAGE,35000.0,PERSONAL,11.1,0.29,11.0,685,0
70.0,male,3,36838.0,47,RENT,1000.0,DEBTCONSOLIDATION,17.49,0.03,21.0,643,1
39.0,male,4,485461.0,16,MORTGAGE,35000.0,MEDICAL,11.01,0.07,11.0,668,1
38.0,female,5,79154.0,16,RENT,7000.0,MEDICAL,7.88,0.09,17.0,692,0
36.0,female,2,336807.0,12,RENT,5000.0,DEBTCONSOLIDATION,14.26,0.01,16.0,652,0
41.0,female,4,35383.0,23,RENT,6500.0,MEDICAL,12.69,0.18,15.0,673,0
94.0,male,1,29738.0,76,RENT,6500.0,MEDICAL,11.01,0.22,27.0,773,0
29.0,male,1,192792.0,5,RENT,35000.0,VENTURE,14.27,0.18,8.0,553,0
45.0,male,1,46026.0,19,MORTGAGE,5000.0,DEBTCONSOLIDATION,11.49,0.11,16.0,672,0
38.0,female,1,26352.0,15,MORTGAGE,3000.0,HOMEIMPROVEMENT,13.43,0.11,17.0,702,0
41.0,male,2,577228.0,17,MORTGAGE,16000.0,DEBTCONSOLIDATION,7.9,0.03,17.0,660,0
43.0,female,2,25238.0,19,OWN,5000.0,EDUCATION,7.14,0.2,15.0,704,0
49.0,female,3,85030.0,25,RENT,17000.0,EDUCATION,11.71,0.2,16.0,693,0
35.0,female,1,262431.0,13,RENT,7000.0,DEBTCONSOLIDATION,14.11,0.03,9.0,479,1
48.0,female,1,100996.0,26,RENT,10200.0,EDUCATION,5.79,0.1,14.0,505,0
33.0,female,3,493048.0,10,MORTGAGE,35000.0,HOMEIMPROVEMENT,10.37,0.07,5.0,657,0
32.0,male,1,15154.0,9,RENT,6200.0,EDUCATION,6.17,0.41,9.0,571,1
42.0,male,1,132624.0,22,RENT,6000.0,MEDICAL,8.9,0.05,14.0,701,0
35.0,female,2,915203.0,10,OWN,10000.0,MEDICAL,8.94,0.01,8.0,676,0
53.0,male,2,55194.0,29,RENT,5600.0,DEBTCONSOLIDATION,13.79,0.1,22.0,712,0
42.0,male,3,70453.0,22,RENT,7500.0,DEBTCONSOLIDATION,12.99,0.11,17.0,693,0
38.0,female,3,109211.0,17,MORTGAGE,25000.0,EDUCATION,11.01,0.23,17.0,674,0
33.0,male,4,427380.0,11,MORTGAGE,12780.0,VENTURE,17.61,0.03,9.0,675,0
47.0,female,1,144056.0,26,RENT,14250.0,PERSONAL,7.66,0.1,16.0,629,0
39.0,female,4,72867.0,18,MORTGAGE,15000.0,VENTURE,6.91,0.21,14.0,724,0
39.0,female,3,41713.0,18,RENT,19353.0,DEBTCONSOLIDATION,14.13,0.46,11.0,680,1
41.0,male,2,73224.0,20,MORTGAGE,16800.0,PERSONAL,17.99,0.23,16.0,694,0
33.0,male,3,93638.0,9,RENT,35000.0,DEBTCONSOLIDATION,8.49,0.37,9.0,564,1
43.0,male,2,117832.0,22,RENT,24000.0,PERSONAL,10.99,0.2,16.0,673,0
44.0,male,5,66709.0,20,RENT,9600.0,PERSONAL,11.26,0.14,16.0,666,0
41.0,male,1,80801.0,18,RENT,25000.0,EDUCATION,17.56,0.31,15.0,725,1
43.0,female,5,78467.0,21,RENT,5000.0,PERSONAL,10.11,0.06,18.0,715,0
45.0,male,1,271448.0,22,RENT,22200.0,PERSONAL,12.69,0.08,12.0,512,0
36.0,male,2,18005.0,16,RENT,5500.0,EDUCATION,17.56,0.31,11.0,677,1
28.0,female,5,74191.0,3,MORTGAGE,24250.0,PERSONAL,16.4,0.33,8.0,682,0
53.0,female,4,102846.0,30,RENT,8000.0,MEDICAL,7.74,0.08,28.0,751,0
47.0,male,4,35328.0,23,RENT,5000.0,EDUCATION,5.42,0.14,15.0,670,0
42.0,male,2,27464.0,20,RENT,1000.0,DEBTCONSOLIDATION,7.29,0.04,13.0,675,0
31.0,male,4,363682.0,7,MORTGAGE,35000.0,DEBTCONSOLIDATION,13.81,0.1,10.0,716,0
56.0,male,2,72214.0,31,RENT,10000.0,DEBTCONSOLIDATION,13.61,0.14,20.0,681,0
53.0,female,2,132972.0,32,RENT,6000.0,VENTURE,7.9,0.05,23.0,683,0
41.0,male,2,99377.0,19,MORTGAGE,12000.0,HOMEIMPROVEMENT,7.51,0.12,17.0,688,0
36.0,male,5,60930.0,16,OWN,15200.0,HOMEIMPROVEMENT,12.21,0.25,15.0,578,0
37.0,female,1,300843.0,15,MORTGAGE,34000.0,EDUCATION,14.79,0.11,16.0,658,0
38.0,female,2,135606.0,19,MORTGAGE,25000.0,EDUCATION,6.99,0.18,13.0,581,0
46.0,female,2,58915.0,24,MORTGAGE,9600.0,PERSONAL,11.01,0.16,17.0,647,0
40.0,female,2,198068.0,19,RENT,8000.0,DEBTCONSOLIDATION,11.01,0.04,17.0,673,0
57.0,male,2,85080.0,37,RENT,6600.0,VENTURE,10.99,0.08,21.0,692,0
42.0,male,1,135412.0,18,MORTGAGE,25000.0,PERSONAL,12.76,0.18,16.0,648,0
51.0,male,3,600734.0,33,MORTGAGE,20000.0,PERSONAL,10.37,0.03,19.0,683,0
44.0,male,1,44211.0,20,RENT,16000.0,PERSONAL,11.49,0.36,13.0,610,1
42.0,male,1,44251.0,23,RENT,11000.0,MEDICAL,11.97,0.25,16.0,669,1
42.0,male,5,26011.0,20,RENT,6400.0,VENTURE,11.14,0.25,14.0,614,0
58.0,female,2,24991.0,31,RENT,4000.0,EDUCATION,9.99,0.16,30.0,650,0
27.0,male,3,256673.0,8,MORTGAGE,35000.0,DEBTCONSOLIDATION,16.77,0.14,5.0,662,1
48.0,female,1,69069.0,26,MORTGAGE,15000.0,DEBTCONSOLIDATION,11.14,0.22,11.0,611,1
36.0,female,3,516694.0,15,RENT,25000.0,EDUCATION,13.8,0.05,11.0,513,0
45.0,female,5,80023.0,24,RENT,13650.0,HOMEIMPROVEMENT,12.42,0.17,11.0,669,0
41.0,male,4,108893.0,17,MORTGAGE,3000.0,PERSONAL,7.14,0.03,17.0,589,0
54.0,female,2,35824.0,31,MORTGAGE,2500.0,PERSONAL,11.71,0.07,28.0,626,0
24.0,male,2,361284.0,3,MORTGAGE,35000.0,DEBTCONSOLIDATION,9.99,0.1,3.0,574,0
55.0,female,1,61229.0,32,RENT,20000.0,DEBTCONSOLIDATION,7.51,0.33,28.0,705,1
47.0,male,2,274296.0,25,MORTGAGE,25000.0,MEDICAL,15.48,0.09,13.0,582,1
44.0,male,1,115034.0,18,MORTGAGE,7400.0,VENTURE,7.88,0.06,16.0,704,0
42.0,female,1,102828.0,21,RENT,5750.0,VENTURE,12.99,0.06,15.0,540,0
37.0,male,5,50008.0,15,OWN,4000.0,VENTURE,13.49,0.08,14.0,725,0
59.0,male,3,48675.0,37,MORTGAGE,3600.0,PERSONAL,7.49,0.07,24.0,618,0
36.0,female,1,54759.0,11,RENT,20000.0,MEDICAL,11.38,0.37,14.0,677,1
40.0,female,2,66294.0,19,RENT,3000.0,EDUCATION,16.89,0.05,15.0,602,1
49.0,male,1,87666.0,29,MORTGAGE,14825.0,VENTURE,6.03,0.17,12.0,703,0
47.0,male,3,45358.0,26,MORTGAGE,7400.0,HOMEIMPROVEMENT,8.0,0.16,15.0,717,0
29.0,male,1,274421.0,7,MORTGAGE,35000.0,DEBTCONSOLIDATION,14.91,0.13,8.0,645,1
47.0,male,2,50316.0,20,RENT,10000.0,MEDICAL,13.79,0.2,16.0,507,0
50.0,female,3,87049.0,26,MORTGAGE,8000.0,MEDICAL,11.49,0.09,14.0,735,0
31.0,female,1,330859.0,11,MORTGAGE,25000.0,VENTURE,13.85,0.08,7.0,616,0
45.0,male,2,74221.0,25,OWN,20000.0,MEDICAL,13.22,0.27,17.0,716,0
44.0,female,1,207311.0,24,MORTGAGE,25000.0,VENTURE,9.62,0.12,11.0,600,0
38.0,female,3,241127.0,17,MORTGAGE,3000.0,DEBTCONSOLIDATION,7.68,0.01,12.0,684,0
50.0,female,5,92903.0,29,RENT,20000.0,PERSONAL,11.99,0.22,17.0,730,0
36.0,male,2,186926.0,15,MORTGAGE,30000.0,MEDICAL,7.9,0.16,14.0,636,0
53.0,male,1,8000.0,30,OWN,1400.0,VENTURE,11.01,0.18,28.0,632,1
64.0,male,2,145028.0,44,MORTGAGE,20000.0,PERSONAL,11.11,0.14,25.0,644,0
36.0,female,2,118952.0,17,MORTGAGE,20000.0,PERSONAL,16.35,0.17,16.0,672,0
46.0,female,1,43051.0,24,RENT,4500.0,PERSONAL,12.68,0.1,13.0,615,0
26.0,male,3,156821.0,0,MORTGAGE,35000.0,EDUCATION,18.25,0.22,3.0,669,0
42.0,female,2,25540.0,18,RENT,2000.0,PERSONAL,20.0,0.08,13.0,713,0
46.0,female,1,114993.0,25,MORTGAGE,5000.0,MEDICAL,7.02,0.04,15.0,646,0
46.0,female,3,65814.0,24,RENT,10000.0,PERSONAL,11.71,0.15,15.0,698,1
48.0,female,3,59975.0,25,RENT,6000.0,EDUCATION,14.09,0.1,11.0,565,1
38.0,male,2,21480.0,16,OWN,1000.0,VENTURE,16.29,0.05,13.0,587,0
38.0,female,1,241072.0,19,MORTGAGE,20000.0,MEDICAL,11.48,0.08,11.0,487,0
36.0,male,4,188580.0,14,RENT,1800.0,HOMEIMPROVEMENT,8.0,0.01,16.0,641,0
21.0,female,2,24468.0,0,MORTGAGE,15000.0,EDUCATION,9.64,0.61,2.0,548,1
45.0,male,3,38539.0,24,RENT,4000.0,PERSONAL,14.96,0.1,17.0,697,0
41.0,male,2,114975.0,17,RENT,10000.0,VENTURE,16.49,0.09,16.0,508,0
51.0,male,1,75661.0,26,RENT,8000.0,VENTURE,11.01,0.11,30.0,698,0
40.0,female,1,89013.0,17,RENT,9975.0,VENTURE,16.29,0.11,16.0,617,1
48.0,male,4,68371.0,26,MORTGAGE,15000.0,DEBTCONSOLIDATION,6.99,0.22,14.0,629,0
46.0,male,2,57581.0,21,MORTGAGE,6000.0,PERSONAL,7.14,0.1,15.0,574,0
47.0,female,1,90829.0,22,RENT,14313.0,DEBTCONSOLIDATION,8.0,0.16,15.0,635,0
25.0,male,1,116029.0,0,MORTGAGE,35000.0,MEDICAL,19.29,0.3,2.0,650,1
44.0,male,3,61164.0,20,RENT,4500.0,PERSONAL,12.37,0.07,18.0,697,0
31.0,male,4,280740.0,9,MORTGAGE,25000.0,EDUCATION,17.6,0.09,11.0,612,1
36.0,male,1,181229.0,17,MORTGAGE,3000.0,EDUCATION,7.29,0.02,17.0,706,0
48.0,female,1,96955.0,30,MORTGAGE,7700.0,DEBTCONSOLIDATION,9.63,0.08,11.0,586,0
41.0,female,2,173710.0,18,MORTGAGE,25000.0,HOMEIMPROVEMENT,10.08,0.14,11.0,656,0
42.0,female,2,38544.0,22,MORTGAGE,7200.0,DEBTCONSOLIDATION,11.99,0.19,16.0,734,0
50.0,female,3,71472.0,25,MORTGAGE,22000.0,DEBTCONSOLIDATION,17.74,0.31,15.0,702,1
37.0,female,1,721223.0,12,OWN,16000.0,HOMEIMPROVEMENT,10.25,0.02,14.0,599,0
37.0,male,5,27096.0,16,RENT,3800.0,MEDICAL,11.01,0.14,11.0,550,1
43.0,female,1,28562.0,24,RENT,5075.0,MEDICAL,10.59,0.18,12.0,711,0
43.0,female,2,30903.0,16,RENT,8000.0,MEDICAL,11.99,0.26,17.0,603,1
44.0,female,4,140323.0,22,MORTGAGE,12562.0,PERSONAL,10.07,0.09,18.0,651,0
28.0,male,5,145004.0,4,MORTGAGE,5000.0,VENTURE,6.44,0.03,8.0,716,0
46.0,male,4,162912.0,21,RENT,8000.0,VENTURE,11.01,0.05,14.0,652,0
40.0,female,2,35041.0,18,OWN,12000.0,PERSONAL,16.0,0.34,14.0,654,0
42.0,female,1,74300.0,21,OWN,14400.0,PERSONAL,7.51,0.19,17.0,625,0
43.0,female,3,211614.0,19,RENT,7000.0,HOMEIMPROVEMENT,5.99,0.03,12.0,688,0
51.0,female,2,19036.0,30,RENT,1204.0,EDUCATION,11.01,0.06,20.0,624,1
52.0,male,2,79606.0,32,RENT,20000.0,PERSONAL,15.58,0.25,19.0,684,1
52.0,male,1,63561.0,26,MORTGAGE,10000.0,PERSONAL,11.01,0.16,29.0,669,0
45.0,male,2,37619.0,22,MORTGAGE,1000.0,MEDICAL,15.23,0.03,11.0,689,0
50.0,female,1,144907.0,28,RENT,12000.0,MEDICAL,9.62,0.08,12.0,653,0
39.0,male,2,67096.0,13,RENT,24000.0,DEBTCONSOLIDATION,12.53,0.36,15.0,592,1
84.0,male,1,114705.0,61,MORTGAGE,10000.0,PERSONAL,7.51,0.09,24.0,784,0
42.0,male,1,62353.0,21,MORTGAGE,20000.0,DEBTCONSOLIDATION,8.49,0.32,14.0,671,0
32.0,male,3,418378.0,8,MORTGAGE,25000.0,PERSONAL,11.83,0.06,10.0,576,0
37.0,male,1,231922.0,14,MORTGAGE,25600.0,DEBTCONSOLIDATION,5.99,0.11,17.0,620,0
44.0,male,3,75188.0,22,RENT,11022.0,DEBTCONSOLIDATION,8.35,0.15,16.0,712,0
41.0,male,1,63791.0,20,MORTGAGE,1500.0,DEBTCONSOLIDATION,8.32,0.02,14.0,587,0
36.0,female,4,61074.0,18,RENT,8000.0,PERSONAL,17.49,0.13,14.0,711,0
66.0,male,2,51628.0,45,RENT,6475.0,MEDICAL,9.99,0.13,25.0,719,0
52.0,male,1,78289.0,26,RENT,5000.0,EDUCATION,11.26,0.06,20.0,660,0
40.0,male,4,87868.0,17,RENT,25000.0,MEDICAL,18.17,0.28,13.0,544,1
22.0,female,4,79255.0,0,RENT,34000.0,EDUCATION,17.58,0.43,4.0,691,1
58.0,male,2,936815.0,37,MORTGAGE,4500.0,PERSONAL,6.91,0.0,19.0,658,0
46.0,female,1,216903.0,24,MORTGAGE,18000.0,VENTURE,9.91,0.08,11.0,649,0
37.0,female,5,55175.0,13,RENT,8000.0,EDUCATION,9.63,0.14,17.0,741,0
32.0,male,1,265048.0,9,MORTGAGE,33000.0,HOMEIMPROVEMENT,20.0,0.12,9.0,661,0
31.0,male,3,391303.0,9,MORTGAGE,10000.0,MEDICAL,5.99,0.03,7.0,680,0
24.0,female,3,114969.0,0,MORTGAGE,35000.0,EDUCATION,7.9,0.3,5.0,495,0
21.0,female,3,51922.0,3,RENT,25000.0,EDUCATION,12.73,0.48,3.0,673,1
38.0,male,1,116074.0,13,OWN,10000.0,VENTURE,19.06,0.09,14.0,579,0
45.0,male,5,142320.0,22,MORTGAGE,9600.0,EDUCATION,13.99,0.07,12.0,745,1
27.0,male,2,49045.0,5,RENT,20000.0,DEBTCONSOLIDATION,6.91,0.41,8.0,498,1
33.0,female,2,418534.0,9,MORTGAGE,24476.0,PERSONAL,11.8,0.06,11.0,645,0
37.0,male,1,60126.0,15,MORTGAGE,4000.0,MEDICAL,15.65,0.07,17.0,592,1
25.0,male,2,438914.0,2,MORTGAGE,35000.0,VENTURE,10.65,0.08,2.0,633,0
45.0,female,4,168861.0,25,MORTGAGE,7000.0,HOMEIMPROVEMENT,7.29,0.04,17.0,732,0
54.0,male,5,25180.0,32,RENT,5000.0,MEDICAL,11.01,0.2,28.0,661,0
41.0,male,2,132989.0,19,MORTGAGE,30000.0,VENTURE,9.91,0.23,17.0,687,0
42.0,male,2,132575.0,23,MORTGAGE,10800.0,VENTURE,14.27,0.08,17.0,664,0
40.0,female,2,151121.0,15,RENT,24250.0,DEBTCONSOLIDATION,11.01,0.16,17.0,653,0
55.0,female,1,94871.0,32,MORTGAGE,8000.0,DEBTCONSOLIDATION,11.01,0.08,29.0,649,1
36.0,male,1,300926.0,13,MORTGAGE,4000.0,VENTURE,7.14,0.01,12.0,679,0
49.0,female,1,61092.0,26,RENT,18000.0,PERSONAL,14.5,0.29,22.0,619,1
23.0,female,1,40632.0,0,RENT,20000.0,EDUCATION,16.0,0.49,2.0,649,1
44.0,male,3,21033.0,23,RENT,1200.0,DEBTCONSOLIDATION,7.66,0.06,14.0,657,0
41.0,male,3,122467.0,14,MORTGAGE,25000.0,VENTURE,16.62,0.2,13.0,529,1
42.0,female,4,88660.0,19,RENT,12000.0,MEDICAL,16.77,0.14,13.0,626,1
45.0,female,1,33430.0,20,MORTGAGE,6000.0,PERSONAL,5.99,0.18,13.0,649,1
36.0,male,1,207280.0,13,MORTGAGE,9400.0,MEDICAL,15.62,0.05,11.0,521,1
42.0,female,1,23056.0,16,RENT,1126.0,DEBTCONSOLIDATION,14.78,0.05,13.0,661,1
32.0,female,2,240961.0,8,RENT,35000.0,HOMEIMPROVEMENT,19.03,0.15,8.0,645,0
47.0,male,2,36963.0,25,RENT,3000.0,HOMEIMPROVEMENT,12.99,0.08,11.0,633,1
50.0,male,3,41760.0,30,RENT,5000.0,VENTURE,5.79,0.12,12.0,613,0
39.0,male,2,37502.0,18,RENT,10000.0,MEDICAL,15.7,0.27,15.0,646,1
58.0,male,4,1080918.0,40,RENT,19600.0,DEBTCONSOLIDATION,13.98,0.02,28.0,688,0
39.0,male,2,219667.0,19,RENT,12500.0,DEBTCONSOLIDATION,5.42,0.06,14.0,672,0
43.0,male,1,52602.0,23,MORTGAGE,15000.0,MEDICAL,8.88,0.29,12.0,682,0
37.0,female,3,49035.0,17,RENT,21250.0,VENTURE,12.99,0.43,16.0,654,1
50.0,female,3,53673.0,26,RENT,20000.0,MEDICAL,20.0,0.37,11.0,593,1
43.0,male,2,166768.0,23,MORTGAGE,9900.0,HOMEIMPROVEMENT,6.99,0.06,14.0,604,0
33.0,male,2,142831.0,11,MORTGAGE,35000.0,DEBTCONSOLIDATION,17.49,0.25,7.0,649,1
24.0,male,4,66135.0,1,RENT,35000.0,MEDICAL,14.27,0.53,4.0,586,1
46.0,male,3,127099.0,20,RENT,6000.0,EDUCATION,7.14,0.05,16.0,617,0
56.0,female,1,108575.0,32,MORTGAGE,7200.0,PERSONAL,6.17,0.07,21.0,683,0
23.0,male,1,129686.0,0,RENT,35000.0,DEBTCONSOLIDATION,16.48,0.27,4.0,672,1
53.0,female,1,49061.0,31,RENT,4000.0,VENTURE,12.99,0.08,22.0,697,0
35.0,female,5,24155.0,12,RENT,3676.0,VENTURE,8.49,0.15,7.0,728,1
42.0,male,1,136643.0,20,MORTGAGE,24000.0,EDUCATION,15.31,0.18,15.0,634,1
45.0,male,3,120721.0,23,MORTGAGE,10000.0,DEBTCONSOLIDATION,16.0,0.08,13.0,673,1
41.0,male,2,24070.0,21,RENT,2950.0,MEDICAL,16.49,0.12,12.0,639,1
42.0,male,2,269846.0,20,MORTGAGE,25000.0,EDUCATION,11.86,0.09,15.0,667,0
42.0,female,3,137533.0,20,MORTGAGE,19200.0,DEBTCONSOLIDATION,11.36,0.14,17.0,617,0
43.0,female,2,72986.0,22,MORTGAGE,9250.0,MEDICAL,5.79,0.13,17.0,713,0
38.0,male,1,44433.0,16,MORTGAGE,18000.0,VENTURE,10.38,0.41,13.0,697,0
47.0,male,1,58753.0,20,MORTGAGE,16750.0,MEDICAL,10.62,0.29,12.0,582,0
50.0,male,1,90968.0,27,RENT,5000.0,VENTURE,13.23,0.05,15.0,608,0
41.0,female,1,159629.0,20,MORTGAGE,7802.0,PERSONAL,11.03,0.05,17.0,641,0
44.0,male,1,703125.0,24,MORTGAGE,20000.0,MEDICAL,11.01,0.03,16.0,563,1
44.0,female,2,33160.0,22,RENT,1700.0,EDUCATION,6.99,0.05,15.0,708,0
41.0,male,5,65605.0,23,RENT,10000.0,MEDICAL,13.23,0.15,17.0,600,0
40.0,male,3,649823.0,16,MORTGAGE,35000.0,MEDICAL,15.99,0.05,11.0,614,1
37.0,female,3,361023.0,16,MORTGAGE,25000.0,EDUCATION,11.49,0.07,14.0,650,0
53.0,female,2,72980.0,32,RENT,4425.0,MEDICAL,8.9,0.06,29.0,690,0
42.0,male,1,51055.0,21,RENT,14500.0,EDUCATION,15.57,0.28,14.0,654,1
34.0,male,2,36765.0,11,MORTGAGE,18000.0,DEBTCONSOLIDATION,12.84,0.49,5.0,635,0
39.0,male,1,143628.0,19,MORTGAGE,5128.0,DEBTCONSOLIDATION,11.05,0.04,11.0,512,0
51.0,female,2,73207.0,29,MORTGAGE,7500.0,PERSONAL,11.01,0.1,23.0,720,0
69.0,male,4,97535.0,48,RENT,4800.0,MEDICAL,14.79,0.05,22.0,784,0
37.0,female,2,294457.0,12,MORTGAGE,35000.0,MEDICAL,18.39,0.12,14.0,630,1
39.0,male,2,22955.0,19,RENT,1200.0,EDUCATION,14.74,0.05,17.0,721,1
37.0,male,3,634797.0,15,RENT,15000.0,VENTURE,11.01,0.02,12.0,747,0
34.0,male,2,49030.0,14,RENT,25000.0,EDUCATION,10.25,0.51,5.0,611,1
38.0,female,2,21423.0,14,MORTGAGE,4375.0,EDUCATION,7.51,0.2,17.0,527,1
29.0,female,3,262437.0,8,MORTGAGE,25000.0,DEBTCONSOLIDATION,19.04,0.1,9.0,578,1
27.0,female,5,97193.0,1,MORTGAGE,35000.0,PERSONAL,11.01,0.36,8.0,658,0
55.0,male,1,90949.0,31,MORTGAGE,7700.0,PERSONAL,14.84,0.08,18.0,626,0
26.0,male,4,130713.0,0,RENT,35000.0,EDUCATION,18.39,0.27,4.0,708,1
43.0,female,2,41227.0,19,RENT,6225.0,PERSONAL,14.79,0.15,17.0,712,0
45.0,female,1,59340.0,26,RENT,18000.0,MEDICAL,13.85,0.3,15.0,568,1
64.0,male,3,68127.0,44,RENT,10000.0,DEBTCONSOLIDATION,16.82,0.15,18.0,690,1
42.0,male,1,36995.0,23,RENT,8000.0,VENTURE,14.96,0.22,12.0,727,0
44.0,female,2,99289.0,21,MORTGAGE,8400.0,DEBTCONSOLIDATION,12.84,0.08,17.0,714,1
48.0,male,1,72993.0,25,MORTGAGE,2500.0,DEBTCONSOLIDATION,7.29,0.03,11.0,702,0
48.0,male,4,111439.0,23,RENT,16500.0,DEBTCONSOLIDATION,12.69,0.15,15.0,630,0
37.0,female,5,29760.0,16,RENT,10000.0,DEBTCONSOLIDATION,9.76,0.34,13.0,656,1
50.0,male,2,62984.0,28,OWN,10875.0,VENTURE,7.49,0.17,14.0,663,0
23.0,male,1,361547.0,0,OWN,24250.0,EDUCATION,19.41,0.07,2.0,637,0
47.0,female,2,87173.0,24,RENT,2500.0,VENTURE,15.05,0.03,11.0,616,0
39.0,male,3,161945.0,16,MORTGAGE,25000.0,VENTURE,10.25,0.15,17.0,609,0
44.0,male,4,37141.0,19,OWN,7500.0,VENTURE,10.39,0.2,11.0,582,0
40.0,female,1,56039.0,22,MORTGAGE,7000.0,HOMEIMPROVEMENT,6.62,0.12,17.0,660,0
30.0,female,3,42646.0,4,MORTGAGE,22750.0,HOMEIMPROVEMENT,10.09,0.53,10.0,584,0
37.0,male,2,106643.0,14,RENT,25000.0,PERSONAL,19.66,0.23,15.0,597,1
51.0,female,2,35389.0,28,RENT,5000.0,VENTURE,10.04,0.14,19.0,741,0
46.0,male,3,73002.0,24,RENT,15000.0,VENTURE,16.32,0.21,13.0,627,0
42.0,female,3,253243.0,21,MORTGAGE,16000.0,VENTURE,13.47,0.06,11.0,642,0
32.0,male,1,124500.0,14,MORTGAGE,33000.0,EDUCATION,18.64,0.27,10.0,706,1
24.0,female,1,58262.0,1,RENT,24000.0,VENTURE,16.29,0.41,2.0,522,1
40.0,male,2,73007.0,21,MORTGAGE,12000.0,DEBTCONSOLIDATION,9.6,0.16,16.0,713,0
49.0,female,1,79001.0,25,MORTGAGE,12000.0,PERSONAL,10.62,0.15,17.0,662,0
35.0,female,2,612201.0,12,MORTGAGE,2193.0,PERSONAL,13.4,0.0,7.0,565,0
29.0,female,1,92211.0,6,OWN,25000.0,HOMEIMPROVEMENT,20.0,0.27,6.0,506,1
46.0,female,4,54825.0,23,MORTGAGE,12250.0,MEDICAL,6.54,0.22,16.0,691,0
50.0,male,3,44140.0,26,RENT,5000.0,VENTURE,10.37,0.11,16.0,617,0
25.0,female,1,54097.0,6,RENT,24000.0,DEBTCONSOLIDATION,11.36,0.44,7.0,721,1
28.0,male,5,65930.0,4,RENT,24000.0,VENTURE,16.45,0.36,8.0,540,1
50.0,male,1,89963.0,26,MORTGAGE,7000.0,VENTURE,7.49,0.08,14.0,628,0
39.0,male,1,81909.0,18,RENT,23970.0,EDUCATION,14.91,0.29,11.0,569,1
51.0,male,1,120023.0,27,RENT,9000.0,HOMEIMPROVEMENT,11.49,0.07,22.0,566,0
56.0,male,1,24016.0,30,RENT,6025.0,VENTURE,11.71,0.25,19.0,678,1
42.0,male,1,99779.0,22,MORTGAGE,26800.0,HOMEIMPROVEMENT,11.01,0.27,15.0,655,0
39.0,female,1,241019.0,18,MORTGAGE,18000.0,EDUCATION,10.99,0.07,13.0,590,0
28.0,male,5,446937.0,2,MORTGAGE,21067.0,HOMEIMPROVEMENT,11.11,0.05,6.0,567,0
26.0,male,3,75503.0,5,RENT,30000.0,MEDICAL,17.99,0.4,2.0,616,1
50.0,male,2,67201.0,26,RENT,5000.0,DEBTCONSOLIDATION,13.47,0.07,14.0,660,0
61.0,male,1,94360.0,39,MORTGAGE,8525.0,PERSONAL,14.54,0.09,27.0,673,1
39.0,female,4,99642.0,18,MORTGAGE,8000.0,HOMEIMPROVEMENT,19.42,0.08,17.0,690,0
47.0,female,1,366927.0,24,MORTGAGE,10000.0,HOMEIMPROVEMENT,13.43,0.03,12.0,665,0
27.0,female,5,241287.0,5,MORTGAGE,7000.0,PERSONAL,6.03,0.03,10.0,706,0
35.0,female,4,329467.0,14,MORTGAGE,25000.0,MEDICAL,14.59,0.08,6.0,638,1
51.0,female,2,97221.0,32,RENT,18000.0,VENTURE,18.78,0.19,19.0,648,0
53.0,female,1,84871.0,32,RENT,24000.0,PERSONAL,16.77,0.28,20.0,568,1
41.0,female,1,170147.0,17,MORTGAGE,25000.0,DEBTCONSOLIDATION,14.96,0.15,13.0,641,1
52.0,male,5,140486.0,28,MORTGAGE,12800.0,PERSONAL,9.99,0.09,23.0,689,0
45.0,female,5,24203.0,19,RENT,2000.0,VENTURE,8.49,0.08,12.0,680,0
43.0,female,2,100713.0,22,MORTGAGE,3000.0,HOMEIMPROVEMENT,9.91,0.03,17.0,631,0
46.0,female,5,68149.0,23,MORTGAGE,6000.0,MEDICAL,11.01,0.09,13.0,759,0
51.0,male,2,60925.0,28,RENT,12000.0,DEBTCONSOLIDATION,10.37,0.2,25.0,658,0
50.0,female,1,60770.0,24,RENT,7500.0,HOMEIMPROVEMENT,11.01,0.12,16.0,710,0
41.0,female,5,301153.0,21,MORTGAGE,5000.0,EDUCATION,9.99,0.02,12.0,721,0
23.0,male,1,94550.0,1,RENT,30000.0,DEBTCONSOLIDATION,18.62,0.32,3.0,570,1
25.0,male,1,75504.0,4,RENT,25000.0,MEDICAL,12.73,0.33,2.0,484,1
27.0,male,1,58793.0,6,OWN,24000.0,VENTURE,9.91,0.41,9.0,508,0
46.0,female,4,108819.0,24,MORTGAGE,20000.0,DEBTCONSOLIDATION,6.91,0.18,16.0,764,0
43.0,male,4,60933.0,21,RENT,18000.0,PERSONAL,14.35,0.3,16.0,705,1
49.0,female,4,75149.0,27,MORTGAGE,12000.0,PERSONAL,12.21,0.16,12.0,753,0
28.0,male,1,138865.0,1,RENT,35000.0,EDUCATION,15.92,0.25,5.0,667,0
36.0,female,3,1097671.0,16,MORTGAGE,4824.0,PERSONAL,10.71,0.0,11.0,669,0
34.0,female,3,611327.0,10,MORTGAGE,2144.0,DEBTCONSOLIDATION,12.87,0.0,7.0,712,0
48.0,male,1,100112.0,25,RENT,18000.0,HOMEIMPROVEMENT,7.51,0.18,16.0,611,0
46.0,male,4,42945.0,23,RENT,1000.0,VENTURE,7.9,0.02,12.0,633,0
42.0,female,1,432619.0,23,MORTGAGE,25000.0,HOMEIMPROVEMENT,9.99,0.06,17.0,692,0
46.0,male,2,57369.0,25,MORTGAGE,6000.0,PERSONAL,7.14,0.1,14.0,726,0
46.0,male,3,123209.0,19,RENT,15000.0,PERSONAL,13.22,0.12,17.0,716,0
22.0,female,1,24940.0,0,RENT,10000.0,EDUCATION,7.49,0.4,4.0,439,1
39.0,female,1,77777.0,21,RENT,4800.0,DEBTCONSOLIDATION,12.73,0.06,16.0,579,0
40.0,male,1,98347.0,19,MORTGAGE,24000.0,EDUCATION,9.25,0.24,15.0,610,0
28.0,female,3,300765.0,3,MORTGAGE,35000.0,PERSONAL,11.71,0.12,7.0,690,0
46.0,male,2,49752.0,23,OWN,4000.0,EDUCATION,11.71,0.08,17.0,618,0
32.0,male,3,301151.0,12,MORTGAGE,25000.0,VENTURE,14.59,0.08,7.0,565,0
27.0,female,5,289062.0,4,MORTGAGE,35000.0,EDUCATION,7.9,0.12,7.0,695,0
43.0,female,3,118812.0,19,MORTGAGE,6000.0,PERSONAL,5.42,0.05,15.0,646,0
60.0,female,2,73011.0,38,OWN,9000.0,PERSONAL,13.8,0.12,27.0,676,0
36.0,female,1,994605.0,13,MORTGAGE,4200.0,MEDICAL,11.01,0.0,13.0,481,0
31.0,male,2,481018.0,13,MORTGAGE,28000.0,HOMEIMPROVEMENT,7.49,0.06,6.0,700,0
46.0,male,1,1080952.0,27,MORTGAGE,28389.0,PERSONAL,12.75,0.03,15.0,639,0
41.0,female,2,57008.0,20,RENT,25000.0,MEDICAL,12.39,0.44,15.0,728,1
44.0,male,1,58555.0,23,MORTGAGE,17500.0,HOMEIMPROVEMENT,12.18,0.3,11.0,638,0
47.0,male,1,121076.0,22,MORTGAGE,2500.0,EDUCATION,9.99,0.02,15.0,664,0
23.0,female,4,600891.0,5,MORTGAGE,30000.0,DEBTCONSOLIDATION,10.65,0.05,3.0,670,0
28.0,female,4,125954.0,3,MORTGAGE,35000.0,VENTURE,10.44,0.28,10.0,597,0
39.0,male,2,58602.0,21,MORTGAGE,3000.0,MEDICAL,5.42,0.05,16.0,663,0
39.0,male,4,60791.0,19,MORTGAGE,12600.0,DEBTCONSOLIDATION,16.89,0.21,15.0,729,1
38.0,female,5,18772.0,16,RENT,3000.0,EDUCATION,9.82,0.16,13.0,719,1
36.0,male,1,65529.0,17,MORTGAGE,18200.0,DEBTCONSOLIDATION,18.25,0.28,12.0,602,1
51.0,male,1,73504.0,27,RENT,8500.0,DEBTCONSOLIDATION,5.79,0.12,18.0,681,0
35.0,female,2,915386.0,14,OWN,10000.0,MEDICAL,8.94,0.01,10.0,630,0
45.0,female,3,105667.0,24,MORTGAGE,10000.0,PERSONAL,8.87,0.09,15.0,615,0
40.0,female,1,104057.0,21,RENT,20000.0,EDUCATION,14.54,0.19,13.0,586,1
44.0,female,2,33180.0,22,MORTGAGE,6200.0,DEBTCONSOLIDATION,6.03,0.19,16.0,691,0
60.0,male,1,45700.0,35,MORTGAGE,10000.0,PERSONAL,6.54,0.22,27.0,596,1
45.0,male,2,59682.0,25,OWN,24250.0,MEDICAL,19.03,0.41,11.0,659,1
42.0,male,1,2012954.0,19,MORTGAGE,9121.0,VENTURE,11.74,0.0,16.0,664,0
49.0,female,1,139059.0,25,RENT,10000.0,PERSONAL,10.37,0.07,17.0,608,0
42.0,male,1,17421.0,23,RENT,1700.0,EDUCATION,13.16,0.1,13.0,631,0
29.0,female,2,85798.0,10,RENT,35000.0,PERSONAL,8.9,0.41,6.0,650,1
31.0,female,3,764203.0,10,RENT,17500.0,DEBTCONSOLIDATION,11.48,0.02,10.0,649,0
44.0,female,1,75866.0,19,RENT,10000.0,HOMEIMPROVEMENT,16.82,0.13,15.0,638,1
52.0,female,2,181320.0,28,RENT,7000.0,DEBTCONSOLIDATION,6.99,0.04,28.0,642,0
30.0,male,4,534208.0,8,MORTGAGE,25000.0,EDUCATION,9.89,0.05,6.0,701,0
40.0,female,1,53863.0,18,RENT,6200.0,MEDICAL,5.42,0.12,17.0,722,0
38.0,female,5,115984.0,15,RENT,10000.0,HOMEIMPROVEMENT,19.04,0.09,14.0,678,0
33.0,male,3,300961.0,10,RENT,35000.0,MEDICAL,7.29,0.12,7.0,609,0
27.0,female,2,65897.0,2,RENT,25000.0,DEBTCONSOLIDATION,17.78,0.38,6.0,538,1
36.0,female,2,186879.0,13,MORTGAGE,30000.0,DEBTCONSOLIDATION,7.9,0.16,17.0,658,0
24.0,male,2,56526.0,2,RENT,29227.0,EDUCATION,13.75,0.52,2.0,642,1
29.0,male,4,125614.0,6,MORTGAGE,35000.0,DEBTCONSOLIDATION,7.49,0.28,8.0,613,0
66.0,female,3,47014.0,44,RENT,11000.0,MEDICAL,5.42,0.23,19.0,743,0
39.0,female,1,127383.0,18,MORTGAGE,15000.0,VENTURE,6.91,0.12,15.0,503,0
48.0,male,4,66910.0,24,RENT,10200.0,MEDICAL,13.92,0.15,16.0,755,0
42.0,female,4,44235.0,15,RENT,13000.0,MEDICAL,12.73,0.29,16.0,706,1
51.0,male,2,20994.0,30,OWN,1000.0,PERSONAL,11.11,0.05,22.0,638,0
31.0,male,1,37662.0,10,RENT,20200.0,PERSONAL,14.74,0.54,8.0,604,1
36.0,female,1,8302.0,15,RENT,1273.0,VENTURE,6.36,0.15,11.0,589,1
40.0,male,2,29624.0,19,RENT,2700.0,VENTURE,14.27,0.09,17.0,637,0
47.0,female,1,31040.0,21,OWN,10750.0,PERSONAL,14.22,0.35,16.0,569,0
41.0,male,5,49666.0,18,RENT,4000.0,VENTURE,12.85,0.08,16.0,628,0
43.0,female,2,175010.0,18,MORTGAGE,20000.0,VENTURE,6.91,0.11,17.0,689,0
42.0,female,2,721408.0,18,OTHER,25000.0,HOMEIMPROVEMENT,14.74,0.03,16.0,656,0
41.0,female,2,131359.0,19,MORTGAGE,15000.0,MEDICAL,17.88,0.11,16.0,577,1
25.0,female,1,169140.0,4,MORTGAGE,35000.0,PERSONAL,10.59,0.21,4.0,503,0
40.0,male,1,116182.0,20,RENT,11000.0,MEDICAL,16.77,0.09,16.0,621,1
37.0,male,1,47293.0,12,RENT,23500.0,EDUCATION,11.01,0.5,16.0,509,1
39.0,female,1,48037.0,15,RENT,1500.0,DEBTCONSOLIDATION,10.36,0.03,16.0,710,1
52.0,female,3,59758.0,26,RENT,7399.0,MEDICAL,13.04,0.12,20.0,751,1
28.0,female,2,131470.0,6,MORTGAGE,35000.0,MEDICAL,16.4,0.27,7.0,515,1
51.0,female,1,34688.0,26,RENT,7011.0,DEBTCONSOLIDATION,6.4,0.2,25.0,696,0
36.0,female,3,36655.0,17,RENT,4000.0,VENTURE,17.99,0.11,15.0,705,1
55.0,male,2,74199.0,35,MORTGAGE,8500.0,PERSONAL,6.76,0.11,20.0,670,0
46.0,female,2,73234.0,22,MORTGAGE,5000.0,EDUCATION,11.72,0.07,16.0,634,0
49.0,female,4,154384.0,28,MORTGAGE,7671.0,EDUCATION,16.81,0.05,12.0,695,1
48.0,female,1,35430.0,26,RENT,1500.0,MEDICAL,7.51,0.04,15.0,596,0
36.0,male,1,315488.0,7,MORTGAGE,23035.0,MEDICAL,10.65,0.07,16.0,690,1
56.0,male,3,181143.0,34,MORTGAGE,15000.0,PERSONAL,11.48,0.08,26.0,587,0
58.0,male,3,121416.0,35,RENT,12000.0,EDUCATION,8.9,0.1,30.0,744,0
40.0,female,1,90606.0,22,RENT,3000.0,MEDICAL,14.27,0.03,15.0,681,0
46.0,female,3,37057.0,25,MORTGAGE,3050.0,VENTURE,7.88,0.08,14.0,650,0
37.0,female,1,97006.0,15,RENT,25000.0,MEDICAL,13.11,0.26,16.0,700,1
36.0,male,1,45565.0,16,MORTGAGE,3000.0,MEDICAL,18.39,0.07,15.0,636,1
28.0,male,3,96892.0,0,RENT,35000.0,EDUCATION,15.62,0.36,10.0,660,1
42.0,male,2,95032.0,17,MORTGAGE,25000.0,MEDICAL,10.36,0.26,16.0,604,0
43.0,female,1,30948.0,23,MORTGAGE,10000.0,EDUCATION,9.62,0.32,17.0,678,0
39.0,female,5,82543.0,15,MORTGAGE,16000.0,PERSONAL,13.49,0.19,13.0,702,0
25.0,female,3,271324.0,3,MORTGAGE,30000.0,HOMEIMPROVEMENT,19.91,0.11,2.0,637,0
41.0,male,2,124600.0,20,MORTGAGE,20000.0,DEBTCONSOLIDATION,14.61,0.16,16.0,652,1
41.0,female,1,90511.0,21,RENT,4000.0,PERSONAL,16.29,0.04,12.0,634,0
37.0,male,5,70660.0,18,RENT,7500.0,DEBTCONSOLIDATION,12.73,0.11,15.0,691,0
32.0,male,1,124344.0,13,MORTGAGE,35000.0,HOMEIMPROVEMENT,11.01,0.28,9.0,667,0
37.0,male,4,101786.0,13,MORTGAGE,24000.0,VENTURE,11.01,0.24,17.0,606,0
65.0,male,1,55823.0,46,RENT,10000.0,EDUCATION,11.01,0.18,19.0,738,0
43.0,female,2,74283.0,21,MORTGAGE,16000.0,DEBTCONSOLIDATION,11.01,0.22,17.0,661,1
48.0,male,5,39247.0,24,RENT,8800.0,MEDICAL,15.62,0.22,11.0,597,1
37.0,male,5,59048.0,11,MORTGAGE,8400.0,VENTURE,12.25,0.14,15.0,598,0
55.0,male,4,66062.0,33,RENT,5800.0,VENTURE,6.76,0.09,24.0,725,0
52.0,male,1,61034.0,29,RENT,4500.0,EDUCATION,11.89,0.07,25.0,718,0
44.0,female,1,79300.0,22,MORTGAGE,25000.0,EDUCATION,11.86,0.32,17.0,681,0
49.0,male,1,92822.0,26,MORTGAGE,15000.0,PERSONAL,14.84,0.16,11.0,668,0
48.0,male,3,37097.0,28,MORTGAGE,2100.0,HOMEIMPROVEMENT,12.42,0.06,14.0,701,0
38.0,male,1,270988.0,14,RENT,15000.0,EDUCATION,15.62,0.06,17.0,571,0
49.0,male,2,172318.0,24,MORTGAGE,24000.0,MEDICAL,11.01,0.14,14.0,591,1
36.0,female,3,36911.0,16,RENT,9000.0,EDUCATION,12.18,0.24,17.0,545,0
37.0,male,5,104696.0,14,MORTGAGE,6500.0,EDUCATION,7.14,0.06,13.0,750,0
54.0,female,1,151284.0,32,MORTGAGE,12000.0,PERSONAL,6.62,0.08,24.0,688,0
38.0,male,2,29807.0,13,MORTGAGE,1500.0,DEBTCONSOLIDATION,6.03,0.05,16.0,667,0
34.0,male,1,316200.0,11,MORTGAGE,25000.0,DEBTCONSOLIDATION,16.32,0.08,9.0,655,1
46.0,male,1,69838.0,25,MORTGAGE,9000.0,DEBTCONSOLIDATION,6.92,0.13,14.0,545,0
46.0,male,1,93448.0,21,MORTGAGE,13000.0,DEBTCONSOLIDATION,15.96,0.14,13.0,658,0
44.0,female,3,34686.0,24,RENT,8000.0,EDUCATION,7.49,0.23,11.0,700,0
37.0,female,3,148338.0,15,MORTGAGE,35000.0,PERSONAL,14.27,0.24,16.0,679,0
36.0,male,1,348890.0,16,MORTGAGE,25000.0,PERSONAL,15.65,0.07,16.0,564,0
38.0,male,1,15693.0,16,OWN,4800.0,DEBTCONSOLIDATION,7.29,0.31,12.0,587,1
42.0,male,4,211215.0,20,MORTGAGE,7000.0,PERSONAL,12.99,0.03,13.0,663,0
42.0,male,2,22697.0,23,RENT,8000.0,VENTURE,6.91,0.35,17.0,655,1
54.0,male,2,97013.0,30,MORTGAGE,1800.0,PERSONAL,9.88,0.02,21.0,617,0
47.0,male,4,47919.0,26,MORTGAGE,5600.0,EDUCATION,8.59,0.12,11.0,658,0
32.0,male,4,276922.0,8,RENT,35000.0,HOMEIMPROVEMENT,11.01,0.13,9.0,713,0
26.0,male,5,70434.0,5,MORTGAGE,31300.0,MEDICAL,11.71,0.44,3.0,693,0
33.0,male,1,481181.0,11,MORTGAGE,15000.0,PERSONAL,6.03,0.03,10.0,606,0
42.0,male,1,96956.0,21,MORTGAGE,5000.0,PERSONAL,11.99,0.05,17.0,638,0
39.0,female,5,73677.0,15,RENT,6000.0,MEDICAL,15.33,0.08,15.0,704,1
34.0,female,2,65905.0,11,MORTGAGE,27000.0,HOMEIMPROVEMENT,7.9,0.41,5.0,704,0
43.0,female,4,60928.0,20,MORTGAGE,5000.0,HOMEIMPROVEMENT,10.0,0.08,16.0,715,0
45.0,male,3,80390.0,24,MORTGAGE,9000.0,EDUCATION,14.59,0.11,15.0,731,0
28.0,male,1,346404.0,7,RENT,25000.0,DEBTCONSOLIDATION,17.93,0.07,8.0,618,1
37.0,male,3,937126.0,14,RENT,7500.0,VENTURE,12.18,0.01,13.0,692,0
43.0,male,2,41724.0,20,MORTGAGE,9800.0,HOMEIMPROVEMENT,11.01,0.23,17.0,684,0
58.0,male,5,82698.0,34,MORTGAGE,8000.0,PERSONAL,10.99,0.1,29.0,695,0
61.0,female,4,62093.0,40,RENT,20000.0,MEDICAL,14.09,0.32,21.0,727,1
48.0,male,1,78397.0,26,MORTGAGE,15000.0,MEDICAL,11.01,0.19,12.0,685,1
38.0,male,1,132621.0,12,RENT,3021.0,EDUCATION,8.39,0.02,17.0,711,0
48.0,male,4,133449.0,26,MORTGAGE,6000.0,EDUCATION,8.94,0.04,14.0,695,0
50.0,male,2,180932.0,25,MORTGAGE,14000.0,DEBTCONSOLIDATION,6.9,0.08,12.0,677,0
48.0,female,1,35800.0,28,RENT,3000.0,DEBTCONSOLIDATION,12.49,0.08,14.0,692,1
51.0,male,1,97320.0,28,RENT,18000.0,HOMEIMPROVEMENT,18.78,0.18,20.0,634,0
43.0,male,5,62757.0,22,RENT,1500.0,VENTURE,11.86,0.02,11.0,696,0
40.0,male,5,65596.0,13,MORTGAGE,5000.0,PERSONAL,5.42,0.08,13.0,655,0
45.0,male,1,45076.0,22,OWN,2000.0,PERSONAL,7.51,0.04,16.0,664,0
55.0,male,1,150774.0,32,MORTGAGE,8400.0,PERSONAL,9.63,0.06,18.0,697,0
46.0,female,2,231159.0,21,MORTGAGE,25000.0,VENTURE,14.79,0.11,14.0,665,0
37.0,male,2,218362.0,13,MORTGAGE,20000.0,DEBTCONSOLIDATION,13.85,0.09,17.0,695,0
38.0,male,5,73316.0,12,MORTGAGE,12000.0,DEBTCONSOLIDATION,7.66,0.16,15.0,631,0
32.0,male,1,198373.0,8,RENT,35000.0,VENTURE,12.99,0.18,12.0,584,0
39.0,male,5,120598.0,20,MORTGAGE,12000.0,VENTURE,11.01,0.1,13.0,598,0
40.0,male,2,60495.0,17,RENT,20000.0,DEBTCONSOLIDATION,11.01,0.33,17.0,649,1
69.0,female,3,29825.0,47,RENT,6000.0,MEDICAL,6.62,0.2,20.0,720,0
48.0,female,5,100658.0,20,RENT,12000.0,VENTURE,10.99,0.12,17.0,729,0
25.0,female,1,241358.0,1,MORTGAGE,35000.0,VENTURE,17.14,0.15,3.0,607,0
43.0,male,4,170084.0,21,MORTGAGE,15000.0,VENTURE,12.53,0.09,16.0,688,0
42.0,male,1,27609.0,20,RENT,1000.0,DEBTCONSOLIDATION,7.43,0.04,13.0,686,0
43.0,female,4,421143.0,20,MORTGAGE,18000.0,DEBTCONSOLIDATION,11.49,0.04,15.0,633,0
42.0,female,2,48871.0,20,RENT,10000.0,PERSONAL,16.0,0.2,12.0,706,1
54.0,male,5,63553.0,36,MORTGAGE,1000.0,PERSONAL,10.0,0.02,26.0,742,0
37.0,female,1,79024.0,15,RENT,20000.0,HOMEIMPROVEMENT,14.66,0.25,17.0,634,1
42.0,male,1,45049.0,23,RENT,15200.0,EDUCATION,14.26,0.34,16.0,686,1
44.0,male,4,43953.0,23,OWN,4000.0,EDUCATION,16.29,0.09,11.0,722,0
65.0,male,1,55802.0,41,RENT,10000.0,PERSONAL,11.01,0.18,29.0,659,0
48.0,male,2,97058.0,25,RENT,18000.0,HOMEIMPROVEMENT,17.76,0.19,18.0,649,0
44.0,female,3,97317.0,17,MORTGAGE,25000.0,VENTURE,15.33,0.26,17.0,694,0
40.0,male,2,44701.0,18,RENT,15250.0,VENTURE,12.53,0.34,16.0,654,1
47.0,male,2,33090.0,24,RENT,12000.0,PERSONAL,13.3,0.36,12.0,686,1
34.0,male,3,401778.0,14,OWN,18000.0,EDUCATION,12.68,0.04,10.0,699,0
29.0,male,3,64009.0,7,MORTGAGE,25475.0,EDUCATION,16.29,0.4,7.0,568,0
39.0,male,4,130377.0,18,MORTGAGE,20000.0,HOMEIMPROVEMENT,14.54,0.15,14.0,718,1
40.0,female,5,92477.0,18,MORTGAGE,20000.0,PERSONAL,12.91,0.22,14.0,719,0
52.0,male,4,63244.0,33,OWN,9600.0,PERSONAL,8.49,0.15,19.0,736,0
45.0,male,5,138957.0,21,MORTGAGE,8000.0,VENTURE,8.94,0.06,11.0,676,0
42.0,male,1,51612.0,22,OWN,12000.0,VENTURE,6.03,0.23,15.0,636,0
48.0,male,1,73297.0,26,RENT,10000.0,HOMEIMPROVEMENT,13.03,0.14,12.0,671,0
47.0,male,2,67887.0,26,RENT,25000.0,MEDICAL,11.01,0.37,13.0,658,1
37.0,male,4,437527.0,13,RENT,2816.0,HOMEIMPROVEMENT,11.33,0.01,10.0,681,0
45.0,male,2,143857.0,23,MORTGAGE,5000.0,VENTURE,11.49,0.03,13.0,718,0
50.0,female,2,79178.0,27,RENT,3000.0,VENTURE,10.99,0.04,14.0,490,0
38.0,female,2,48932.0,14,RENT,18225.0,EDUCATION,12.42,0.37,17.0,625,1
43.0,male,5,93061.0,21,MORTGAGE,12966.0,VENTURE,14.4,0.14,12.0,690,0
37.0,male,1,223839.0,18,OWN,3000.0,VENTURE,6.39,0.01,17.0,675,0
55.0,female,1,91197.0,29,MORTGAGE,10000.0,VENTURE,8.1,0.11,20.0,642,0
48.0,male,1,113815.0,24,MORTGAGE,23000.0,DEBTCONSOLIDATION,14.96,0.2,16.0,567,1
52.0,male,2,66832.0,31,RENT,20000.0,HOMEIMPROVEMENT,7.49,0.3,25.0,704,1
25.0,female,2,51747.0,3,RENT,25000.0,EDUCATION,16.35,0.48,3.0,697,1
44.0,male,4,58638.0,21,MORTGAGE,17500.0,DEBTCONSOLIDATION,12.18,0.3,15.0,605,0
41.0,male,1,162862.0,20,MORTGAGE,20000.0,MEDICAL,9.25,0.12,13.0,591,0
22.0,male,2,95854.0,0,MORTGAGE,35000.0,VENTURE,13.8,0.37,2.0,663,0
40.0,female,1,120916.0,15,MORTGAGE,25000.0,MEDICAL,14.83,0.21,16.0,514,1
42.0,male,2,121181.0,19,MORTGAGE,5000.0,EDUCATION,14.26,0.04,15.0,487,0
45.0,male,4,46656.0,24,MORTGAGE,8400.0,PERSONAL,12.18,0.18,11.0,721,0
34.0,male,3,50979.0,11,OWN,22750.0,VENTURE,6.91,0.45,10.0,679,0
43.0,female,1,78961.0,20,MORTGAGE,6000.0,VENTURE,7.49,0.08,17.0,685,0
43.0,female,5,55997.0,23,RENT,13000.0,MEDICAL,15.7,0.23,15.0,617,1
34.0,male,1,361181.0,10,MORTGAGE,24360.0,MEDICAL,12.37,0.07,12.0,610,0
61.0,female,5,64516.0,39,MORTGAGE,7000.0,PERSONAL,7.49,0.11,23.0,765,0
42.0,male,5,18097.0,19,OWN,3500.0,MEDICAL,11.01,0.19,11.0,569,1
47.0,male,2,45420.0,24,MORTGAGE,7400.0,PERSONAL,8.0,0.16,15.0,689,0
46.0,female,2,85255.0,25,RENT,14000.0,HOMEIMPROVEMENT,11.26,0.16,16.0,652,0
42.0,female,1,360959.0,23,MORTGAGE,10000.0,PERSONAL,17.27,0.03,14.0,710,0
57.0,male,3,75405.0,33,MORTGAGE,2000.0,PERSONAL,13.72,0.03,24.0,729,0
46.0,male,3,18822.0,22,RENT,2000.0,VENTURE,12.28,0.11,13.0,600,0
55.0,female,2,58697.0,36,RENT,5500.0,EDUCATION,10.62,0.09,22.0,679,1
47.0,male,4,78547.0,22,RENT,12000.0,EDUCATION,5.42,0.15,17.0,597,0
40.0,female,4,67232.0,17,RENT,18000.0,HOMEIMPROVEMENT,7.88,0.27,14.0,724,1
48.0,male,2,37224.0,24,MORTGAGE,2100.0,VENTURE,12.42,0.06,16.0,693,0
41.0,female,1,49106.0,18,MORTGAGE,1500.0,MEDICAL,10.36,0.03,16.0,607,0
36.0,male,2,89844.0,12,MORTGAGE,25000.0,HOMEIMPROVEMENT,17.8,0.28,11.0,626,1
41.0,male,5,119343.0,19,MORTGAGE,7663.0,MEDICAL,15.13,0.06,13.0,709,1
40.0,male,5,46535.0,20,RENT,5600.0,MEDICAL,11.58,0.12,17.0,659,0
48.0,female,4,39678.0,25,RENT,8000.0,MEDICAL,6.62,0.2,14.0,673,0
25.0,male,3,140553.0,2,MORTGAGE,35000.0,EDUCATION,17.58,0.25,4.0,619,0
33.0,female,4,65664.0,10,MORTGAGE,32000.0,MEDICAL,15.23,0.49,7.0,677,1
45.0,male,4,103126.0,19,MORTGAGE,5000.0,HOMEIMPROVEMENT,8.58,0.05,14.0,560,0
41.0,male,2,282175.0,16,MORTGAGE,25000.0,MEDICAL,15.7,0.09,16.0,587,1
26.0,male,3,360977.0,5,MORTGAGE,25000.0,EDUCATION,15.33,0.07,3.0,695,0
44.0,male,1,43471.0,16,RENT,4500.0,DEBTCONSOLIDATION,14.59,0.1,11.0,455,1
38.0,female,1,26961.0,18,OWN,4750.0,EDUCATION,15.23,0.18,16.0,589,0
44.0,female,1,85343.0,25,RENT,9504.0,EDUCATION,14.13,0.11,14.0,678,0
35.0,female,4,613103.0,10,RENT,1800.0,PERSONAL,13.48,0.0,6.0,571,0
63.0,male,1,2139143.0,43,RENT,12025.0,EDUCATION,14.27,0.01,30.0,724,0
37.0,female,1,264810.0,11,RENT,30000.0,EDUCATION,9.91,0.11,17.0,583,0
41.0,male,4,39621.0,15,RENT,1500.0,HOMEIMPROVEMENT,14.74,0.04,17.0,702,1
29.0,male,3,725242.0,6,MORTGAGE,24821.0,MEDICAL,9.08,0.03,10.0,611,1
44.0,male,1,24896.0,17,RENT,4000.0,PERSONAL,10.31,0.16,20.0,606,0
43.0,female,1,56228.0,22,MORTGAGE,6300.0,EDUCATION,7.51,0.11,14.0,684,0
38.0,female,1,48157.0,18,RENT,5000.0,EDUCATION,17.74,0.1,17.0,635,1
49.0,female,2,66956.0,28,MORTGAGE,5000.0,EDUCATION,12.38,0.07,14.0,724,0
48.0,male,1,75541.0,26,RENT,14000.0,EDUCATION,12.69,0.19,12.0,663,0
48.0,female,2,44952.0,28,MORTGAGE,15000.0,HOMEIMPROVEMENT,12.69,0.33,16.0,591,1
44.0,male,4,32985.0,23,RENT,3369.0,DEBTCONSOLIDATION,15.13,0.1,15.0,737,1
42.0,male,2,61093.0,22,RENT,12000.0,PERSONAL,11.45,0.2,18.0,647,0
43.0,female,3,77793.0,22,MORTGAGE,15000.0,MEDICAL,7.88,0.19,17.0,692,0
51.0,female,2,91061.0,29,OWN,7665.0,VENTURE,13.79,0.08,17.0,691,0
52.0,female,4,27942.0,29,MORTGAGE,6000.0,PERSONAL,13.49,0.21,21.0,715,0
41.0,female,1,46963.0,20,RENT,8875.0,MEDICAL,19.03,0.19,11.0,698,0
37.0,female,1,224427.0,16,MORTGAGE,3001.0,VENTURE,6.39,0.01,13.0,668,0
42.0,female,1,181718.0,21,OWN,8150.0,PERSONAL,6.99,0.04,17.0,628,0
47.0,male,1,104667.0,26,MORTGAGE,24000.0,MEDICAL,11.01,0.23,17.0,706,0
47.0,female,5,22639.0,26,MORTGAGE,3000.0,DEBTCONSOLIDATION,5.42,0.13,13.0,679,1
46.0,male,2,168702.0,26,RENT,3725.0,VENTURE,11.01,0.02,17.0,727,0
39.0,male,2,205054.0,14,MORTGAGE,32000.0,MEDICAL,7.49,0.16,13.0,647,0
46.0,male,3,181221.0,25,MORTGAGE,14000.0,VENTURE,6.69,0.08,12.0,624,0
38.0,male,5,21134.0,19,MORTGAGE,4375.0,EDUCATION,7.51,0.21,13.0,715,1
47.0,male,1,78357.0,24,RENT,5000.0,PERSONAL,10.4,0.06,18.0,686,0
40.0,female,2,48924.0,19,RENT,1000.0,EDUCATION,15.23,0.02,14.0,582,0
56.0,male,4,181110.0,31,RENT,10000.0,HOMEIMPROVEMENT,13.49,0.06,20.0,668,0
42.0,male,5,96961.0,18,RENT,6400.0,MEDICAL,11.63,0.07,11.0,705,0
31.0,male,2,37391.0,8,RENT,20200.0,PERSONAL,14.74,0.54,5.0,589,1
56.0,male,3,126793.0,28,MORTGAGE,20000.0,EDUCATION,15.26,0.16,25.0,587,0
42.0,male,2,126686.0,20,MORTGAGE,2400.0,EDUCATION,13.06,0.02,17.0,728,0
36.0,male,3,300881.0,13,MORTGAGE,20000.0,EDUCATION,8.65,0.07,16.0,593,0
43.0,male,4,24111.0,20,RENT,7500.0,HOMEIMPROVEMENT,9.01,0.31,11.0,589,1
41.0,female,4,34052.0,21,RENT,1500.0,DEBTCONSOLIDATION,12.99,0.04,15.0,659,0
46.0,male,1,72993.0,28,RENT,5500.0,PERSONAL,14.22,0.08,17.0,563,0
23.0,male,3,114860.0,3,RENT,35000.0,VENTURE,7.9,0.3,2.0,573,1
42.0,male,2,241032.0,21,MORTGAGE,20000.0,PERSONAL,9.23,0.08,13.0,613,0
43.0,female,5,43444.0,22,MORTGAGE,10000.0,MEDICAL,10.25,0.23,13.0,724,0
51.0,male,3,45541.0,29,RENT,10887.0,EDUCATION,13.57,0.24,19.0,626,0
41.0,male,2,33032.0,18,MORTGAGE,6000.0,DEBTCONSOLIDATION,12.21,0.18,16.0,507,1
40.0,female,5,11372.0,22,OWN,2500.0,DEBTCONSOLIDATION,11.01,0.22,17.0,727,1
37.0,female,2,936964.0,11,RENT,7500.0,HOMEIMPROVEMENT,12.18,0.01,15.0,652,0
42.0,female,1,31142.0,18,RENT,10000.0,MEDICAL,6.99,0.32,17.0,627,1
42.0,male,2,50178.0,16,RENT,15000.0,HOMEIMPROVEMENT,16.95,0.3,15.0,678,1
36.0,female,2,994533.0,11,MORTGAGE,4200.0,HOMEIMPROVEMENT,11.01,0.0,16.0,649,0
51.0,male,2,46566.0,27,RENT,13000.0,PERSONAL,12.42,0.28,18.0,668,1
46.0,male,1,37405.0,23,RENT,10000.0,DEBTCONSOLIDATION,13.49,0.27,12.0,529,1
39.0,male,2,36908.0,15,RENT,9000.0,DEBTCONSOLIDATION,16.89,0.24,16.0,654,1
36.0,female,2,840912.0,14,MORTGAGE,25000.0,MEDICAL,12.53,0.03,13.0,629,0
70.0,male,2,49419.0,46,RENT,3600.0,MEDICAL,15.23,0.07,19.0,712,0
42.0,male,1,38032.0,19,RENT,7196.0,VENTURE,12.08,0.19,16.0,635,0
46.0,male,4,102922.0,26,OTHER,1000.0,HOMEIMPROVEMENT,7.68,0.01,12.0,747,0
53.0,male,2,91228.0,31,MORTGAGE,10000.0,PERSONAL,8.94,0.11,19.0,641,0
24.0,male,4,53726.0,3,MORTGAGE,25000.0,DEBTCONSOLIDATION,15.58,0.47,3.0,663,1
58.0,male,3,41332.0,37,RENT,1500.0,EDUCATION,14.79,0.04,28.0,679,0
49.0,female,2,19237.0,24,RENT,2400.0,EDUCATION,9.91,0.12,17.0,607,1
37.0,male,1,42640.0,11,MORTGAGE,13065.0,PERSONAL,7.8,0.31,16.0,450,0
41.0,female,2,181465.0,20,OWN,24500.0,VENTURE,11.83,0.14,17.0,679,0
48.0,male,2,50548.0,24,RENT,5000.0,EDUCATION,7.3,0.1,16.0,719,0
40.0,male,5,115106.0,18,MORTGAGE,21548.0,HOMEIMPROVEMENT,13.98,0.19,12.0,768,0
41.0,male,1,78820.0,18,MORTGAGE,24811.0,EDUCATION,11.7,0.31,15.0,593,0
32.0,male,5,42184.0,8,RENT,17195.0,EDUCATION,9.91,0.41,8.0,711,1
41.0,male,5,27064.0,15,OWN,3500.0,EDUCATION,13.61,0.13,13.0,675,0
48.0,male,1,71868.0,23,RENT,20000.0,MEDICAL,16.46,0.28,19.0,634,1
53.0,male,5,52724.0,30,RENT,10000.0,VENTURE,9.88,0.19,30.0,693,0
40.0,male,1,36865.0,14,RENT,8904.0,MEDICAL,6.94,0.24,17.0,605,0
40.0,male,1,179081.0,20,MORTGAGE,5000.0,HOMEIMPROVEMENT,6.03,0.03,16.0,520,0
47.0,male,1,78842.0,26,RENT,9500.0,EDUCATION,11.89,0.12,14.0,635,0
53.0,male,2,29526.0,32,RENT,5000.0,EDUCATION,14.42,0.17,27.0,670,1
48.0,female,2,39842.0,28,RENT,2000.0,VENTURE,17.27,0.05,16.0,652,1
29.0,female,1,73119.0,9,MORTGAGE,25000.0,DEBTCONSOLIDATION,20.0,0.34,9.0,640,1
46.0,female,2,47781.0,23,RENT,15000.0,DEBTCONSOLIDATION,10.99,0.31,12.0,692,1
23.0,female,2,115313.0,0,MORTGAGE,35000.0,EDUCATION,7.9,0.3,4.0,492,0
48.0,male,2,12644.0,26,RENT,2707.0,VENTURE,9.79,0.21,20.0,657,1
47.0,male,2,198785.0,26,MORTGAGE,19800.0,HOMEIMPROVEMENT,15.65,0.1,16.0,665,0
41.0,male,1,78896.0,19,MORTGAGE,20000.0,HOMEIMPROVEMENT,12.21,0.25,13.0,596,0
53.0,female,1,106767.0,31,RENT,5000.0,EDUCATION,8.49,0.05,25.0,664,0
28.0,female,1,88692.0,4,RENT,32000.0,PERSONAL,11.99,0.36,9.0,612,1
40.0,female,1,301183.0,18,MORTGAGE,28000.0,EDUCATION,7.9,0.09,13.0,714,0
53.0,male,1,51174.0,30,RENT,9600.0,EDUCATION,9.73,0.19,18.0,668,0
41.0,male,2,458696.0,17,MORTGAGE,35000.0,MEDICAL,13.49,0.08,14.0,558,0
44.0,female,1,69844.0,22,MORTGAGE,3600.0,MEDICAL,6.99,0.05,14.0,641,0
43.0,male,1,44517.0,20,MORTGAGE,4000.0,HOMEIMPROVEMENT,6.62,0.09,16.0,661,1
42.0,male,5,75488.0,18,RENT,10000.0,VENTURE,8.49,0.13,14.0,507,0
56.0,female,1,115308.0,34,MORTGAGE,12000.0,PERSONAL,11.58,0.1,20.0,637,0
42.0,female,2,149604.0,16,MORTGAGE,6400.0,DEBTCONSOLIDATION,6.99,0.04,16.0,724,0
32.0,female,3,96888.0,11,RENT,35000.0,MEDICAL,12.45,0.36,13.0,569,1
52.0,male,3,66019.0,34,RENT,1500.0,PERSONAL,8.49,0.02,24.0,735,1
54.0,female,1,115179.0,34,MORTGAGE,6500.0,PERSONAL,10.65,0.06,26.0,647,0
45.0,female,4,30216.0,26,RENT,9000.0,EDUCATION,10.65,0.3,14.0,632,1
61.0,male,1,14174.0,38,RENT,4000.0,PERSONAL,12.21,0.28,25.0,633,1
37.0,female,1,70806.0,14,RENT,18200.0,VENTURE,10.99,0.26,17.0,528,1
55.0,male,1,84971.0,30,RENT,2500.0,DEBTCONSOLIDATION,6.26,0.03,23.0,716,0
51.0,female,4,139930.0,31,MORTGAGE,12000.0,PERSONAL,7.88,0.09,29.0,676,0
43.0,male,3,51505.0,21,MORTGAGE,7775.0,MEDICAL,5.99,0.15,16.0,657,0
39.0,male,2,48948.0,18,OWN,15000.0,HOMEIMPROVEMENT,5.42,0.31,13.0,696,0
38.0,female,3,100459.0,16,RENT,22250.0,HOMEIMPROVEMENT,20.0,0.22,12.0,629,1
23.0,male,3,361159.0,0,MORTGAGE,10000.0,EDUCATION,15.65,0.03,2.0,546,0
43.0,female,1,88581.0,21,MORTGAGE,20000.0,HOMEIMPROVEMENT,12.84,0.23,12.0,706,0
31.0,male,4,154872.0,8,MORTGAGE,35000.0,DEBTCONSOLIDATION,15.99,0.23,6.0,647,1
36.0,male,2,301158.0,11,RENT,20000.0,DEBTCONSOLIDATION,7.88,0.07,17.0,665,0
37.0,male,2,241378.0,19,MORTGAGE,10000.0,EDUCATION,13.8,0.04,16.0,684,0
37.0,female,5,54119.0,13,RENT,1700.0,PERSONAL,10.59,0.03,17.0,736,1
51.0,female,1,57067.0,33,MORTGAGE,11600.0,PERSONAL,8.94,0.2,30.0,727,0
29.0,female,3,368806.0,5,MORTGAGE,24631.0,DEBTCONSOLIDATION,17.88,0.07,8.0,581,1
48.0,female,5,86302.0,23,RENT,16000.0,PERSONAL,9.25,0.19,17.0,650,0
42.0,female,2,122194.0,20,MORTGAGE,25000.0,DEBTCONSOLIDATION,16.15,0.2,17.0,581,1
44.0,male,1,36999.0,26,RENT,12000.0,MEDICAL,11.83,0.32,11.0,658,1
40.0,female,5,90824.0,18,RENT,6500.0,EDUCATION,7.9,0.07,15.0,703,0
66.0,male,2,99448.0,43,MORTGAGE,28000.0,PERSONAL,7.9,0.28,20.0,711,0
47.0,male,5,70131.0,22,RENT,1500.0,MEDICAL,16.17,0.02,22.0,735,1
37.0,male,1,106548.0,16,RENT,25000.0,PERSONAL,19.66,0.23,12.0,626,1
50.0,female,3,61500.0,24,RENT,16000.0,PERSONAL,7.9,0.26,17.0,663,1
42.0,male,3,185816.0,21,OWN,20000.0,PERSONAL,11.01,0.11,15.0,683,0
36.0,female,2,28653.0,13,OWN,12000.0,VENTURE,11.48,0.42,11.0,581,0
61.0,male,2,73448.0,35,RENT,26550.0,EDUCATION,10.76,0.36,26.0,733,1
52.0,male,1,40284.0,32,RENT,8656.0,PERSONAL,8.21,0.21,17.0,636,0
40.0,male,3,660785.0,17,MORTGAGE,18000.0,VENTURE,11.12,0.03,12.0,739,0
52.0,male,1,37150.0,32,RENT,5000.0,MEDICAL,12.73,0.13,18.0,712,0
50.0,male,2,180806.0,25,RENT,11200.0,HOMEIMPROVEMENT,11.14,0.06,11.0,668,0
40.0,male,1,13357.0,18,RENT,3550.0,HOMEIMPROVEMENT,11.49,0.27,15.0,658,1
55.0,male,2,47753.0,35,RENT,13000.0,HOMEIMPROVEMENT,11.48,0.27,27.0,715,1
30.0,female,2,301125.0,2,MORTGAGE,34826.0,EDUCATION,12.25,0.12,9.0,614,0
36.0,male,5,56396.0,13,MORTGAGE,8000.0,VENTURE,5.42,0.14,15.0,726,0
41.0,male,3,216986.0,18,RENT,14000.0,DEBTCONSOLIDATION,6.03,0.06,15.0,544,0
42.0,male,1,73029.0,22,MORTGAGE,8000.0,MEDICAL,5.42,0.11,13.0,677,0
37.0,male,1,51012.0,15,RENT,20000.0,PERSONAL,14.25,0.39,17.0,632,1
40.0,male,1,27049.0,21,MORTGAGE,1500.0,MEDICAL,11.12,0.06,17.0,621,0
48.0,male,5,87294.0,25,MORTGAGE,7000.0,HOMEIMPROVEMENT,14.96,0.08,17.0,733,0
47.0,female,1,55032.0,25,OWN,11200.0,MEDICAL,6.62,0.2,12.0,661,0
40.0,male,2,85083.0,20,MORTGAGE,14000.0,EDUCATION,9.99,0.16,14.0,475,0
36.0,male,2,88307.0,16,RENT,24000.0,HOMEIMPROVEMENT,14.09,0.27,16.0,699,1
45.0,female,1,210481.0,19,MORTGAGE,12000.0,PERSONAL,11.43,0.06,18.0,644,0
28.0,female,1,228801.0,7,MORTGAGE,35000.0,HOMEIMPROVEMENT,17.49,0.15,6.0,542,0
39.0,male,1,169570.0,16,MORTGAGE,25000.0,DEBTCONSOLIDATION,15.06,0.15,12.0,633,1
36.0,female,1,216829.0,12,RENT,24000.0,EDUCATION,9.99,0.11,15.0,565,0
48.0,male,2,274744.0,19,MORTGAGE,25000.0,HOMEIMPROVEMENT,15.31,0.09,13.0,673,1
41.0,male,2,133045.0,17,MORTGAGE,20000.0,DEBTCONSOLIDATION,13.35,0.15,17.0,710,0
47.0,male,1,41163.0,21,MORTGAGE,10000.0,PERSONAL,5.42,0.24,12.0,556,0
27.0,male,2,120968.0,6,RENT,35000.0,DEBTCONSOLIDATION,16.11,0.29,9.0,645,1
28.0,female,4,725550.0,4,MORTGAGE,25000.0,PERSONAL,9.01,0.03,9.0,604,1
41.0,female,1,133273.0,17,MORTGAGE,25000.0,EDUCATION,12.73,0.19,14.0,711,0
30.0,female,1,48864.0,5,RENT,23687.0,EDUCATION,11.01,0.48,8.0,627,1
43.0,female,1,62080.0,20,RENT,20000.0,PERSONAL,13.8,0.32,13.0,639,1
53.0,male,5,75584.0,30,RENT,25000.0,MEDICAL,13.9,0.33,22.0,644,1
43.0,male,5,38812.0,16,RENT,8746.0,MEDICAL,15.62,0.23,9.0,722,1
34.0,female,3,47759.0,10,RENT,22400.0,HOMEIMPROVEMENT,11.01,0.47,9.0,494,1
45.0,female,3,72702.0,24,MORTGAGE,4800.0,MEDICAL,10.99,0.07,15.0,721,0
50.0,female,1,68289.0,25,RENT,15000.0,HOMEIMPROVEMENT,13.47,0.22,15.0,659,0
37.0,male,4,35648.0,18,MORTGAGE,7750.0,DEBTCONSOLIDATION,11.01,0.22,16.0,759,0
39.0,female,2,180805.0,19,RENT,20000.0,HOMEIMPROVEMENT,10.08,0.11,17.0,635,0
35.0,male,2,74831.0,13,RENT,30000.0,MEDICAL,12.54,0.4,10.0,644,1
27.0,male,4,57560.0,2,RENT,24000.0,DEBTCONSOLIDATION,17.14,0.42,5.0,702,1
45.0,male,4,77786.0,22,MORTGAGE,6000.0,MEDICAL,7.29,0.08,14.0,593,0
43.0,female,2,421034.0,17,MORTGAGE,18000.0,PERSONAL,11.49,0.04,14.0,697,0
35.0,male,1,601036.0,12,MORTGAGE,7500.0,DEBTCONSOLIDATION,12.29,0.01,9.0,549,0
62.0,male,1,83162.0,44,RENT,24250.0,MEDICAL,12.73,0.29,28.0,692,1
31.0,female,3,423202.0,11,RENT,10500.0,HOMEIMPROVEMENT,15.7,0.02,9.0,689,0
35.0,female,3,84100.0,14,MORTGAGE,25500.0,VENTURE,17.27,0.3,5.0,610,1
35.0,female,2,778515.0,14,MORTGAGE,10000.0,PERSONAL,17.19,0.01,8.0,705,1
44.0,male,4,72809.0,19,RENT,5000.0,PERSONAL,13.34,0.07,16.0,714,0
24.0,male,4,246825.0,2,MORTGAGE,35000.0,EDUCATION,13.99,0.14,2.0,685,0
22.0,male,1,64057.0,2,RENT,26056.0,EDUCATION,15.68,0.41,3.0,652,1
55.0,male,2,61231.0,33,RENT,20000.0,HOMEIMPROVEMENT,7.51,0.33,30.0,660,1
30.0,male,5,310882.0,8,MORTGAGE,25000.0,MEDICAL,16.77,0.08,7.0,711,1
48.0,male,2,44289.0,26,OWN,8000.0,VENTURE,6.99,0.18,15.0,594,0
80.0,male,1,77894.0,62,RENT,6800.0,MEDICAL,11.71,0.09,25.0,673,0
50.0,male,2,68295.0,25,RENT,6000.0,MEDICAL,16.49,0.09,14.0,682,1
42.0,male,2,184252.0,20,MORTGAGE,25000.0,EDUCATION,20.0,0.14,14.0,664,1
30.0,male,3,39324.0,8,RENT,24250.0,PERSONAL,11.12,0.62,5.0,671,1
45.0,female,5,90905.0,19,MORTGAGE,10000.0,MEDICAL,14.27,0.11,17.0,693,0
34.0,female,3,576874.0,12,MORTGAGE,14000.0,PERSONAL,14.61,0.02,9.0,698,0
45.0,male,5,120705.0,22,MORTGAGE,16000.0,PERSONAL,6.62,0.13,16.0,722,0
43.0,male,1,73024.0,24,MORTGAGE,18000.0,VENTURE,10.99,0.25,11.0,696,0
39.0,male,5,51260.0,18,RENT,6000.0,PERSONAL,17.58,0.12,12.0,550,1
27.0,male,3,96908.0,4,MORTGAGE,35000.0,VENTURE,11.01,0.36,8.0,585,0
39.0,male,1,645091.0,13,MORTGAGE,16195.0,PERSONAL,11.05,0.03,12.0,546,0
46.0,male,2,109827.0,25,RENT,22000.0,HOMEIMPROVEMENT,18.79,0.2,16.0,642,1
50.0,male,4,50500.0,26,RENT,5000.0,DEBTCONSOLIDATION,15.31,0.1,16.0,712,1
37.0,male,1,241002.0,15,MORTGAGE,25000.0,EDUCATION,15.57,0.1,14.0,579,0
57.0,female,2,205028.0,35,RENT,6300.0,HOMEIMPROVEMENT,13.11,0.03,26.0,615,0
60.0,male,5,181016.0,37,MORTGAGE,10000.0,PERSONAL,5.79,0.06,18.0,696,0
42.0,female,2,121647.0,16,MORTGAGE,25000.0,DEBTCONSOLIDATION,16.15,0.21,14.0,693,1
43.0,female,1,14936.0,21,RENT,1950.0,EDUCATION,11.01,0.13,11.0,636,1
56.0,male,1,78919.0,31,RENT,7700.0,DEBTCONSOLIDATION,5.42,0.1,24.0,659,0
48.0,male,4,80158.0,24,RENT,6000.0,HOMEIMPROVEMENT,11.89,0.07,16.0,608,0
46.0,male,1,72899.0,24,RENT,4800.0,MEDICAL,12.12,0.07,16.0,671,0
21.0,female,1,50274.0,0,MORTGAGE,24250.0,VENTURE,10.75,0.48,2.0,644,0
32.0,female,1,346907.0,10,MORTGAGE,25000.0,DEBTCONSOLIDATION,14.83,0.07,10.0,614,1
41.0,female,1,55028.0,16,RENT,16000.0,MEDICAL,12.99,0.29,14.0,634,1
43.0,female,1,119538.0,20,MORTGAGE,7750.0,MEDICAL,15.31,0.06,14.0,615,1
46.0,male,1,105155.0,26,MORTGAGE,20000.0,PERSONAL,12.41,0.19,17.0,648,0
44.0,male,1,35697.0,22,RENT,6849.0,EDUCATION,8.26,0.19,18.0,655,0
46.0,male,3,125725.0,25,MORTGAGE,30000.0,EDUCATION,18.39,0.24,15.0,704,1
48.0,female,1,23911.0,25,RENT,4000.0,DEBTCONSOLIDATION,10.93,0.17,11.0,669,1
52.0,male,1,91601.0,29,RENT,6125.0,DEBTCONSOLIDATION,7.74,0.07,18.0,721,0
37.0,male,3,33014.0,15,RENT,8500.0,HOMEIMPROVEMENT,8.49,0.26,17.0,707,1
41.0,male,1,88496.0,18,RENT,8550.0,EDUCATION,14.3,0.1,16.0,590,1
38.0,female,1,936941.0,15,MORTGAGE,7444.0,PERSONAL,12.08,0.01,16.0,657,0
29.0,male,2,406668.0,5,RENT,24000.0,HOMEIMPROVEMENT,17.8,0.06,8.0,656,1
44.0,male,1,120906.0,24,MORTGAGE,14400.0,VENTURE,12.23,0.12,16.0,675,0
42.0,female,2,58876.0,19,OWN,3500.0,EDUCATION,14.35,0.06,17.0,564,0
44.0,male,1,145173.0,25,MORTGAGE,4000.0,HOMEIMPROVEMENT,11.01,0.03,14.0,706,0
49.0,male,1,860787.0,25,MORTGAGE,12635.0,PERSONAL,9.83,0.01,26.0,620,0
35.0,female,2,105990.0,8,RENT,28000.0,MEDICAL,18.62,0.26,10.0,591,1
49.0,male,1,99537.0,27,MORTGAGE,10000.0,PERSONAL,16.49,0.1,12.0,629,0
41.0,male,1,45308.0,17,RENT,7000.0,PERSONAL,9.32,0.15,16.0,564,0
37.0,female,5,52762.0,17,RENT,10000.0,MEDICAL,7.9,0.19,16.0,721,0
50.0,male,3,99105.0,30,MORTGAGE,5000.0,MEDICAL,11.01,0.05,14.0,713,0
29.0,female,5,102627.0,8,MORTGAGE,35000.0,PERSONAL,8.9,0.34,6.0,692,0
41.0,male,1,167170.0,17,MORTGAGE,23000.0,MEDICAL,14.96,0.14,12.0,573,1
41.0,female,1,67060.0,19,MORTGAGE,9000.0,PERSONAL,5.99,0.13,17.0,601,0
