person_education,person_age,person_gender,person_income,person_emp_exp,person_home_ownership,loan_amnt,loan_intent,loan_int_rate,loan_percent_income,cb_person_cred_hist_length,credit_score,loan_status
4.0,22.0,female,71948.0,0,RENT,35000.0,PERSONAL,16.02,0.49,3.0,561,1
1.0,23.0,female,79753.0,0,RENT,35000.0,MEDICAL,15.23,0.44,2.0,675,1
4.0,24.0,male,66135.0,1,RENT,35000.0,MEDICAL,14.27,0.53,4.0,586,1
0.0,24.0,female,100684.0,3,RENT,35000.0,PERSONAL,8.9,0.35,2.0,544,1
4.0,26.0,male,130713.0,0,RENT,35000.0,EDUCATION,18.39,0.27,4.0,708,1
4.0,23.0,female,600891.0,5,MORTGAGE,30000.0,DEBTCONSOLIDATION,10.65,0.05,3.0,670,0
3.0,23.0,female,111369.0,0,RENT,35000.0,MEDICAL,20.0,0.31,4.0,694,1
1.0,23.0,male,136628.0,0,RENT,35000.0,DEBTCONSOLIDATION,18.25,0.26,4.0,709,1
4.0,22.0,female,79255.0,0,RENT,34000.0,EDUCATION,17.58,0.43,4.0,691,1
1.0,22.0,male,97420.0,1,RENT,33950.0,PERSONAL,14.54,0.35,4.0,691,1
1.0,24.0,female,79054.0,1,RENT,32500.0,HOMEIMPROVEMENT,9.99,0.41,3.0,700,1
1.0,22.0,female,58868.0,0,RENT,30000.0,EDUCATION,18.39,0.51,2.0,606,1
1.0,26.0,male,75503.0,5,RENT,30000.0,MEDICAL,17.99,0.4,2.0,616,1
3.0,23.0,male,361547.0,0,OWN,24250.0,EDUCATION,19.41,0.07,2.0,637,0
1.0,26.0,male,360977.0,5,MORTGAGE,25000.0,EDUCATION,15.33,0.07,3.0,695,0
1.0,25.0,female,361244.0,2,MORTGAGE,18000.0,HOMEIMPROVEMENT,16.45,0.05,3.0,620,0
3.0,23.0,male,94550.0,1,RENT,30000.0,DEBTCONSOLIDATION,18.62,0.32,3.0,570,1
0.0,25.0,female,267671.0,0,MORTGAGE,25000.0,MEDICAL,15.7,0.09,2.0,582,1
4.0,22.0,male,85191.0,0,RENT,29100.0,EDUCATION,15.99,0.34,3.0,700,1
0.0,22.0,male,69042.0,0,RENT,28000.0,MEDICAL,11.01,0.41,2.0,598,1
0.0,22.0,male,288907.0,2,OWN,25000.0,PERSONAL,11.01,0.09,2.0,617,0
1.0,21.0,female,51922.0,3,RENT,25000.0,EDUCATION,12.73,0.48,3.0,673,1
0.0,24.0,male,50309.0,3,RENT,25000.0,HOMEIMPROVEMENT,11.01,0.5,3.0,625,1
1.0,25.0,female,271324.0,3,MORTGAGE,30000.0,HOMEIMPROVEMENT,19.91,0.11,2.0,637,0
0.0,26.0,male,256862.0,2,MORTGAGE,35000.0,EDUCATION,10.65,0.14,2.0,643,1
1.0,22.0,male,51608.0,0,RENT,25000.0,MEDICAL,14.59,0.48,2.0,593,1
0.0,25.0,female,51747.0,3,RENT,25000.0,EDUCATION,16.35,0.48,3.0,697,1
4.0,25.0,male,270972.0,1,MORTGAGE,25000.0,VENTURE,18.67,0.09,2.0,640,0
0.0,22.0,male,60501.0,0,RENT,25000.0,PERSONAL,11.83,0.41,3.0,687,1
1.0,25.0,male,60829.0,0,RENT,25000.0,HOMEIMPROVEMENT,5.99,0.41,2.0,588,1
1.0,24.0,male,53825.0,2,RENT,25000.0,DEBTCONSOLIDATION,15.33,0.46,2.0,652,1
0.0,25.0,female,260035.0,5,MORTGAGE,25000.0,EDUCATION,16.07,0.1,3.0,585,0
2.0,26.0,female,56325.0,2,RENT,25000.0,DEBTCONSOLIDATION,11.86,0.44,4.0,690,1
3.0,26.0,female,57856.0,0,RENT,25000.0,HOMEIMPROVEMENT,15.28,0.43,2.0,602,1
0.0,23.0,male,57318.0,0,RENT,25000.0,VENTURE,17.93,0.44,2.0,679,1
1.0,26.0,male,58602.0,8,RENT,25000.0,VENTURE,18.43,0.43,2.0,595,1
0.0,23.0,male,229083.0,0,MORTGAGE,22000.0,EDUCATION,17.58,0.1,3.0,639,1
4.0,26.0,female,65880.0,2,RENT,25000.0,DEBTCONSOLIDATION,14.83,0.38,2.0,592,1
0.0,26.0,female,226744.0,0,MORTGAGE,20000.0,VENTURE,17.74,0.09,2.0,621,1
4.0,25.0,female,202525.0,1,MORTGAGE,35000.0,PERSONAL,10.65,0.17,2.0,589,0
0.0,25.0,male,199407.0,0,MORTGAGE,25000.0,HOMEIMPROVEMENT,19.74,0.13,4.0,669,0
0.0,23.0,female,192873.0,0,MORTGAGE,35000.0,PERSONAL,7.66,0.18,2.0,684,0
3.0,26.0,male,68297.0,3,RENT,24250.0,MEDICAL,14.96,0.36,2.0,507,1
0.0,23.0,male,345520.0,0,RENT,24250.0,EDUCATION,12.53,0.07,3.0,652,0
1.0,22.0,female,52596.0,0,RENT,24000.0,DEBTCONSOLIDATION,13.85,0.46,3.0,693,1
3.0,24.0,female,58262.0,1,RENT,24000.0,VENTURE,16.29,0.41,2.0,522,1
4.0,21.0,female,55113.0,0,RENT,24000.0,EDUCATION,16.29,0.44,2.0,645,1
1.0,24.0,female,57356.0,3,RENT,24000.0,PERSONAL,17.8,0.42,2.0,672,1
3.0,22.0,female,59680.0,0,RENT,24000.0,MEDICAL,17.56,0.4,4.0,590,1
4.0,23.0,male,166378.0,0,RENT,24000.0,DEBTCONSOLIDATION,16.0,0.14,2.0,714,1
0.0,24.0,male,53633.0,4,RENT,23975.0,HOMEIMPROVEMENT,11.01,0.45,2.0,678,1
1.0,23.0,male,43042.0,1,RENT,22250.0,DEBTCONSOLIDATION,12.69,0.52,3.0,678,1
3.0,21.0,male,42536.0,0,RENT,21000.0,VENTURE,12.53,0.49,4.0,687,1
1.0,26.0,male,51379.0,5,RENT,21000.0,MEDICAL,17.26,0.41,4.0,666,1
0.0,21.0,female,24468.0,0,MORTGAGE,15000.0,EDUCATION,9.64,0.61,2.0,548,1
3.0,23.0,female,40632.0,0,RENT,20000.0,EDUCATION,16.0,0.49,2.0,649,1
3.0,22.0,male,45716.0,0,RENT,20000.0,DEBTCONSOLIDATION,16.69,0.44,3.0,447,1
0.0,24.0,male,47903.0,0,RENT,20000.0,MEDICAL,14.74,0.42,2.0,665,1
0.0,21.0,male,28367.0,0,OWN,15000.0,EDUCATION,8.94,0.53,2.0,600,0
4.0,25.0,female,42253.0,3,RENT,18250.0,VENTURE,17.04,0.43,3.0,587,1
1.0,21.0,male,38061.0,1,RENT,18000.0,EDUCATION,13.48,0.47,4.0,693,1
1.0,26.0,female,36434.0,7,RENT,17000.0,HOMEIMPROVEMENT,12.99,0.47,2.0,724,1
3.0,21.0,male,32379.0,1,MORTGAGE,14500.0,MEDICAL,14.61,0.45,2.0,499,1
1.0,24.0,male,35833.0,4,MORTGAGE,20000.0,HOMEIMPROVEMENT,10.62,0.56,3.0,717,0
1.0,25.0,female,35409.0,2,RENT,14800.0,MEDICAL,7.49,0.42,3.0,448,1
4.0,26.0,female,222668.0,3,RENT,13500.0,VENTURE,5.99,0.06,3.0,482,0
4.0,21.0,female,29948.0,0,RENT,13000.0,VENTURE,15.7,0.43,3.0,703,1
4.0,21.0,male,29823.0,2,RENT,13000.0,DEBTCONSOLIDATION,12.87,0.44,2.0,698,1
1.0,23.0,male,38528.0,0,MORTGAGE,18500.0,EDUCATION,11.01,0.48,4.0,723,0
4.0,26.0,male,241298.0,6,RENT,2500.0,MEDICAL,13.61,0.01,2.0,740,0
4.0,25.0,female,39289.0,4,MORTGAGE,22750.0,PERSONAL,6.17,0.58,4.0,703,0
3.0,23.0,female,43154.0,1,MORTGAGE,22550.0,EDUCATION,15.96,0.52,3.0,460,0
4.0,24.0,female,45514.0,1,MORTGAGE,25000.0,MEDICAL,10.08,0.55,2.0,568,0
3.0,26.0,male,39425.0,4,MORTGAGE,15000.0,MEDICAL,15.33,0.38,3.0,480,1
3.0,21.0,female,50274.0,0,MORTGAGE,24250.0,VENTURE,10.75,0.48,2.0,644,0
1.0,22.0,female,47716.0,2,OWN,25000.0,EDUCATION,16.08,0.52,3.0,685,1
0.0,25.0,female,56285.0,0,OWN,25000.0,PERSONAL,12.18,0.44,3.0,645,0
3.0,23.0,female,53294.0,0,MORTGAGE,25000.0,DEBTCONSOLIDATION,11.01,0.47,3.0,680,1
1.0,24.0,male,60899.0,0,MORTGAGE,25000.0,EDUCATION,15.58,0.41,3.0,668,0
4.0,22.0,male,13294.0,0,RENT,7000.0,HOMEIMPROVEMENT,12.21,0.53,2.0,652,1
0.0,24.0,male,55979.0,6,MORTGAGE,29100.0,PERSONAL,12.99,0.52,2.0,601,1
4.0,23.0,male,57449.0,0,MORTGAGE,25000.0,MEDICAL,7.49,0.44,3.0,705,1
1.0,24.0,female,15935.0,2,RENT,7350.0,VENTURE,6.92,0.46,2.0,710,1
4.0,21.0,male,16145.0,0,RENT,7500.0,EDUCATION,7.05,0.46,4.0,521,1
2.0,26.0,male,70434.0,5,MORTGAGE,31300.0,MEDICAL,11.71,0.44,3.0,693,0
4.0,26.0,female,73064.0,2,MORTGAGE,30000.0,EDUCATION,14.27,0.41,4.0,639,0
3.0,23.0,male,67437.0,0,MORTGAGE,25000.0,PERSONAL,19.04,0.37,4.0,647,1
0.0,22.0,male,74832.0,3,MORTGAGE,30000.0,VENTURE,6.62,0.4,3.0,674,0
0.0,22.0,male,68235.0,1,MORTGAGE,25000.0,PERSONAL,16.4,0.37,3.0,632,1
0.0,22.0,male,71724.0,0,MORTGAGE,23500.0,PERSONAL,15.33,0.33,2.0,701,1
4.0,21.0,male,16412.0,0,RENT,9250.0,DEBTCONSOLIDATION,12.53,0.56,3.0,707,1
3.0,22.0,female,24940.0,0,RENT,10000.0,EDUCATION,7.49,0.4,4.0,439,1
0.0,21.0,female,64200.0,0,MORTGAGE,26400.0,MEDICAL,16.49,0.41,3.0,610,1
1.0,26.0,female,84924.0,4,MORTGAGE,35000.0,VENTURE,7.9,0.41,2.0,612,0
3.0,23.0,male,68512.0,0,MORTGAGE,30000.0,MEDICAL,16.49,0.44,2.0,655,1
0.0,24.0,female,87894.0,3,MORTGAGE,35000.0,HOMEIMPROVEMENT,13.99,0.4,4.0,532,0
3.0,26.0,male,89116.0,4,OWN,35000.0,PERSONAL,9.91,0.39,2.0,667,0
1.0,23.0,male,90772.0,4,MORTGAGE,31825.0,EDUCATION,7.9,0.35,2.0,541,0
3.0,22.0,male,73493.0,0,MORTGAGE,35000.0,MEDICAL,16.89,0.48,3.0,616,1
0.0,22.0,male,95854.0,0,MORTGAGE,35000.0,VENTURE,13.8,0.37,2.0,663,0
1.0,22.0,male,97417.0,0,MORTGAGE,35000.0,EDUCATION,11.01,0.36,2.0,571,0
1.0,24.0,female,89984.0,2,OWN,35000.0,DEBTCONSOLIDATION,20.0,0.39,3.0,639,1
4.0,24.0,female,102793.0,3,MORTGAGE,35000.0,PERSONAL,11.01,0.34,2.0,536,0
1.0,24.0,female,77408.0,1,MORTGAGE,35000.0,MEDICAL,11.01,0.45,3.0,661,1
0.0,24.0,male,80413.0,3,MORTGAGE,30000.0,MEDICAL,19.42,0.37,3.0,611,1
4.0,25.0,female,271040.0,1,RENT,12000.0,EDUCATION,16.49,0.04,2.0,651,0
4.0,22.0,male,114053.0,0,MORTGAGE,35000.0,PERSONAL,15.23,0.31,4.0,658,0
0.0,23.0,female,115313.0,0,MORTGAGE,35000.0,EDUCATION,7.9,0.3,4.0,492,0
4.0,23.0,female,115220.0,1,MORTGAGE,25000.0,PERSONAL,18.78,0.22,4.0,541,0
0.0,25.0,female,116543.0,1,MORTGAGE,35000.0,PERSONAL,18.25,0.3,2.0,681,0
3.0,23.0,female,87263.0,0,MORTGAGE,35000.0,MEDICAL,15.99,0.4,2.0,571,1
0.0,23.0,male,120935.0,0,OWN,35000.0,PERSONAL,16.77,0.29,4.0,644,0
4.0,21.0,male,37197.0,0,RENT,14500.0,VENTURE,14.59,0.39,2.0,696,1
4.0,26.0,male,34546.0,0,OWN,16750.0,EDUCATION,7.88,0.48,4.0,546,0
4.0,24.0,male,139108.0,2,OWN,35000.0,DEBTCONSOLIDATION,16.89,0.25,4.0,666,0
1.0,25.0,male,140553.0,2,MORTGAGE,35000.0,EDUCATION,17.58,0.25,4.0,619,0
0.0,22.0,female,143948.0,0,MORTGAGE,35000.0,PERSONAL,16.49,0.24,3.0,651,0
3.0,25.0,male,116029.0,0,MORTGAGE,35000.0,MEDICAL,19.29,0.3,2.0,650,1
1.0,22.0,male,154945.0,0,MORTGAGE,30000.0,DEBTCONSOLIDATION,7.29,0.19,2.0,546,0
4.0,26.0,male,157279.0,3,MORTGAGE,35000.0,PERSONAL,18.25,0.22,4.0,693,0
4.0,25.0,male,156853.0,0,MORTGAGE,3000.0,HOMEIMPROVEMENT,5.42,0.02,2.0,519,0
4.0,24.0,female,164159.0,0,MORTGAGE,25000.0,PERSONAL,19.13,0.15,3.0,606,1
0.0,26.0,female,180880.0,7,MORTGAGE,35000.0,MEDICAL,15.96,0.19,3.0,681,0
3.0,22.0,male,23971.0,0,OWN,12000.0,PERSONAL,5.42,0.5,4.0,557,1
0.0,24.0,male,38499.0,2,RENT,15075.0,PERSONAL,15.27,0.39,2.0,515,1
0.0,22.0,female,34687.0,4,RENT,15250.0,VENTURE,16.7,0.44,4.0,670,1
1.0,23.0,male,38357.0,0,RENT,15250.0,MEDICAL,17.93,0.4,2.0,666,1
1.0,24.0,female,192721.0,2,MORTGAGE,20000.0,HOMEIMPROVEMENT,19.69,0.1,2.0,639,0
4.0,23.0,male,210874.0,1,MORTGAGE,35000.0,EDUCATION,11.01,0.17,3.0,632,0
4.0,24.0,male,228512.0,2,MORTGAGE,5000.0,PERSONAL,5.42,0.02,2.0,683,0
1.0,26.0,male,192835.0,0,MORTGAGE,30000.0,MEDICAL,17.58,0.16,3.0,653,1
4.0,21.0,male,192646.0,0,MORTGAGE,30000.0,MEDICAL,15.62,0.16,2.0,631,1
3.0,25.0,female,241358.0,1,MORTGAGE,35000.0,VENTURE,17.14,0.15,3.0,607,0
4.0,24.0,male,246825.0,2,MORTGAGE,35000.0,EDUCATION,13.99,0.14,2.0,685,0
0.0,26.0,female,37071.0,7,RENT,19075.0,DEBTCONSOLIDATION,7.49,0.51,3.0,588,1
4.0,24.0,female,293262.0,1,MORTGAGE,12000.0,MEDICAL,6.03,0.04,3.0,580,0
4.0,24.0,male,286727.0,4,MORTGAGE,7000.0,DEBTCONSOLIDATION,7.66,0.02,2.0,570,1
0.0,26.0,female,286397.0,0,MORTGAGE,25000.0,EDUCATION,9.25,0.09,4.0,659,1
3.0,25.0,female,304752.0,4,MORTGAGE,25000.0,HOMEIMPROVEMENT,17.26,0.08,4.0,583,1
0.0,24.0,male,361284.0,3,MORTGAGE,35000.0,DEBTCONSOLIDATION,9.99,0.1,3.0,574,0
1.0,23.0,male,361159.0,0,MORTGAGE,10000.0,EDUCATION,15.65,0.03,2.0,546,0
4.0,24.0,female,397048.0,0,MORTGAGE,3500.0,PERSONAL,10.36,0.01,4.0,714,0
0.0,25.0,male,438914.0,2,MORTGAGE,35000.0,VENTURE,10.65,0.08,2.0,633,0
4.0,25.0,female,445094.0,1,MORTGAGE,15000.0,DEBTCONSOLIDATION,12.99,0.03,2.0,653,0
0.0,24.0,male,511121.0,2,MORTGAGE,10000.0,EDUCATION,7.88,0.02,2.0,678,0
1.0,25.0,male,541131.0,3,MORTGAGE,35000.0,DEBTCONSOLIDATION,11.11,0.06,4.0,532,0
0.0,26.0,female,577186.0,0,MORTGAGE,25000.0,EDUCATION,14.38,0.04,3.0,579,0
3.0,21.0,female,8000.0,0,RENT,2750.0,PERSONAL,16.95,0.34,3.0,672,1
0.0,25.0,male,259923.0,1,MORTGAGE,25000.0,HOMEIMPROVEMENT,16.07,0.1,2.0,686,0
1.0,24.0,female,52728.0,1,MORTGAGE,24000.0,EDUCATION,10.62,0.46,2.0,493,0
0.0,23.0,male,193046.0,2,MORTGAGE,35000.0,VENTURE,7.66,0.18,3.0,617,0
4.0,25.0,female,202600.0,0,MORTGAGE,35000.0,DEBTCONSOLIDATION,10.65,0.17,4.0,618,0
0.0,22.0,male,129155.0,2,MORTGAGE,35000.0,DEBTCONSOLIDATION,16.49,0.27,3.0,612,1
1.0,26.0,female,58694.0,3,RENT,25000.0,DEBTCONSOLIDATION,18.43,0.43,3.0,660,1
4.0,24.0,male,53726.0,3,MORTGAGE,25000.0,DEBTCONSOLIDATION,15.58,0.47,3.0,663,1
4.0,26.0,male,73068.0,3,MORTGAGE,30000.0,PERSONAL,14.27,0.41,3.0,668,0
3.0,24.0,male,53912.0,3,MORTGAGE,22800.0,DEBTCONSOLIDATION,17.27,0.42,3.0,606,1
4.0,25.0,male,25059.0,3,RENT,12000.0,MEDICAL,8.07,0.48,2.0,694,1
1.0,26.0,male,156821.0,0,MORTGAGE,35000.0,EDUCATION,18.25,0.22,3.0,669,0
3.0,23.0,female,131204.0,0,RENT,35000.0,HOMEIMPROVEMENT,20.0,0.27,2.0,624,1
3.0,25.0,male,42077.0,2,RENT,20000.0,DEBTCONSOLIDATION,8.88,0.48,2.0,538,1
1.0,22.0,male,23782.0,0,OWN,12000.0,VENTURE,5.42,0.5,2.0,635,1
3.0,32.0,female,1440746.0,6,MORTGAGE,12000.0,VENTURE,7.51,0.01,8.0,613,0
0.0,29.0,female,85798.0,10,RENT,35000.0,PERSONAL,8.9,0.41,6.0,650,1
1.0,33.0,male,93638.0,9,RENT,35000.0,DEBTCONSOLIDATION,8.49,0.37,9.0,564,1
1.0,28.0,male,96892.0,0,RENT,35000.0,EDUCATION,15.62,0.36,10.0,660,1
4.0,29.0,female,97064.0,7,RENT,35000.0,DEBTCONSOLIDATION,12.68,0.36,10.0,680,1
0.0,35.0,female,778515.0,14,MORTGAGE,10000.0,PERSONAL,17.19,0.01,8.0,705,1
4.0,31.0,female,88456.0,8,RENT,35000.0,EDUCATION,19.29,0.4,10.0,656,1
3.0,34.0,male,107595.0,10,RENT,35000.0,HOMEIMPROVEMENT,18.25,0.33,8.0,576,1
0.0,27.0,male,120968.0,6,RENT,35000.0,DEBTCONSOLIDATION,16.11,0.29,9.0,645,1
4.0,30.0,male,605611.0,9,RENT,3000.0,DEBTCONSOLIDATION,11.36,0.0,9.0,631,0
4.0,35.0,male,600779.0,13,MORTGAGE,20000.0,DEBTCONSOLIDATION,13.85,0.03,7.0,670,0
3.0,35.0,male,601036.0,12,MORTGAGE,7500.0,DEBTCONSOLIDATION,12.29,0.01,9.0,549,0
1.0,33.0,male,562713.0,11,MORTGAGE,3750.0,DEBTCONSOLIDATION,15.62,0.01,10.0,561,1
3.0,33.0,male,166773.0,10,RENT,35000.0,PERSONAL,18.64,0.21,7.0,664,1
3.0,34.0,female,187822.0,13,RENT,35000.0,EDUCATION,11.01,0.19,5.0,598,0
4.0,31.0,male,181289.0,9,RENT,35000.0,EDUCATION,18.25,0.19,6.0,686,1
3.0,33.0,male,481181.0,11,MORTGAGE,15000.0,PERSONAL,6.03,0.03,10.0,606,0
0.0,31.0,male,481018.0,13,MORTGAGE,28000.0,HOMEIMPROVEMENT,7.49,0.06,6.0,700,0
1.0,29.0,female,480874.0,9,MORTGAGE,25000.0,EDUCATION,11.12,0.05,8.0,721,0
1.0,34.0,male,391934.0,11,MORTGAGE,35000.0,MEDICAL,16.77,0.09,6.0,649,1
3.0,33.0,male,469089.0,12,MORTGAGE,35000.0,MEDICAL,10.99,0.07,8.0,568,0
4.0,30.0,male,204760.0,6,RENT,35000.0,EDUCATION,13.06,0.17,9.0,672,0
1.0,33.0,male,300961.0,10,RENT,35000.0,MEDICAL,7.29,0.12,7.0,609,0
0.0,30.0,male,98180.0,10,RENT,34000.0,DEBTCONSOLIDATION,10.59,0.35,8.0,649,1
0.0,30.0,male,420652.0,4,OWN,32000.0,PERSONAL,6.62,0.08,7.0,592,0
3.0,28.0,female,421133.0,8,RENT,20000.0,DEBTCONSOLIDATION,11.01,0.05,9.0,575,0
1.0,35.0,female,420852.0,11,MORTGAGE,35000.0,VENTURE,17.49,0.08,7.0,676,0
0.0,29.0,male,406668.0,5,RENT,24000.0,HOMEIMPROVEMENT,17.8,0.06,8.0,656,1
0.0,32.0,male,418649.0,9,MORTGAGE,25000.0,MEDICAL,11.83,0.06,8.0,569,0
1.0,30.0,male,409028.0,8,MORTGAGE,25000.0,HOMEIMPROVEMENT,18.3,0.06,8.0,668,0
1.0,34.0,male,401778.0,14,OWN,18000.0,EDUCATION,12.68,0.04,10.0,699,0
3.0,34.0,female,85022.0,11,RENT,32000.0,MEDICAL,10.99,0.38,8.0,593,1
4.0,31.0,female,366794.0,8,MORTGAGE,35000.0,HOMEIMPROVEMENT,17.58,0.1,10.0,657,0
1.0,34.0,female,74814.0,13,RENT,30000.0,MEDICAL,11.71,0.4,8.0,719,1
4.0,34.0,male,360903.0,10,MORTGAGE,16000.0,DEBTCONSOLIDATION,10.74,0.04,9.0,618,0
0.0,31.0,male,361327.0,7,MORTGAGE,25000.0,VENTURE,14.83,0.07,9.0,619,0
3.0,32.0,female,346907.0,10,MORTGAGE,25000.0,DEBTCONSOLIDATION,14.83,0.07,10.0,614,1
3.0,28.0,male,346404.0,7,RENT,25000.0,DEBTCONSOLIDATION,17.93,0.07,8.0,618,1
0.0,34.0,male,344232.0,13,MORTGAGE,30000.0,VENTURE,6.62,0.09,6.0,594,0
0.0,34.0,female,342851.0,15,RENT,21000.0,EDUCATION,11.71,0.06,10.0,702,0
1.0,30.0,male,279481.0,8,MORTGAGE,25000.0,MEDICAL,17.93,0.09,9.0,689,1
3.0,28.0,female,342893.0,6,MORTGAGE,25000.0,PERSONAL,16.32,0.07,6.0,669,0
4.0,31.0,female,342166.0,9,MORTGAGE,5000.0,VENTURE,11.01,0.01,9.0,586,0
0.0,31.0,male,330809.0,13,MORTGAGE,25000.0,PERSONAL,13.85,0.08,6.0,697,0
0.0,27.0,male,310859.0,1,RENT,35000.0,EDUCATION,18.64,0.11,7.0,632,1
1.0,30.0,male,324650.0,5,MORTGAGE,35000.0,HOMEIMPROVEMENT,19.69,0.11,8.0,601,0
4.0,31.0,male,312923.0,9,MORTGAGE,18000.0,VENTURE,8.94,0.06,9.0,701,0
0.0,31.0,female,312794.0,9,MORTGAGE,25000.0,DEBTCONSOLIDATION,13.57,0.08,10.0,694,0
0.0,31.0,female,310624.0,9,MORTGAGE,28000.0,PERSONAL,5.99,0.09,5.0,562,0
0.0,27.0,male,286846.0,7,RENT,12000.0,HOMEIMPROVEMENT,17.27,0.04,7.0,588,1
4.0,32.0,male,243395.0,12,MORTGAGE,25000.0,MEDICAL,14.59,0.1,7.0,694,1
0.0,31.0,female,300675.0,9,MORTGAGE,4000.0,MEDICAL,14.22,0.01,10.0,699,0
0.0,35.0,female,105990.0,8,RENT,28000.0,MEDICAL,18.62,0.26,10.0,591,1
4.0,27.0,male,15675.0,4,OWN,8125.0,EDUCATION,14.42,0.52,5.0,505,1
2.0,27.0,female,289062.0,4,MORTGAGE,35000.0,EDUCATION,7.9,0.12,7.0,695,0
4.0,31.0,male,289206.0,8,MORTGAGE,5500.0,MEDICAL,5.42,0.02,5.0,645,0
3.0,30.0,female,289262.0,11,MORTGAGE,28000.0,VENTURE,16.49,0.1,7.0,537,0
3.0,29.0,male,274421.0,7,MORTGAGE,35000.0,DEBTCONSOLIDATION,14.91,0.13,8.0,645,1
4.0,32.0,male,276922.0,8,RENT,35000.0,HOMEIMPROVEMENT,11.01,0.13,9.0,713,0
0.0,34.0,male,48619.0,12,RENT,25000.0,MEDICAL,10.25,0.51,8.0,638,1
1.0,27.0,female,57029.0,2,RENT,25000.0,VENTURE,15.7,0.44,10.0,645,1
1.0,33.0,female,58742.0,12,RENT,25000.0,DEBTCONSOLIDATION,9.99,0.43,10.0,619,1
4.0,30.0,female,270918.0,6,RENT,25000.0,MEDICAL,12.42,0.09,10.0,694,0
0.0,27.0,male,270665.0,3,MORTGAGE,25000.0,VENTURE,15.31,0.09,5.0,678,0
4.0,32.0,male,270797.0,13,MORTGAGE,20000.0,PERSONAL,13.92,0.07,10.0,586,0
4.0,29.0,male,265175.0,6,OWN,14725.0,PERSONAL,19.41,0.06,6.0,696,0
4.0,28.0,female,260217.0,7,MORTGAGE,15000.0,VENTURE,16.02,0.06,8.0,594,0
4.0,32.0,male,64598.0,8,RENT,25000.0,VENTURE,11.86,0.39,9.0,569,1
0.0,29.0,male,58801.0,7,RENT,25000.0,HOMEIMPROVEMENT,13.61,0.43,8.0,603,1
0.0,27.0,male,245994.0,1,MORTGAGE,25000.0,HOMEIMPROVEMENT,15.31,0.1,6.0,554,0
0.0,29.0,male,195789.0,6,RENT,25000.0,MEDICAL,20.0,0.13,9.0,675,1
4.0,28.0,female,72709.0,0,RENT,25000.0,MEDICAL,13.49,0.34,10.0,558,1
0.0,32.0,female,240961.0,8,RENT,35000.0,HOMEIMPROVEMENT,19.03,0.15,8.0,645,0
4.0,35.0,female,241228.0,9,MORTGAGE,18000.0,HOMEIMPROVEMENT,10.99,0.07,10.0,718,0
1.0,31.0,female,70270.0,10,RENT,25000.0,MEDICAL,17.19,0.36,8.0,661,1
4.0,35.0,female,231450.0,12,MORTGAGE,10000.0,HOMEIMPROVEMENT,11.99,0.04,9.0,708,0
3.0,28.0,female,228801.0,7,MORTGAGE,35000.0,HOMEIMPROVEMENT,17.49,0.15,6.0,542,0
4.0,34.0,male,214811.0,11,MORTGAGE,12000.0,DEBTCONSOLIDATION,15.65,0.06,5.0,697,1
1.0,29.0,female,208716.0,9,MORTGAGE,28000.0,DEBTCONSOLIDATION,17.49,0.13,10.0,614,1
4.0,27.0,female,220359.0,2,RENT,15000.0,EDUCATION,19.03,0.07,6.0,637,0
1.0,30.0,male,18002.0,7,OWN,9250.0,HOMEIMPROVEMENT,14.96,0.51,10.0,683,1
1.0,29.0,male,217061.0,3,MORTGAGE,31000.0,PERSONAL,19.42,0.14,8.0,664,0
4.0,28.0,male,202736.0,3,RENT,15000.0,DEBTCONSOLIDATION,17.26,0.07,9.0,638,1
0.0,27.0,female,202478.0,4,MORTGAGE,24000.0,DEBTCONSOLIDATION,17.26,0.12,9.0,671,1
4.0,31.0,male,211083.0,12,MORTGAGE,7500.0,EDUCATION,19.69,0.04,9.0,684,0
4.0,27.0,male,115702.0,0,RENT,25000.0,VENTURE,16.89,0.22,10.0,689,1
0.0,27.0,male,198932.0,3,MORTGAGE,35000.0,HOMEIMPROVEMENT,12.99,0.18,9.0,606,0
0.0,30.0,male,20288.0,8,MORTGAGE,7275.0,MEDICAL,5.42,0.36,10.0,561,1
4.0,30.0,female,205260.0,11,RENT,25000.0,EDUCATION,15.2,0.12,8.0,699,0
0.0,27.0,male,205080.0,3,RENT,25000.0,PERSONAL,16.32,0.12,10.0,435,0
0.0,27.0,female,268928.0,8,RENT,25000.0,EDUCATION,18.3,0.09,9.0,677,1
1.0,30.0,male,39324.0,8,RENT,24250.0,PERSONAL,11.12,0.62,5.0,671,1
4.0,27.0,male,57560.0,2,RENT,24000.0,DEBTCONSOLIDATION,17.14,0.42,5.0,702,1
4.0,35.0,female,59868.0,13,RENT,24000.0,DEBTCONSOLIDATION,15.2,0.4,10.0,594,1
2.0,28.0,male,65930.0,4,RENT,24000.0,VENTURE,16.45,0.36,8.0,540,1
0.0,31.0,male,73162.0,10,RENT,24000.0,DEBTCONSOLIDATION,17.43,0.33,9.0,572,1
4.0,34.0,male,55599.0,11,RENT,23500.0,PERSONAL,11.36,0.42,9.0,723,1
0.0,29.0,male,56162.0,10,RENT,22750.0,DEBTCONSOLIDATION,14.46,0.41,9.0,684,1
0.0,28.0,male,56844.0,1,RENT,22500.0,EDUCATION,14.96,0.4,9.0,600,1
1.0,34.0,female,47759.0,10,RENT,22400.0,HOMEIMPROVEMENT,11.01,0.47,9.0,494,1
4.0,27.0,male,228789.0,5,RENT,22000.0,VENTURE,6.91,0.1,10.0,702,0
1.0,35.0,male,49179.0,13,RENT,21000.0,VENTURE,19.41,0.43,10.0,671,1
4.0,34.0,male,166273.0,10,RENT,21000.0,HOMEIMPROVEMENT,18.79,0.13,10.0,719,1
1.0,35.0,male,49977.0,12,RENT,20500.0,EDUCATION,12.53,0.41,6.0,706,1
0.0,31.0,male,37391.0,8,RENT,20200.0,PERSONAL,14.74,0.54,5.0,589,1
0.0,32.0,female,48586.0,12,RENT,20000.0,DEBTCONSOLIDATION,13.11,0.41,5.0,717,1
0.0,27.0,male,49045.0,5,RENT,20000.0,DEBTCONSOLIDATION,6.91,0.41,8.0,498,1
4.0,32.0,female,44847.0,10,RENT,20000.0,DEBTCONSOLIDATION,11.01,0.45,8.0,629,1
4.0,34.0,male,163132.0,11,RENT,20000.0,HOMEIMPROVEMENT,17.74,0.12,8.0,702,0
0.0,30.0,female,44789.0,10,RENT,19000.0,EDUCATION,15.21,0.42,5.0,681,1
1.0,31.0,female,764203.0,10,RENT,17500.0,DEBTCONSOLIDATION,11.48,0.02,10.0,649,0
0.0,28.0,male,29696.0,8,RENT,16750.0,MEDICAL,14.96,0.56,10.0,677,1
4.0,33.0,male,32385.0,12,MORTGAGE,15000.0,DEBTCONSOLIDATION,9.76,0.46,6.0,684,1
1.0,27.0,male,29947.0,3,RENT,1200.0,MEDICAL,18.99,0.04,7.0,501,0
3.0,28.0,female,34209.0,4,MORTGAGE,15000.0,VENTURE,6.54,0.44,10.0,644,0
4.0,35.0,female,613103.0,10,RENT,1800.0,PERSONAL,13.48,0.0,6.0,571,0
4.0,31.0,female,142825.0,9,RENT,2000.0,PERSONAL,16.89,0.01,8.0,538,1
0.0,27.0,female,42209.0,2,RENT,14000.0,MEDICAL,19.82,0.33,10.0,565,1
4.0,34.0,male,36594.0,13,MORTGAGE,14000.0,VENTURE,7.51,0.38,8.0,603,0
1.0,34.0,male,36893.0,11,MORTGAGE,18000.0,EDUCATION,12.84,0.49,10.0,590,0
4.0,29.0,male,34698.0,2,RENT,13200.0,MEDICAL,6.17,0.38,10.0,671,1
4.0,30.0,female,43036.0,5,MORTGAGE,22750.0,DEBTCONSOLIDATION,10.62,0.53,10.0,649,0
0.0,31.0,female,45256.0,9,MORTGAGE,22000.0,DEBTCONSOLIDATION,12.73,0.49,7.0,708,0
0.0,29.0,male,49234.0,7,MORTGAGE,25000.0,PERSONAL,11.86,0.51,7.0,650,0
4.0,27.0,female,331396.0,5,RENT,10000.0,HOMEIMPROVEMENT,14.91,0.03,10.0,653,0
1.0,34.0,male,50979.0,11,OWN,22750.0,VENTURE,6.91,0.45,10.0,679,0
0.0,29.0,female,53840.0,7,MORTGAGE,24000.0,MEDICAL,6.91,0.45,8.0,680,0
4.0,35.0,male,241175.0,14,RENT,5000.0,VENTURE,11.01,0.02,10.0,673,0
3.0,27.0,male,58793.0,6,OWN,24000.0,VENTURE,9.91,0.41,9.0,508,0
1.0,34.0,female,61246.0,15,MORTGAGE,22800.0,VENTURE,18.67,0.37,10.0,712,0
3.0,35.0,female,200302.0,15,RENT,6000.0,DEBTCONSOLIDATION,5.42,0.03,10.0,679,0
1.0,34.0,female,677591.0,15,RENT,6000.0,MEDICAL,7.14,0.01,5.0,719,0
3.0,32.0,male,15154.0,9,RENT,6200.0,EDUCATION,6.17,0.41,9.0,571,1
0.0,29.0,female,62238.0,2,MORTGAGE,25000.0,PERSONAL,11.49,0.4,10.0,650,0
3.0,35.0,female,262431.0,13,RENT,7000.0,DEBTCONSOLIDATION,14.11,0.03,9.0,479,1
1.0,29.0,male,64009.0,7,MORTGAGE,25475.0,EDUCATION,16.29,0.4,7.0,568,0
0.0,31.0,female,57367.0,12,MORTGAGE,23000.0,VENTURE,14.84,0.4,9.0,593,1
1.0,27.0,female,57447.0,4,MORTGAGE,25000.0,DEBTCONSOLIDATION,14.96,0.44,9.0,662,1
2.0,27.0,male,65549.0,5,MORTGAGE,27575.0,HOMEIMPROVEMENT,11.01,0.42,10.0,667,0
0.0,34.0,female,65905.0,11,MORTGAGE,27000.0,HOMEIMPROVEMENT,7.9,0.41,5.0,704,0
4.0,33.0,female,65952.0,7,MORTGAGE,32000.0,DEBTCONSOLIDATION,15.23,0.49,7.0,545,1
1.0,28.0,male,73059.0,9,MORTGAGE,35000.0,EDUCATION,10.59,0.48,6.0,659,0
3.0,35.0,female,73094.0,16,MORTGAGE,25000.0,DEBTCONSOLIDATION,12.73,0.34,8.0,629,0
1.0,29.0,female,65681.0,7,MORTGAGE,25000.0,PERSONAL,20.0,0.38,8.0,665,1
4.0,35.0,male,72970.0,15,OWN,24000.0,PERSONAL,12.53,0.33,9.0,656,0
1.0,35.0,male,73197.0,13,MORTGAGE,25000.0,EDUCATION,15.31,0.34,6.0,653,0
0.0,30.0,male,65674.0,8,MORTGAGE,24000.0,HOMEIMPROVEMENT,18.72,0.37,8.0,611,1
1.0,31.0,female,663415.0,10,RENT,8000.0,PERSONAL,7.29,0.01,10.0,587,0
0.0,30.0,female,778815.0,8,RENT,8000.0,DEBTCONSOLIDATION,12.73,0.01,10.0,641,0
4.0,29.0,male,73150.0,6,MORTGAGE,25000.0,MEDICAL,20.0,0.34,10.0,630,1
3.0,32.0,male,27428.0,12,RENT,10000.0,MEDICAL,18.39,0.36,6.0,651,1
0.0,35.0,female,82555.0,15,MORTGAGE,32000.0,PERSONAL,19.03,0.39,7.0,641,0
4.0,27.0,male,82921.0,4,MORTGAGE,30000.0,HOMEIMPROVEMENT,15.99,0.36,7.0,639,0
0.0,30.0,female,85262.0,6,MORTGAGE,31825.0,MEDICAL,12.69,0.37,8.0,692,0
0.0,31.0,female,66125.0,8,MORTGAGE,27050.0,MEDICAL,14.54,0.41,7.0,528,1
4.0,28.0,female,87415.0,10,MORTGAGE,28000.0,EDUCATION,15.96,0.32,10.0,549,0
1.0,35.0,female,84100.0,14,MORTGAGE,25500.0,VENTURE,17.27,0.3,5.0,610,1
3.0,35.0,female,73413.0,14,MORTGAGE,25000.0,MEDICAL,16.82,0.34,5.0,638,1
0.0,35.0,female,94669.0,13,MORTGAGE,30000.0,VENTURE,17.58,0.32,8.0,686,0
4.0,35.0,male,96756.0,13,MORTGAGE,35000.0,DEBTCONSOLIDATION,11.99,0.36,5.0,675,0
2.0,27.0,female,97193.0,1,MORTGAGE,35000.0,PERSONAL,11.01,0.36,8.0,658,0
3.0,29.0,female,92211.0,6,OWN,25000.0,HOMEIMPROVEMENT,20.0,0.27,6.0,506,1
3.0,29.0,female,104273.0,9,MORTGAGE,25000.0,HOMEIMPROVEMENT,16.82,0.24,9.0,456,0
4.0,27.0,male,94334.0,4,MORTGAGE,35000.0,HOMEIMPROVEMENT,17.27,0.37,5.0,615,1
1.0,32.0,male,845636.0,13,RENT,12000.0,MEDICAL,15.33,0.01,9.0,648,1
0.0,29.0,female,42250.0,4,OWN,20000.0,VENTURE,7.29,0.47,10.0,648,0
4.0,28.0,female,113309.0,6,MORTGAGE,35000.0,PERSONAL,8.49,0.31,6.0,722,0
4.0,27.0,female,41220.0,6,OWN,21250.0,PERSONAL,8.88,0.52,6.0,666,0
0.0,32.0,female,37149.0,11,OWN,17875.0,HOMEIMPROVEMENT,6.99,0.48,5.0,655,0
4.0,32.0,male,35391.0,10,RENT,14500.0,PERSONAL,16.7,0.41,10.0,669,1
0.0,29.0,male,37021.0,7,RENT,15000.0,DEBTCONSOLIDATION,16.4,0.41,10.0,637,1
1.0,32.0,female,124941.0,12,MORTGAGE,33000.0,PERSONAL,18.64,0.26,6.0,712,1
3.0,33.0,male,47897.0,12,RENT,15000.0,DEBTCONSOLIDATION,17.56,0.31,5.0,533,1
4.0,34.0,male,130213.0,13,MORTGAGE,25000.0,DEBTCONSOLIDATION,20.0,0.19,8.0,604,1
4.0,28.0,female,133815.0,0,MORTGAGE,25000.0,DEBTCONSOLIDATION,19.79,0.19,5.0,645,1
3.0,29.0,female,138406.0,7,MORTGAGE,30000.0,DEBTCONSOLIDATION,19.29,0.22,6.0,547,1
0.0,33.0,male,142831.0,11,MORTGAGE,35000.0,DEBTCONSOLIDATION,17.49,0.25,7.0,649,1
1.0,30.0,female,162863.0,11,MORTGAGE,32000.0,DEBTCONSOLIDATION,7.9,0.2,9.0,728,0
4.0,27.0,female,126219.0,3,MORTGAGE,23000.0,MEDICAL,18.43,0.18,9.0,578,1
1.0,34.0,male,167096.0,14,MORTGAGE,25000.0,PERSONAL,14.59,0.15,8.0,546,0
3.0,35.0,female,167901.0,17,MORTGAGE,35000.0,DEBTCONSOLIDATION,12.69,0.21,6.0,665,0
4.0,31.0,male,154872.0,8,MORTGAGE,35000.0,DEBTCONSOLIDATION,15.99,0.23,6.0,647,1
0.0,28.0,female,131470.0,6,MORTGAGE,35000.0,MEDICAL,16.4,0.27,7.0,515,1
1.0,35.0,female,173681.0,11,MORTGAGE,35000.0,EDUCATION,11.01,0.2,9.0,477,0
3.0,34.0,female,137684.0,11,MORTGAGE,35000.0,MEDICAL,18.64,0.25,10.0,470,1
0.0,34.0,female,166557.0,13,MORTGAGE,2400.0,HOMEIMPROVEMENT,19.91,0.01,7.0,695,1
0.0,33.0,male,166588.0,6,MORTGAGE,25000.0,HOMEIMPROVEMENT,20.0,0.15,10.0,649,1
4.0,32.0,male,181442.0,10,MORTGAGE,24000.0,PERSONAL,17.04,0.13,9.0,623,0
4.0,35.0,male,185611.0,14,MORTGAGE,24000.0,HOMEIMPROVEMENT,7.9,0.13,10.0,607,0
4.0,34.0,male,188391.0,12,MORTGAGE,25000.0,MEDICAL,11.01,0.13,9.0,722,0
0.0,28.0,male,204854.0,7,MORTGAGE,20000.0,PERSONAL,18.99,0.1,7.0,640,0
1.0,33.0,male,197192.0,12,MORTGAGE,10000.0,EDUCATION,18.39,0.05,5.0,723,1
4.0,30.0,male,217125.0,9,MORTGAGE,14000.0,MEDICAL,6.03,0.06,9.0,715,0
4.0,34.0,female,234964.0,11,MORTGAGE,6000.0,PERSONAL,6.92,0.03,10.0,626,0
2.0,27.0,female,241287.0,5,MORTGAGE,7000.0,PERSONAL,6.03,0.03,10.0,706,0
4.0,35.0,male,241005.0,17,MORTGAGE,25000.0,EDUCATION,11.01,0.1,7.0,693,0
4.0,30.0,male,240693.0,10,MORTGAGE,21600.0,DEBTCONSOLIDATION,13.11,0.09,8.0,509,0
4.0,29.0,female,360479.0,8,RENT,16000.0,HOMEIMPROVEMENT,11.58,0.04,8.0,682,0
3.0,32.0,male,265048.0,9,MORTGAGE,33000.0,HOMEIMPROVEMENT,20.0,0.12,9.0,661,0
4.0,35.0,male,270926.0,13,MORTGAGE,5000.0,VENTURE,7.49,0.02,9.0,676,0
3.0,32.0,male,687568.0,14,RENT,16000.0,MEDICAL,9.76,0.02,5.0,687,0
1.0,27.0,male,256673.0,8,MORTGAGE,35000.0,DEBTCONSOLIDATION,16.77,0.14,5.0,662,1
3.0,34.0,female,271141.0,15,MORTGAGE,3000.0,MEDICAL,13.35,0.01,10.0,703,0
4.0,27.0,female,274789.0,6,MORTGAGE,6000.0,HOMEIMPROVEMENT,7.14,0.02,6.0,724,0
1.0,29.0,female,262437.0,8,MORTGAGE,25000.0,DEBTCONSOLIDATION,19.04,0.1,9.0,578,1
0.0,27.0,female,283178.0,5,MORTGAGE,28000.0,VENTURE,15.96,0.1,5.0,597,0
4.0,33.0,male,289143.0,8,OWN,15000.0,PERSONAL,13.16,0.05,10.0,617,0
0.0,29.0,female,291800.0,6,OWN,35000.0,MEDICAL,10.37,0.12,8.0,672,0
1.0,28.0,male,295269.0,10,MORTGAGE,18000.0,PERSONAL,17.39,0.06,9.0,615,0
0.0,29.0,male,300889.0,8,MORTGAGE,25000.0,EDUCATION,6.62,0.08,9.0,671,0
1.0,29.0,male,300992.0,7,MORTGAGE,10000.0,PERSONAL,7.49,0.03,10.0,717,0
1.0,30.0,male,301156.0,9,OWN,15000.0,MEDICAL,15.99,0.05,8.0,583,0
4.0,32.0,female,300997.0,11,MORTGAGE,20000.0,EDUCATION,11.48,0.07,10.0,673,0
4.0,30.0,female,304778.0,6,MORTGAGE,24000.0,DEBTCONSOLIDATION,14.96,0.08,7.0,703,1
0.0,29.0,male,319204.0,3,MORTGAGE,25000.0,PERSONAL,11.26,0.08,10.0,597,0
1.0,28.0,male,320081.0,4,MORTGAGE,9000.0,PERSONAL,5.42,0.03,10.0,676,0
1.0,34.0,male,330971.0,13,MORTGAGE,25000.0,VENTURE,16.32,0.08,9.0,632,0
4.0,29.0,female,349176.0,10,MORTGAGE,13175.0,PERSONAL,10.99,0.04,7.0,704,0
0.0,30.0,female,360839.0,9,OWN,35000.0,HOMEIMPROVEMENT,10.59,0.1,10.0,606,0
0.0,28.0,female,360880.0,6,MORTGAGE,9600.0,PERSONAL,15.23,0.03,10.0,678,0
4.0,28.0,male,361101.0,7,MORTGAGE,10125.0,EDUCATION,15.23,0.03,6.0,717,0
1.0,28.0,female,346815.0,7,MORTGAGE,18000.0,VENTURE,20.0,0.05,9.0,622,1
0.0,31.0,female,360803.0,7,MORTGAGE,35000.0,VENTURE,15.23,0.1,6.0,666,0
0.0,27.0,male,361226.0,5,MORTGAGE,35000.0,DEBTCONSOLIDATION,11.01,0.1,8.0,675,0
1.0,32.0,male,361150.0,8,MORTGAGE,24000.0,MEDICAL,12.87,0.07,10.0,681,0
1.0,33.0,male,360931.0,9,OWN,25000.0,MEDICAL,14.42,0.07,7.0,589,0
3.0,27.0,male,384783.0,5,MORTGAGE,28000.0,DEBTCONSOLIDATION,7.9,0.07,9.0,623,0
4.0,28.0,female,325368.0,9,MORTGAGE,25000.0,MEDICAL,17.88,0.08,6.0,614,1
4.0,35.0,female,329467.0,14,MORTGAGE,25000.0,MEDICAL,14.59,0.08,6.0,638,1
4.0,29.0,female,420896.0,7,MORTGAGE,12000.0,DEBTCONSOLIDATION,7.51,0.03,7.0,710,0
1.0,34.0,female,429091.0,12,MORTGAGE,14000.0,HOMEIMPROVEMENT,18.64,0.03,9.0,599,0
4.0,30.0,female,447379.0,4,OWN,2400.0,HOMEIMPROVEMENT,10.99,0.01,5.0,594,0
4.0,32.0,male,462976.0,11,MORTGAGE,19925.0,VENTURE,7.9,0.04,9.0,650,0
1.0,33.0,female,493048.0,10,MORTGAGE,35000.0,HOMEIMPROVEMENT,10.37,0.07,5.0,657,0
1.0,35.0,male,498907.0,13,MORTGAGE,15500.0,HOMEIMPROVEMENT,16.45,0.03,10.0,713,0
1.0,29.0,male,541155.0,4,MORTGAGE,25000.0,EDUCATION,15.37,0.05,7.0,683,0
0.0,29.0,female,577111.0,9,MORTGAGE,6500.0,MEDICAL,5.42,0.01,6.0,581,0
2.0,34.0,male,478482.0,10,MORTGAGE,14000.0,MEDICAL,14.61,0.03,5.0,604,1
0.0,30.0,female,627222.0,4,MORTGAGE,2500.0,HOMEIMPROVEMENT,7.43,0.0,9.0,637,0
1.0,33.0,male,13376.0,8,OWN,7200.0,VENTURE,6.03,0.54,8.0,715,1
4.0,28.0,male,725713.0,5,MORTGAGE,25000.0,PERSONAL,9.01,0.03,9.0,735,1
1.0,32.0,male,900803.0,10,MORTGAGE,30000.0,DEBTCONSOLIDATION,9.91,0.03,8.0,647,0
0.0,35.0,female,915386.0,14,OWN,10000.0,MEDICAL,8.94,0.01,10.0,630,0
1.0,29.0,male,288930.0,5,MORTGAGE,35000.0,PERSONAL,14.91,0.12,6.0,615,0
0.0,28.0,male,79126.0,5,MORTGAGE,25000.0,DEBTCONSOLIDATION,18.62,0.32,9.0,555,1
4.0,33.0,female,65664.0,10,MORTGAGE,32000.0,MEDICAL,15.23,0.49,7.0,677,1
1.0,29.0,male,49080.0,7,MORTGAGE,25000.0,HOMEIMPROVEMENT,11.86,0.51,6.0,714,0
1.0,31.0,female,45212.0,10,MORTGAGE,22000.0,VENTURE,12.73,0.49,6.0,670,0
0.0,27.0,female,190083.0,5,MORTGAGE,35000.0,DEBTCONSOLIDATION,12.99,0.18,10.0,689,0
3.0,34.0,male,316200.0,11,MORTGAGE,25000.0,DEBTCONSOLIDATION,16.32,0.08,9.0,655,1
0.0,35.0,female,915203.0,10,OWN,10000.0,MEDICAL,8.94,0.01,8.0,676,0
3.0,29.0,female,73119.0,9,MORTGAGE,25000.0,DEBTCONSOLIDATION,20.0,0.34,9.0,640,1
1.0,30.0,female,263825.0,7,MORTGAGE,35000.0,MEDICAL,19.69,0.13,9.0,670,1
0.0,27.0,male,282681.0,2,MORTGAGE,28000.0,PERSONAL,15.96,0.1,9.0,614,0
3.0,32.0,male,124500.0,14,MORTGAGE,33000.0,EDUCATION,18.64,0.27,10.0,706,1
1.0,30.0,male,319107.0,6,MORTGAGE,24000.0,HOMEIMPROVEMENT,14.96,0.08,7.0,686,0
4.0,34.0,female,192674.0,9,MORTGAGE,25000.0,HOMEIMPROVEMENT,13.49,0.13,5.0,716,0
0.0,32.0,male,273933.0,6,RENT,25000.0,HOMEIMPROVEMENT,12.53,0.09,10.0,697,0
1.0,34.0,female,93227.0,11,RENT,35000.0,DEBTCONSOLIDATION,18.25,0.38,10.0,602,1
1.0,27.0,male,310552.0,3,RENT,35000.0,EDUCATION,18.64,0.11,10.0,588,1
1.0,32.0,male,418378.0,8,MORTGAGE,25000.0,PERSONAL,11.83,0.06,10.0,576,0
0.0,27.0,female,63494.0,2,RENT,22950.0,MEDICAL,13.49,0.36,10.0,551,1
3.0,33.0,male,735661.0,10,RENT,5950.0,MEDICAL,12.73,0.01,10.0,643,0
1.0,32.0,male,301151.0,12,MORTGAGE,25000.0,VENTURE,14.59,0.08,7.0,565,0
0.0,34.0,male,49030.0,14,RENT,25000.0,EDUCATION,10.25,0.51,5.0,611,1
4.0,27.0,male,78734.0,6,RENT,28000.0,PERSONAL,7.9,0.36,10.0,722,1
1.0,31.0,female,423202.0,11,RENT,10500.0,HOMEIMPROVEMENT,15.7,0.02,9.0,689,0
3.0,31.0,male,37662.0,10,RENT,20200.0,PERSONAL,14.74,0.54,8.0,604,1
0.0,30.0,male,166437.0,9,MORTGAGE,23975.0,EDUCATION,17.93,0.14,6.0,557,1
0.0,33.0,female,481043.0,12,MORTGAGE,15000.0,MEDICAL,6.03,0.03,6.0,618,0
4.0,28.0,female,725550.0,4,MORTGAGE,25000.0,PERSONAL,9.01,0.03,9.0,604,1
0.0,30.0,male,360919.0,7,OWN,35000.0,VENTURE,10.59,0.1,5.0,658,0
0.0,34.0,male,36765.0,11,MORTGAGE,18000.0,DEBTCONSOLIDATION,12.84,0.49,5.0,635,0
1.0,34.0,female,576874.0,12,MORTGAGE,14000.0,PERSONAL,14.61,0.02,9.0,698,0
1.0,27.0,male,94941.0,3,OWN,35000.0,MEDICAL,17.99,0.37,7.0,584,1
4.0,34.0,male,162978.0,13,RENT,20000.0,VENTURE,17.74,0.12,5.0,652,0
1.0,29.0,female,577347.0,3,MORTGAGE,6500.0,DEBTCONSOLIDATION,5.42,0.01,9.0,686,0
2.0,36.0,male,1440982.0,15,OWN,10000.0,MEDICAL,6.54,0.01,11.0,682,0
1.0,40.0,female,1440915.0,19,MORTGAGE,10000.0,MEDICAL,11.01,0.01,16.0,637,0
3.0,50.0,male,1081082.0,28,MORTGAGE,30000.0,DEBTCONSOLIDATION,12.69,0.03,15.0,643,0
3.0,36.0,female,1081254.0,14,MORTGAGE,6000.0,PERSONAL,11.01,0.01,12.0,600,0
1.0,36.0,male,84049.0,13,RENT,35000.0,VENTURE,11.01,0.42,15.0,700,1
4.0,45.0,male,96924.0,25,RENT,35000.0,MEDICAL,11.01,0.36,13.0,566,1
1.0,37.0,male,97166.0,14,RENT,35000.0,HOMEIMPROVEMENT,11.99,0.36,17.0,637,1
3.0,39.0,female,850679.0,18,MORTGAGE,25000.0,DEBTCONSOLIDATION,12.18,0.03,12.0,668,0
3.0,44.0,male,703125.0,24,MORTGAGE,20000.0,MEDICAL,11.01,0.03,16.0,563,1
0.0,36.0,female,840912.0,14,MORTGAGE,25000.0,MEDICAL,12.53,0.03,13.0,629,0
1.0,40.0,male,649823.0,16,MORTGAGE,35000.0,MEDICAL,15.99,0.05,11.0,614,1
0.0,37.0,female,103064.0,11,RENT,35000.0,HOMEIMPROVEMENT,8.9,0.34,17.0,656,1
4.0,43.0,female,600812.0,22,MORTGAGE,25000.0,VENTURE,12.61,0.04,14.0,685,0
4.0,39.0,male,485461.0,16,MORTGAGE,35000.0,MEDICAL,11.01,0.07,11.0,668,1
0.0,41.0,male,577228.0,17,MORTGAGE,16000.0,DEBTCONSOLIDATION,7.9,0.03,17.0,660,0
3.0,40.0,female,160447.0,13,RENT,35000.0,EDUCATION,14.54,0.22,17.0,630,1
4.0,36.0,male,490811.0,15,MORTGAGE,35000.0,HOMEIMPROVEMENT,7.9,0.07,13.0,654,0
1.0,37.0,male,490621.0,16,RENT,6000.0,EDUCATION,12.61,0.01,13.0,699,0
4.0,43.0,female,480854.0,20,MORTGAGE,28000.0,VENTURE,9.91,0.06,11.0,619,0
1.0,43.0,male,421260.0,19,MORTGAGE,18000.0,MEDICAL,11.49,0.04,16.0,702,0
1.0,46.0,male,404111.0,25,OWN,9000.0,VENTURE,11.49,0.02,13.0,679,0
0.0,44.0,male,82056.0,20,RENT,32400.0,HOMEIMPROVEMENT,11.01,0.39,13.0,638,1
3.0,43.0,female,89491.0,19,RENT,30600.0,DEBTCONSOLIDATION,18.79,0.34,17.0,648,1
3.0,38.0,female,368127.0,16,MORTGAGE,15000.0,VENTURE,10.62,0.04,17.0,693,0
3.0,47.0,female,366927.0,24,MORTGAGE,10000.0,HOMEIMPROVEMENT,13.43,0.03,12.0,665,0
3.0,46.0,female,367057.0,25,MORTGAGE,20000.0,VENTURE,17.93,0.05,13.0,564,0
3.0,42.0,female,360959.0,23,MORTGAGE,10000.0,PERSONAL,17.27,0.03,14.0,710,0
3.0,37.0,female,67412.0,13,RENT,30000.0,DEBTCONSOLIDATION,9.91,0.45,15.0,637,1
1.0,47.0,male,15590.0,23,OWN,1950.0,MEDICAL,12.69,0.13,12.0,645,1
1.0,37.0,female,361023.0,16,MORTGAGE,25000.0,EDUCATION,11.49,0.07,14.0,650,0
0.0,36.0,female,108834.0,12,RENT,30000.0,PERSONAL,15.99,0.28,11.0,610,1
3.0,38.0,male,15693.0,16,OWN,4800.0,DEBTCONSOLIDATION,7.29,0.31,12.0,587,1
0.0,36.0,female,336807.0,12,RENT,5000.0,DEBTCONSOLIDATION,14.26,0.01,16.0,652,0
3.0,37.0,female,264810.0,11,RENT,30000.0,EDUCATION,9.91,0.11,17.0,583,0
4.0,41.0,female,322597.0,18,MORTGAGE,24000.0,PERSONAL,10.37,0.07,11.0,683,0
3.0,43.0,male,321399.0,20,MORTGAGE,21000.0,DEBTCONSOLIDATION,12.69,0.07,13.0,645,0
0.0,37.0,female,313076.0,13,MORTGAGE,20000.0,VENTURE,14.96,0.06,12.0,673,0
0.0,36.0,female,300870.0,12,MORTGAGE,31400.0,PERSONAL,14.27,0.1,16.0,561,0
0.0,40.0,male,68772.0,16,RENT,28000.0,HOMEIMPROVEMENT,18.62,0.41,14.0,635,1
3.0,44.0,male,15209.0,20,OWN,2000.0,HOMEIMPROVEMENT,9.88,0.13,11.0,553,1
2.0,41.0,female,301153.0,21,MORTGAGE,5000.0,EDUCATION,9.99,0.02,12.0,721,0
0.0,36.0,female,301178.0,15,RENT,20000.0,DEBTCONSOLIDATION,7.88,0.07,17.0,690,0
3.0,41.0,female,301161.0,23,MORTGAGE,4200.0,DEBTCONSOLIDATION,13.11,0.01,14.0,690,0
3.0,36.0,male,300926.0,13,MORTGAGE,4000.0,VENTURE,7.14,0.01,12.0,679,0
0.0,48.0,male,274744.0,19,MORTGAGE,25000.0,HOMEIMPROVEMENT,15.31,0.09,13.0,673,1
1.0,45.0,male,103185.0,23,RENT,26000.0,PERSONAL,14.27,0.25,15.0,590,1
3.0,40.0,female,280535.0,18,MORTGAGE,15000.0,MEDICAL,11.83,0.05,15.0,667,0
3.0,43.0,male,276859.0,21,MORTGAGE,25000.0,HOMEIMPROVEMENT,15.58,0.09,15.0,640,0
1.0,42.0,male,57664.0,23,RENT,25000.0,MEDICAL,12.18,0.43,15.0,610,1
3.0,45.0,male,271448.0,22,RENT,22200.0,PERSONAL,12.69,0.08,12.0,512,0
3.0,41.0,female,270601.0,16,MORTGAGE,35000.0,HOMEIMPROVEMENT,15.62,0.13,14.0,548,0
4.0,45.0,female,271200.0,25,MORTGAGE,10000.0,PERSONAL,11.01,0.04,11.0,632,0
3.0,40.0,male,213196.0,19,RENT,25000.0,MEDICAL,10.99,0.12,17.0,674,1
3.0,44.0,male,252856.0,23,MORTGAGE,25000.0,VENTURE,10.37,0.1,14.0,685,0
4.0,40.0,male,253004.0,15,MORTGAGE,20000.0,EDUCATION,6.17,0.08,17.0,655,0
1.0,42.0,female,253243.0,21,MORTGAGE,16000.0,VENTURE,13.47,0.06,11.0,642,0
0.0,45.0,male,252929.0,22,MORTGAGE,12000.0,DEBTCONSOLIDATION,9.63,0.05,12.0,542,0
3.0,41.0,male,59760.0,20,RENT,25000.0,HOMEIMPROVEMENT,17.04,0.42,13.0,606,1
0.0,40.0,male,242687.0,18,RENT,12450.0,EDUCATION,12.23,0.05,15.0,692,0
4.0,45.0,female,72728.0,22,RENT,25000.0,DEBTCONSOLIDATION,9.99,0.34,16.0,696,1
3.0,38.0,female,240896.0,15,MORTGAGE,25000.0,PERSONAL,7.9,0.1,13.0,640,0
0.0,50.0,female,240876.0,31,RENT,7000.0,PERSONAL,10.99,0.03,15.0,676,0
0.0,37.0,male,240948.0,15,MORTGAGE,6000.0,DEBTCONSOLIDATION,5.42,0.02,14.0,627,0
0.0,39.0,female,241153.0,19,MORTGAGE,4800.0,PERSONAL,7.49,0.02,13.0,689,0
0.0,36.0,female,241150.0,15,MORTGAGE,14000.0,MEDICAL,7.49,0.06,15.0,618,0
3.0,37.0,male,241002.0,15,MORTGAGE,25000.0,EDUCATION,15.57,0.1,14.0,579,0
1.0,36.0,female,240800.0,16,OWN,25000.0,HOMEIMPROVEMENT,15.2,0.1,13.0,707,0
3.0,41.0,male,241503.0,20,MORTGAGE,1000.0,VENTURE,10.38,0.0,13.0,611,0
3.0,39.0,female,241019.0,18,MORTGAGE,18000.0,EDUCATION,10.99,0.07,13.0,590,0
3.0,41.0,male,80801.0,18,RENT,25000.0,EDUCATION,17.56,0.31,15.0,725,1
3.0,38.0,female,240826.0,17,MORTGAGE,20000.0,PERSONAL,11.48,0.08,15.0,653,0
0.0,47.0,male,67887.0,26,RENT,25000.0,MEDICAL,11.01,0.37,13.0,658,1
3.0,44.0,male,87472.0,20,RENT,25000.0,HOMEIMPROVEMENT,19.41,0.29,17.0,605,1
3.0,38.0,female,231498.0,16,MORTGAGE,5600.0,HOMEIMPROVEMENT,7.9,0.02,14.0,661,0
3.0,37.0,male,231922.0,14,MORTGAGE,25600.0,DEBTCONSOLIDATION,5.99,0.11,17.0,620,0
0.0,46.0,female,231159.0,21,MORTGAGE,25000.0,VENTURE,14.79,0.11,14.0,665,0
2.0,36.0,female,231135.0,13,OTHER,20000.0,VENTURE,11.48,0.09,17.0,688,0
0.0,44.0,female,229542.0,26,MORTGAGE,8000.0,PERSONAL,13.16,0.03,15.0,648,0
3.0,36.0,male,18192.0,14,OWN,7000.0,DEBTCONSOLIDATION,5.42,0.38,16.0,694,1
1.0,36.0,female,210062.0,11,RENT,20000.0,VENTURE,17.04,0.1,16.0,685,1
3.0,37.0,male,223839.0,18,OWN,3000.0,VENTURE,6.39,0.01,17.0,675,0
3.0,46.0,female,223521.0,24,MORTGAGE,20000.0,VENTURE,11.36,0.09,15.0,708,0
0.0,43.0,female,216774.0,19,MORTGAGE,6000.0,HOMEIMPROVEMENT,14.27,0.03,17.0,663,0
3.0,36.0,female,216829.0,12,RENT,24000.0,EDUCATION,9.99,0.11,15.0,565,0
0.0,45.0,female,217025.0,24,MORTGAGE,10000.0,MEDICAL,5.99,0.05,11.0,708,0
0.0,49.0,male,172318.0,24,MORTGAGE,24000.0,MEDICAL,11.01,0.14,14.0,591,1
0.0,39.0,female,94734.0,16,RENT,25000.0,HOMEIMPROVEMENT,16.02,0.26,17.0,660,1
3.0,45.0,male,100737.0,22,RENT,25000.0,EDUCATION,12.87,0.25,14.0,689,1
0.0,38.0,male,210811.0,14,MORTGAGE,21000.0,EDUCATION,9.99,0.1,14.0,590,0
3.0,37.0,male,117692.0,19,RENT,25000.0,HOMEIMPROVEMENT,19.41,0.21,11.0,698,0
3.0,37.0,male,106548.0,16,RENT,25000.0,PERSONAL,19.66,0.23,12.0,626,1
3.0,47.0,female,108864.0,26,RENT,25000.0,VENTURE,15.65,0.23,17.0,630,1
4.0,37.0,male,211043.0,12,RENT,15000.0,HOMEIMPROVEMENT,9.76,0.07,17.0,708,0
0.0,37.0,male,211146.0,15,MORTGAGE,6500.0,MEDICAL,13.35,0.03,17.0,699,0
4.0,37.0,female,113863.0,16,RENT,25000.0,HOMEIMPROVEMENT,13.11,0.22,16.0,741,1
3.0,44.0,female,207311.0,24,MORTGAGE,25000.0,VENTURE,9.62,0.12,11.0,600,0
3.0,41.0,female,206452.0,14,MORTGAGE,25000.0,HOMEIMPROVEMENT,11.12,0.12,14.0,646,0
0.0,37.0,male,205043.0,14,MORTGAGE,25000.0,HOMEIMPROVEMENT,16.45,0.12,13.0,652,0
3.0,40.0,male,118587.0,16,RENT,25000.0,DEBTCONSOLIDATION,19.04,0.21,16.0,584,1
4.0,46.0,female,204842.0,21,MORTGAGE,7200.0,HOMEIMPROVEMENT,9.91,0.04,12.0,691,0
0.0,39.0,male,205054.0,14,MORTGAGE,32000.0,MEDICAL,7.49,0.16,13.0,647,0
1.0,36.0,male,124581.0,13,RENT,25000.0,VENTURE,12.53,0.2,15.0,529,1
3.0,38.0,female,150371.0,18,RENT,25000.0,EDUCATION,13.06,0.17,13.0,720,0
3.0,39.0,female,121238.0,17,RENT,25000.0,MEDICAL,15.7,0.21,16.0,572,1
0.0,47.0,male,198785.0,26,MORTGAGE,19800.0,HOMEIMPROVEMENT,15.65,0.1,16.0,665,0
0.0,40.0,female,190794.0,19,RENT,25000.0,HOMEIMPROVEMENT,16.82,0.13,16.0,567,1
0.0,36.0,male,516892.0,18,RENT,25000.0,VENTURE,13.8,0.05,16.0,663,0
3.0,48.0,female,20945.0,26,OWN,3300.0,HOMEIMPROVEMENT,10.99,0.16,14.0,668,1
0.0,37.0,male,192877.0,15,MORTGAGE,24000.0,PERSONAL,6.54,0.12,15.0,694,0
3.0,42.0,female,83295.0,18,RENT,24250.0,MEDICAL,15.58,0.29,14.0,601,1
1.0,39.0,male,94548.0,19,RENT,24250.0,MEDICAL,16.0,0.26,13.0,601,1
0.0,40.0,female,151121.0,15,RENT,24250.0,DEBTCONSOLIDATION,11.01,0.16,17.0,653,0
3.0,50.0,female,142680.0,25,RENT,24250.0,EDUCATION,13.92,0.17,12.0,630,1
0.0,36.0,male,162885.0,9,RENT,24250.0,DEBTCONSOLIDATION,12.87,0.15,15.0,575,0
0.0,40.0,male,55150.0,18,RENT,24000.0,EDUCATION,10.65,0.44,11.0,621,1
0.0,38.0,female,21423.0,14,MORTGAGE,4375.0,EDUCATION,7.51,0.2,17.0,527,1
0.0,39.0,male,67096.0,13,RENT,24000.0,DEBTCONSOLIDATION,12.53,0.36,15.0,592,1
1.0,38.0,female,72896.0,16,RENT,24000.0,PERSONAL,13.85,0.33,16.0,658,1
4.0,39.0,male,22704.0,17,OWN,4375.0,MEDICAL,5.42,0.19,17.0,640,1
3.0,39.0,male,81617.0,17,RENT,24000.0,VENTURE,15.31,0.29,11.0,709,1
3.0,38.0,male,98472.0,17,RENT,24000.0,HOMEIMPROVEMENT,8.49,0.24,13.0,564,0
0.0,43.0,female,118110.0,24,RENT,24000.0,VENTURE,10.99,0.2,11.0,720,0
1.0,47.0,female,22873.0,26,MORTGAGE,3000.0,PERSONAL,5.42,0.13,12.0,678,1
0.0,48.0,female,156972.0,24,RENT,24000.0,EDUCATION,9.91,0.15,15.0,650,0
2.0,41.0,male,72894.0,17,RENT,23800.0,HOMEIMPROVEMENT,6.91,0.33,15.0,755,1
3.0,37.0,male,47293.0,12,RENT,23500.0,EDUCATION,11.01,0.5,16.0,509,1
1.0,38.0,female,100459.0,16,RENT,22250.0,HOMEIMPROVEMENT,20.0,0.22,12.0,629,1
4.0,47.0,male,46967.0,27,RENT,22000.0,MEDICAL,18.78,0.47,17.0,661,1
0.0,46.0,male,109827.0,25,RENT,22000.0,HOMEIMPROVEMENT,18.79,0.2,16.0,642,1
3.0,40.0,male,201063.0,17,RENT,22000.0,VENTURE,10.99,0.11,13.0,591,0
4.0,48.0,male,23868.0,28,OWN,7000.0,EDUCATION,11.01,0.29,12.0,747,1
1.0,37.0,female,49035.0,17,RENT,21250.0,VENTURE,12.99,0.43,16.0,654,1
0.0,36.0,male,51526.0,12,RENT,21000.0,EDUCATION,7.49,0.41,11.0,681,1
4.0,36.0,female,71863.0,14,RENT,21000.0,MEDICAL,14.11,0.29,16.0,576,1
0.0,39.0,male,24588.0,21,MORTGAGE,6000.0,MEDICAL,11.14,0.24,13.0,565,1
4.0,38.0,male,240894.0,15,RENT,21000.0,HOMEIMPROVEMENT,10.37,0.09,11.0,566,0
0.0,39.0,female,58488.0,16,RENT,20500.0,MEDICAL,14.59,0.35,16.0,654,1
1.0,36.0,female,46506.0,11,RENT,20000.0,VENTURE,12.41,0.43,16.0,669,1
3.0,48.0,female,48805.0,24,RENT,20000.0,VENTURE,7.49,0.41,12.0,687,1
2.0,45.0,male,45165.0,25,RENT,20000.0,HOMEIMPROVEMENT,11.71,0.44,15.0,579,1
4.0,36.0,male,58605.0,14,RENT,20000.0,MEDICAL,13.61,0.34,14.0,503,1
3.0,37.0,male,51012.0,15,RENT,20000.0,PERSONAL,14.25,0.39,17.0,632,1
1.0,50.0,female,53673.0,26,RENT,20000.0,MEDICAL,20.0,0.37,11.0,593,1
4.0,38.0,female,61094.0,14,RENT,20000.0,MEDICAL,13.85,0.33,14.0,683,1
0.0,40.0,male,60495.0,17,RENT,20000.0,DEBTCONSOLIDATION,11.01,0.33,17.0,649,1
0.0,37.0,female,55168.0,14,RENT,20000.0,HOMEIMPROVEMENT,12.53,0.36,14.0,629,1
0.0,43.0,female,25238.0,19,OWN,5000.0,EDUCATION,7.14,0.2,15.0,704,0
1.0,40.0,male,56040.0,20,RENT,20000.0,DEBTCONSOLIDATION,14.61,0.36,11.0,704,1
3.0,37.0,male,79134.0,14,RENT,20000.0,HOMEIMPROVEMENT,16.71,0.25,17.0,635,1
2.0,50.0,female,92903.0,29,RENT,20000.0,PERSONAL,11.99,0.22,17.0,730,0
3.0,38.0,female,26961.0,18,OWN,4750.0,EDUCATION,15.23,0.18,16.0,589,0
0.0,36.0,male,27434.0,15,MORTGAGE,8000.0,EDUCATION,6.99,0.29,17.0,590,0
3.0,36.0,male,124428.0,15,RENT,20000.0,DEBTCONSOLIDATION,13.79,0.16,17.0,545,0
0.0,41.0,female,133500.0,20,RENT,20000.0,HOMEIMPROVEMENT,6.91,0.15,16.0,572,0
3.0,41.0,male,181078.0,20,RENT,20000.0,PERSONAL,19.47,0.11,15.0,620,0
0.0,39.0,female,180805.0,19,RENT,20000.0,HOMEIMPROVEMENT,10.08,0.11,17.0,635,0
3.0,45.0,male,28432.0,25,OWN,7000.0,PERSONAL,7.29,0.25,15.0,714,0
3.0,42.0,male,1067921.0,20,RENT,20000.0,EDUCATION,11.01,0.02,17.0,529,0
4.0,40.0,male,28911.0,18,OWN,7750.0,MEDICAL,7.88,0.27,16.0,660,0
0.0,36.0,female,28653.0,13,OWN,12000.0,VENTURE,11.48,0.42,11.0,581,0
0.0,41.0,female,29165.0,18,OWN,10000.0,HOMEIMPROVEMENT,10.38,0.34,16.0,628,0
2.0,47.0,female,22823.0,23,RENT,1000.0,HOMEIMPROVEMENT,14.84,0.04,16.0,654,1
0.0,38.0,male,59168.0,17,RENT,19000.0,MEDICAL,14.96,0.32,16.0,661,1
3.0,42.0,male,181300.0,19,RENT,18400.0,MEDICAL,11.01,0.1,17.0,683,0
0.0,38.0,female,48932.0,14,RENT,18225.0,EDUCATION,12.42,0.37,17.0,625,1
4.0,42.0,female,55147.0,24,RENT,18200.0,DEBTCONSOLIDATION,10.83,0.33,14.0,719,1
3.0,43.0,female,44969.0,18,RENT,18000.0,PERSONAL,11.71,0.4,16.0,611,1
3.0,37.0,male,52926.0,17,RENT,18000.0,VENTURE,8.88,0.34,16.0,722,1
4.0,43.0,male,60933.0,21,RENT,18000.0,PERSONAL,14.35,0.3,16.0,705,1
3.0,45.0,female,59340.0,26,RENT,18000.0,MEDICAL,13.85,0.3,15.0,568,1
4.0,40.0,female,67232.0,17,RENT,18000.0,HOMEIMPROVEMENT,7.88,0.27,14.0,724,1
1.0,44.0,male,29677.0,21,MORTGAGE,7750.0,HOMEIMPROVEMENT,15.58,0.26,13.0,557,0
0.0,36.0,male,29610.0,17,OWN,4000.0,VENTURE,14.72,0.14,15.0,700,0
3.0,43.0,female,76870.0,19,RENT,18000.0,MEDICAL,17.27,0.23,14.0,684,1
3.0,36.0,female,99685.0,10,RENT,18000.0,HOMEIMPROVEMENT,13.22,0.18,17.0,533,0
3.0,48.0,male,100112.0,25,RENT,18000.0,HOMEIMPROVEMENT,7.51,0.18,16.0,611,0
3.0,47.0,female,29778.0,23,MORTGAGE,5100.0,HOMEIMPROVEMENT,11.01,0.17,16.0,710,0
3.0,44.0,female,29953.0,20,OWN,5000.0,EDUCATION,14.74,0.17,15.0,597,0
3.0,39.0,male,202824.0,19,RENT,18000.0,HOMEIMPROVEMENT,17.93,0.09,11.0,689,1
1.0,50.0,female,102920.0,28,RENT,17500.0,HOMEIMPROVEMENT,13.49,0.17,17.0,653,0
1.0,49.0,female,85030.0,25,RENT,17000.0,EDUCATION,11.71,0.2,16.0,693,0
0.0,46.0,female,87268.0,26,RENT,17000.0,PERSONAL,8.88,0.19,15.0,573,0
0.0,42.0,male,90990.0,22,RENT,17000.0,MEDICAL,7.9,0.19,15.0,558,0
3.0,49.0,female,104625.0,26,RENT,16875.0,PERSONAL,7.51,0.16,14.0,657,0
0.0,36.0,male,30771.0,12,MORTGAGE,11500.0,MEDICAL,7.29,0.37,12.0,691,0
3.0,43.0,female,30948.0,23,MORTGAGE,10000.0,EDUCATION,9.62,0.32,17.0,678,0
4.0,48.0,male,111439.0,23,RENT,16500.0,DEBTCONSOLIDATION,12.69,0.15,15.0,630,0
2.0,36.0,female,44266.0,17,RENT,16000.0,PERSONAL,8.9,0.36,17.0,663,1
3.0,44.0,male,44211.0,20,RENT,16000.0,PERSONAL,11.49,0.36,13.0,610,1
1.0,50.0,female,61500.0,24,RENT,16000.0,PERSONAL,7.9,0.26,17.0,663,1
0.0,42.0,male,66014.0,21,RENT,16000.0,DEBTCONSOLIDATION,12.87,0.24,14.0,711,1
2.0,48.0,female,86302.0,23,RENT,16000.0,PERSONAL,9.25,0.19,17.0,650,0
3.0,49.0,male,83706.0,27,RENT,16000.0,HOMEIMPROVEMENT,14.96,0.19,12.0,692,1
0.0,42.0,male,27464.0,20,RENT,1000.0,DEBTCONSOLIDATION,7.29,0.04,13.0,675,0
3.0,38.0,male,30807.0,20,RENT,1000.0,EDUCATION,8.0,0.03,16.0,656,0
4.0,46.0,male,42945.0,23,RENT,1000.0,VENTURE,7.9,0.02,12.0,633,0
0.0,41.0,female,32925.0,21,MORTGAGE,10300.0,PERSONAL,16.29,0.31,14.0,661,1
1.0,45.0,male,47061.0,22,RENT,1000.0,DEBTCONSOLIDATION,14.72,0.02,12.0,706,0
0.0,40.0,female,48924.0,19,RENT,1000.0,EDUCATION,15.23,0.02,14.0,582,0
0.0,41.0,male,33032.0,18,MORTGAGE,6000.0,DEBTCONSOLIDATION,12.21,0.18,16.0,507,1
0.0,44.0,female,33180.0,22,MORTGAGE,6200.0,DEBTCONSOLIDATION,6.03,0.19,16.0,691,0
0.0,45.0,male,33084.0,21,OWN,4000.0,MEDICAL,7.88,0.12,12.0,577,0
1.0,44.0,male,21033.0,23,RENT,1200.0,DEBTCONSOLIDATION,7.66,0.06,14.0,657,0
4.0,36.0,female,23941.0,14,RENT,1200.0,DEBTCONSOLIDATION,9.62,0.05,14.0,738,0
0.0,41.0,male,69596.0,18,RENT,1200.0,PERSONAL,15.99,0.02,12.0,708,0
3.0,45.0,female,33430.0,20,MORTGAGE,6000.0,PERSONAL,5.99,0.18,13.0,649,1
3.0,37.0,female,32846.0,18,RENT,1500.0,EDUCATION,6.91,0.05,17.0,646,0
4.0,41.0,female,34052.0,21,RENT,1500.0,DEBTCONSOLIDATION,12.99,0.04,15.0,659,0
3.0,48.0,female,35430.0,26,RENT,1500.0,MEDICAL,7.51,0.04,15.0,596,0
0.0,42.0,male,37342.0,20,RENT,1500.0,VENTURE,12.98,0.04,14.0,703,0
0.0,50.0,female,35408.0,26,RENT,1500.0,PERSONAL,10.39,0.04,15.0,704,1
0.0,42.0,female,43092.0,21,RENT,1500.0,MEDICAL,7.37,0.03,12.0,692,0
1.0,41.0,male,43489.0,21,RENT,1500.0,VENTURE,12.87,0.03,14.0,715,0
4.0,41.0,male,39621.0,15,RENT,1500.0,HOMEIMPROVEMENT,14.74,0.04,17.0,702,1
3.0,48.0,male,41204.0,22,RENT,1500.0,HOMEIMPROVEMENT,14.74,0.04,11.0,627,1
1.0,45.0,female,63513.0,24,RENT,1500.0,MEDICAL,8.94,0.02,13.0,674,0
3.0,48.0,female,34748.0,22,MORTGAGE,7500.0,HOMEIMPROVEMENT,7.74,0.22,16.0,673,0
0.0,41.0,male,76680.0,19,RENT,1500.0,PERSONAL,8.0,0.02,17.0,536,0
0.0,45.0,female,90464.0,22,RENT,1500.0,MEDICAL,13.61,0.02,13.0,710,0
1.0,38.0,male,97036.0,14,RENT,1500.0,EDUCATION,11.49,0.02,16.0,503,0
0.0,44.0,female,33160.0,22,RENT,1700.0,EDUCATION,6.99,0.05,15.0,708,0
0.0,39.0,male,53896.0,17,RENT,1800.0,MEDICAL,14.91,0.03,17.0,629,1
4.0,37.0,male,62609.0,19,RENT,1800.0,DEBTCONSOLIDATION,7.51,0.03,14.0,568,0
4.0,49.0,male,35683.0,27,MORTGAGE,12000.0,MEDICAL,11.01,0.34,16.0,645,0
4.0,36.0,male,188580.0,14,RENT,1800.0,HOMEIMPROVEMENT,8.0,0.01,16.0,641,0
4.0,37.0,male,35648.0,18,MORTGAGE,7750.0,DEBTCONSOLIDATION,11.01,0.22,16.0,759,0
0.0,48.0,male,19058.0,26,RENT,2000.0,DEBTCONSOLIDATION,12.84,0.1,14.0,667,0
4.0,47.0,female,22693.0,24,RENT,2000.0,EDUCATION,7.29,0.09,11.0,680,0
3.0,48.0,male,24526.0,26,RENT,2000.0,PERSONAL,13.47,0.08,12.0,508,0
0.0,43.0,female,35523.0,23,OWN,5000.0,MEDICAL,7.88,0.14,11.0,697,0
0.0,42.0,female,25540.0,18,RENT,2000.0,PERSONAL,20.0,0.08,13.0,713,0
0.0,46.0,male,35456.0,25,MORTGAGE,10000.0,PERSONAL,11.58,0.28,11.0,577,0
4.0,41.0,male,29995.0,17,RENT,2000.0,PERSONAL,7.75,0.07,17.0,666,1
0.0,44.0,male,31331.0,19,RENT,2000.0,MEDICAL,11.01,0.06,13.0,712,0
1.0,48.0,male,37097.0,28,MORTGAGE,2100.0,HOMEIMPROVEMENT,12.42,0.06,14.0,701,0
0.0,44.0,male,123674.0,24,RENT,15000.0,MEDICAL,8.94,0.12,12.0,623,0
1.0,46.0,male,123209.0,19,RENT,15000.0,PERSONAL,13.22,0.12,17.0,716,0
3.0,44.0,male,130571.0,23,RENT,15000.0,MEDICAL,13.57,0.11,12.0,568,0
3.0,38.0,male,270988.0,14,RENT,15000.0,EDUCATION,15.62,0.06,17.0,571,0
1.0,37.0,male,634797.0,15,RENT,15000.0,VENTURE,11.01,0.02,12.0,747,0
0.0,48.0,female,39842.0,28,RENT,2000.0,VENTURE,17.27,0.05,16.0,652,1
0.0,45.0,male,37619.0,22,MORTGAGE,1000.0,MEDICAL,15.23,0.03,11.0,689,0
0.0,43.0,male,72723.0,19,RENT,2000.0,DEBTCONSOLIDATION,12.53,0.03,17.0,697,0
1.0,44.0,female,79027.0,23,RENT,2000.0,MEDICAL,7.9,0.03,14.0,651,0
0.0,43.0,female,84085.0,25,RENT,2000.0,DEBTCONSOLIDATION,8.9,0.02,17.0,676,0
0.0,36.0,female,447300.0,16,RENT,2000.0,DEBTCONSOLIDATION,11.01,0.0,14.0,638,1
1.0,39.0,male,41724.0,16,RENT,14000.0,HOMEIMPROVEMENT,17.58,0.34,16.0,740,1
1.0,46.0,female,37057.0,25,MORTGAGE,3050.0,VENTURE,7.88,0.08,14.0,650,0
4.0,40.0,female,20019.0,20,RENT,2375.0,MEDICAL,11.11,0.12,12.0,727,0
0.0,49.0,female,19237.0,24,RENT,2400.0,EDUCATION,9.91,0.12,17.0,607,1
0.0,47.0,male,37113.0,23,OWN,8000.0,EDUCATION,11.01,0.22,17.0,591,0
4.0,37.0,male,120990.0,10,RENT,2400.0,DEBTCONSOLIDATION,9.99,0.02,16.0,711,0
1.0,44.0,female,121035.0,21,RENT,13500.0,EDUCATION,8.9,0.11,17.0,600,0
3.0,40.0,female,76433.0,20,RENT,13050.0,HOMEIMPROVEMENT,11.48,0.17,15.0,539,0
4.0,42.0,female,44235.0,15,RENT,13000.0,MEDICAL,12.73,0.29,16.0,706,1
0.0,45.0,male,27752.0,25,RENT,2500.0,VENTURE,5.99,0.09,11.0,614,0
3.0,47.0,male,58536.0,26,RENT,2500.0,MEDICAL,14.65,0.04,17.0,659,0
3.0,39.0,male,71669.0,17,RENT,2500.0,PERSONAL,18.78,0.03,13.0,656,1
0.0,47.0,female,87173.0,24,RENT,2500.0,VENTURE,15.05,0.03,11.0,616,0
3.0,44.0,female,142342.0,21,RENT,2500.0,MEDICAL,7.29,0.02,11.0,657,1
0.0,41.0,male,24070.0,21,RENT,2950.0,MEDICAL,16.49,0.12,12.0,639,1
2.0,48.0,male,39711.0,23,MORTGAGE,15000.0,MEDICAL,9.63,0.38,17.0,723,0
3.0,47.0,female,37154.0,24,RENT,3000.0,PERSONAL,12.23,0.08,16.0,564,0
0.0,47.0,male,36963.0,25,RENT,3000.0,HOMEIMPROVEMENT,12.99,0.08,11.0,633,1
0.0,40.0,female,40636.0,16,MORTGAGE,1000.0,MEDICAL,11.01,0.02,16.0,617,0
3.0,41.0,male,40562.0,18,OWN,1000.0,MEDICAL,7.29,0.02,17.0,642,0
0.0,42.0,male,46911.0,23,RENT,3000.0,MEDICAL,17.56,0.06,15.0,636,1
4.0,36.0,female,41155.0,14,OWN,15000.0,VENTURE,18.39,0.36,16.0,704,0
3.0,47.0,male,41163.0,21,MORTGAGE,10000.0,PERSONAL,5.42,0.24,12.0,556,0
0.0,47.0,female,41671.0,25,MORTGAGE,7000.0,PERSONAL,7.49,0.17,13.0,620,0
3.0,45.0,female,61037.0,23,RENT,12000.0,HOMEIMPROVEMENT,12.87,0.2,13.0,653,0
1.0,47.0,male,63290.0,24,RENT,12000.0,EDUCATION,11.99,0.19,14.0,651,0
3.0,38.0,male,41719.0,17,OWN,11000.0,HOMEIMPROVEMENT,13.98,0.26,17.0,564,0
0.0,43.0,male,41724.0,20,MORTGAGE,9800.0,HOMEIMPROVEMENT,11.01,0.23,17.0,684,0
0.0,41.0,male,66629.0,22,RENT,12000.0,DEBTCONSOLIDATION,12.53,0.18,15.0,582,0
0.0,46.0,male,68880.0,24,RENT,12000.0,HOMEIMPROVEMENT,10.37,0.17,14.0,681,0
4.0,43.0,male,65706.0,24,RENT,3000.0,DEBTCONSOLIDATION,8.94,0.05,14.0,746,0
0.0,40.0,female,66294.0,19,RENT,3000.0,EDUCATION,16.89,0.05,15.0,602,1
0.0,50.0,female,79178.0,27,RENT,3000.0,VENTURE,10.99,0.04,14.0,490,0
3.0,44.0,female,96092.0,23,RENT,3000.0,HOMEIMPROVEMENT,5.79,0.03,11.0,632,0
3.0,41.0,male,102867.0,21,RENT,3000.0,PERSONAL,13.49,0.03,17.0,632,0
4.0,39.0,female,117667.0,16,RENT,3000.0,PERSONAL,9.25,0.03,17.0,667,0
3.0,39.0,female,432824.0,16,RENT,3000.0,PERSONAL,11.48,0.01,12.0,650,0
0.0,47.0,female,78803.0,27,RENT,3100.0,DEBTCONSOLIDATION,13.49,0.04,12.0,661,0
1.0,41.0,male,43295.0,19,MORTGAGE,1500.0,PERSONAL,10.38,0.03,16.0,570,0
3.0,49.0,female,28851.0,25,RENT,3250.0,PERSONAL,15.21,0.11,12.0,681,0
3.0,43.0,male,150908.0,25,RENT,3250.0,EDUCATION,7.49,0.02,16.0,700,0
0.0,45.0,female,43265.0,24,MORTGAGE,10000.0,DEBTCONSOLIDATION,11.01,0.23,17.0,686,0
2.0,48.0,male,43036.0,25,MORTGAGE,3300.0,PERSONAL,6.39,0.08,13.0,742,0
0.0,48.0,male,44289.0,26,OWN,8000.0,VENTURE,6.99,0.18,15.0,594,0
1.0,44.0,male,36859.0,24,MORTGAGE,4500.0,DEBTCONSOLIDATION,15.62,0.12,15.0,664,1
3.0,44.0,male,44532.0,20,MORTGAGE,12000.0,HOMEIMPROVEMENT,13.99,0.27,12.0,709,0
3.0,38.0,male,44433.0,16,MORTGAGE,18000.0,VENTURE,10.38,0.41,13.0,697,0
3.0,44.0,male,44192.0,22,MORTGAGE,1000.0,EDUCATION,7.51,0.02,14.0,541,0
3.0,44.0,male,44321.0,22,MORTGAGE,1000.0,VENTURE,11.48,0.02,15.0,647,0
3.0,46.0,male,73371.0,25,RENT,11000.0,DEBTCONSOLIDATION,9.91,0.15,13.0,595,0
3.0,44.0,female,75398.0,23,RENT,11000.0,DEBTCONSOLIDATION,8.07,0.15,16.0,639,0
0.0,44.0,male,74202.0,22,RENT,11000.0,DEBTCONSOLIDATION,16.02,0.15,15.0,707,1
3.0,40.0,male,116182.0,20,RENT,11000.0,MEDICAL,16.77,0.09,16.0,621,1
4.0,44.0,female,150663.0,19,RENT,10875.0,PERSONAL,7.14,0.07,14.0,712,0
0.0,44.0,male,43059.0,26,RENT,10825.0,DEBTCONSOLIDATION,10.65,0.25,12.0,702,1
0.0,41.0,female,84410.0,20,RENT,10800.0,EDUCATION,5.42,0.13,13.0,697,0
4.0,37.0,male,93054.0,13,RENT,10800.0,MEDICAL,7.14,0.12,17.0,704,0
3.0,40.0,male,37017.0,16,RENT,10625.0,VENTURE,11.01,0.29,17.0,629,1
0.0,40.0,male,35760.0,17,RENT,10500.0,PERSONAL,7.51,0.29,16.0,610,1
2.0,47.0,female,45169.0,24,MORTGAGE,7400.0,PERSONAL,8.0,0.16,13.0,727,0
4.0,43.0,female,44050.0,23,RENT,10400.0,PERSONAL,7.66,0.24,14.0,715,0
4.0,41.0,male,38175.0,22,RENT,3700.0,MEDICAL,16.32,0.1,17.0,632,1
0.0,46.0,male,168702.0,26,RENT,3725.0,VENTURE,11.01,0.02,17.0,727,0
1.0,50.0,male,45168.0,27,RENT,3800.0,DEBTCONSOLIDATION,12.53,0.08,15.0,648,0
3.0,45.0,male,24255.0,24,RENT,4000.0,VENTURE,10.0,0.16,15.0,665,1
0.0,50.0,female,23698.0,27,RENT,4000.0,EDUCATION,11.01,0.17,12.0,721,1
2.0,41.0,male,26727.0,23,RENT,4000.0,MEDICAL,7.51,0.15,14.0,737,0
4.0,45.0,male,46656.0,24,MORTGAGE,8400.0,PERSONAL,12.18,0.18,11.0,721,0
0.0,44.0,male,46867.0,21,MORTGAGE,6825.0,PERSONAL,8.9,0.15,12.0,710,0
1.0,45.0,male,38539.0,24,RENT,4000.0,PERSONAL,14.96,0.1,17.0,697,0
0.0,44.0,female,46867.0,19,MORTGAGE,2500.0,HOMEIMPROVEMENT,11.01,0.05,17.0,609,0
1.0,36.0,female,36655.0,17,RENT,4000.0,VENTURE,17.99,0.11,15.0,705,1
0.0,43.0,female,47827.0,21,MORTGAGE,8000.0,VENTURE,9.99,0.17,16.0,699,0
4.0,47.0,male,47919.0,26,MORTGAGE,5600.0,EDUCATION,8.59,0.12,11.0,658,0
3.0,46.0,female,40759.0,25,MORTGAGE,12000.0,MEDICAL,11.01,0.29,14.0,634,1
3.0,48.0,female,60715.0,28,RENT,4000.0,EDUCATION,7.68,0.07,11.0,647,0
0.0,37.0,female,48806.0,16,OWN,5600.0,PERSONAL,6.54,0.11,16.0,512,0
0.0,42.0,female,48939.0,19,MORTGAGE,2500.0,HOMEIMPROVEMENT,5.42,0.05,12.0,713,0
1.0,41.0,female,49018.0,17,MORTGAGE,1200.0,VENTURE,15.21,0.02,16.0,726,0
3.0,41.0,female,90511.0,21,RENT,4000.0,PERSONAL,16.29,0.04,12.0,634,0
3.0,49.0,male,104432.0,27,RENT,4000.0,MEDICAL,11.01,0.04,17.0,708,0
0.0,36.0,female,92206.0,18,RENT,4000.0,DEBTCONSOLIDATION,17.39,0.04,13.0,605,1
3.0,44.0,male,49399.0,23,MORTGAGE,8000.0,VENTURE,6.62,0.16,13.0,726,0
0.0,39.0,male,48948.0,18,OWN,15000.0,HOMEIMPROVEMENT,5.42,0.31,13.0,696,0
2.0,36.0,male,48702.0,18,MORTGAGE,4000.0,EDUCATION,18.07,0.08,14.0,673,0
4.0,38.0,female,49050.0,16,MORTGAGE,10000.0,MEDICAL,5.99,0.2,17.0,643,0
0.0,39.0,male,49049.0,20,OWN,1000.0,VENTURE,10.37,0.02,16.0,563,0
1.0,45.0,female,39357.0,25,RENT,4500.0,PERSONAL,7.51,0.11,12.0,708,0
3.0,46.0,male,48824.0,24,MORTGAGE,12000.0,EDUCATION,6.91,0.25,11.0,667,0
3.0,44.0,male,43471.0,16,RENT,4500.0,DEBTCONSOLIDATION,14.59,0.1,11.0,455,1
4.0,50.0,female,43578.0,28,RENT,4600.0,MEDICAL,12.23,0.11,13.0,677,0
0.0,50.0,male,49258.0,32,OWN,8000.0,HOMEIMPROVEMENT,7.88,0.16,14.0,666,0
0.0,43.0,male,48824.0,19,MORTGAGE,18000.0,MEDICAL,11.83,0.37,15.0,613,0
2.0,38.0,female,49407.0,15,MORTGAGE,15000.0,EDUCATION,16.07,0.3,14.0,667,0
0.0,46.0,male,49752.0,23,OWN,4000.0,EDUCATION,11.71,0.08,17.0,618,0
3.0,46.0,male,72899.0,24,RENT,4800.0,MEDICAL,12.12,0.07,16.0,671,0
3.0,49.0,female,97223.0,27,RENT,4800.0,HOMEIMPROVEMENT,7.88,0.05,15.0,547,0
0.0,48.0,female,111685.0,25,RENT,4800.0,PERSONAL,7.88,0.04,17.0,701,0
3.0,45.0,male,129973.0,23,RENT,4800.0,MEDICAL,12.23,0.04,11.0,612,0
4.0,39.0,male,101281.0,15,RENT,10000.0,EDUCATION,16.4,0.1,14.0,733,1
2.0,38.0,female,115984.0,15,RENT,10000.0,HOMEIMPROVEMENT,19.04,0.09,14.0,678,0
3.0,49.0,female,139059.0,25,RENT,10000.0,PERSONAL,10.37,0.07,17.0,608,0
0.0,40.0,female,51404.0,17,MORTGAGE,18000.0,MEDICAL,5.79,0.35,14.0,707,0
4.0,49.0,male,51204.0,28,MORTGAGE,8000.0,EDUCATION,7.14,0.16,15.0,529,0
0.0,47.0,male,151897.0,23,RENT,10000.0,MEDICAL,6.91,0.07,17.0,662,0
4.0,47.0,male,168908.0,24,RENT,10000.0,VENTURE,11.01,0.06,13.0,708,0
3.0,42.0,male,51612.0,22,OWN,12000.0,VENTURE,6.03,0.23,15.0,636,0
4.0,49.0,female,51589.0,26,MORTGAGE,3000.0,MEDICAL,8.9,0.06,15.0,743,0
3.0,36.0,male,200240.0,17,RENT,10000.0,MEDICAL,7.88,0.05,17.0,696,0
4.0,36.0,female,29634.0,14,RENT,9925.0,MEDICAL,13.06,0.33,13.0,711,1
1.0,43.0,male,51505.0,21,MORTGAGE,7775.0,MEDICAL,5.99,0.15,16.0,657,0
4.0,47.0,male,35328.0,23,RENT,5000.0,EDUCATION,5.42,0.14,15.0,670,0
0.0,44.0,male,37076.0,22,RENT,5000.0,VENTURE,13.98,0.13,11.0,730,0
1.0,44.0,male,51835.0,19,MORTGAGE,13200.0,MEDICAL,6.17,0.25,14.0,609,0
1.0,50.0,male,37028.0,28,RENT,5000.0,VENTURE,12.84,0.14,15.0,703,0
0.0,43.0,female,51164.0,20,MORTGAGE,20000.0,VENTURE,11.01,0.39,13.0,614,0
1.0,50.0,male,51334.0,29,MORTGAGE,10000.0,HOMEIMPROVEMENT,14.84,0.19,13.0,631,0
1.0,50.0,male,41760.0,30,RENT,5000.0,VENTURE,5.79,0.12,12.0,613,0
0.0,49.0,male,51301.0,27,MORTGAGE,16750.0,EDUCATION,10.99,0.33,12.0,580,0
0.0,37.0,female,43014.0,17,RENT,5000.0,MEDICAL,13.47,0.12,17.0,554,0
1.0,50.0,male,44140.0,26,RENT,5000.0,VENTURE,10.37,0.11,16.0,617,0
0.0,39.0,male,45392.0,16,RENT,5000.0,PERSONAL,11.01,0.11,17.0,508,0
0.0,45.0,male,51711.0,27,MORTGAGE,7475.0,VENTURE,13.49,0.14,15.0,672,0
0.0,48.0,female,44952.0,28,MORTGAGE,15000.0,HOMEIMPROVEMENT,12.69,0.33,16.0,591,1
3.0,40.0,male,52945.0,15,OWN,15000.0,MEDICAL,16.0,0.28,16.0,635,0
3.0,48.0,male,50434.0,27,RENT,5000.0,MEDICAL,7.29,0.1,16.0,602,0
3.0,38.0,female,48157.0,18,RENT,5000.0,EDUCATION,17.74,0.1,17.0,635,1
0.0,41.0,male,52607.0,19,OWN,22800.0,VENTURE,12.21,0.43,11.0,651,0
4.0,50.0,male,50500.0,26,RENT,5000.0,DEBTCONSOLIDATION,15.31,0.1,16.0,712,1
3.0,47.0,female,52745.0,22,MORTGAGE,13750.0,HOMEIMPROVEMENT,14.84,0.26,13.0,622,0
4.0,41.0,male,67843.0,19,RENT,9000.0,HOMEIMPROVEMENT,5.99,0.13,16.0,634,0
3.0,43.0,female,65705.0,22,RENT,9000.0,HOMEIMPROVEMENT,15.65,0.14,16.0,628,1
4.0,43.0,female,53731.0,20,MORTGAGE,10000.0,PERSONAL,10.38,0.19,14.0,588,0
0.0,47.0,male,85012.0,25,RENT,9000.0,EDUCATION,12.87,0.11,14.0,658,0
4.0,47.0,female,54005.0,25,OWN,4000.0,HOMEIMPROVEMENT,11.14,0.07,16.0,638,0
4.0,43.0,male,53689.0,24,OWN,8000.0,MEDICAL,9.32,0.15,15.0,660,0
4.0,47.0,female,104080.0,23,RENT,9000.0,HOMEIMPROVEMENT,12.87,0.09,13.0,676,1
1.0,47.0,female,293584.0,20,RENT,9000.0,HOMEIMPROVEMENT,13.61,0.03,11.0,679,0
3.0,41.0,female,37031.0,20,RENT,8875.0,MEDICAL,5.42,0.24,15.0,657,0
4.0,46.0,male,54748.0,22,MORTGAGE,6000.0,PERSONAL,13.67,0.11,12.0,706,0
2.0,48.0,male,39247.0,24,RENT,8800.0,MEDICAL,15.62,0.22,11.0,597,1
0.0,45.0,male,54847.0,24,MORTGAGE,15625.0,PERSONAL,8.9,0.28,13.0,591,0
3.0,47.0,female,55032.0,25,OWN,11200.0,MEDICAL,6.62,0.2,12.0,661,0
0.0,48.0,male,60801.0,24,RENT,5000.0,HOMEIMPROVEMENT,11.49,0.08,12.0,742,0
3.0,45.0,male,54811.0,22,MORTGAGE,14000.0,HOMEIMPROVEMENT,6.62,0.26,12.0,672,0
0.0,39.0,male,37125.0,16,RENT,8450.0,VENTURE,5.99,0.23,16.0,525,0
3.0,42.0,male,2448661.0,16,RENT,8450.0,VENTURE,12.29,0.0,15.0,635,0
4.0,46.0,female,54825.0,23,MORTGAGE,12250.0,MEDICAL,6.54,0.22,16.0,691,0
0.0,50.0,male,67201.0,26,RENT,5000.0,DEBTCONSOLIDATION,13.47,0.07,14.0,660,0
3.0,39.0,male,55190.0,18,MORTGAGE,12000.0,DEBTCONSOLIDATION,14.72,0.22,15.0,476,0
0.0,41.0,female,63762.0,18,RENT,5000.0,DEBTCONSOLIDATION,12.84,0.08,17.0,550,1
3.0,50.0,male,90968.0,27,RENT,5000.0,VENTURE,13.23,0.05,15.0,608,0
1.0,50.0,male,55772.0,26,MORTGAGE,5000.0,PERSONAL,7.9,0.09,16.0,687,0
0.0,36.0,male,55879.0,17,MORTGAGE,10000.0,MEDICAL,13.49,0.18,16.0,507,0
3.0,44.0,male,118400.0,21,RENT,5000.0,HOMEIMPROVEMENT,15.96,0.04,13.0,683,0
0.0,43.0,female,119326.0,22,RENT,5000.0,VENTURE,14.84,0.04,14.0,651,0
0.0,42.0,male,56041.0,20,MORTGAGE,9600.0,DEBTCONSOLIDATION,7.51,0.17,17.0,626,0
0.0,38.0,female,130230.0,17,RENT,5000.0,PERSONAL,15.21,0.04,17.0,641,1
0.0,38.0,female,32374.0,16,RENT,5200.0,VENTURE,13.43,0.16,15.0,530,0
3.0,50.0,male,56099.0,29,MORTGAGE,8600.0,EDUCATION,14.09,0.15,12.0,653,0
0.0,36.0,male,18005.0,16,RENT,5500.0,EDUCATION,17.56,0.31,11.0,677,1
4.0,41.0,male,26391.0,18,RENT,5500.0,MEDICAL,5.79,0.21,14.0,662,0
4.0,47.0,male,57577.0,23,MORTGAGE,7500.0,PERSONAL,6.62,0.13,12.0,683,0
2.0,43.0,male,58727.0,23,RENT,5500.0,MEDICAL,12.61,0.09,17.0,756,0
0.0,46.0,male,57581.0,21,MORTGAGE,6000.0,PERSONAL,7.14,0.1,15.0,574,0
3.0,46.0,male,72993.0,28,RENT,5500.0,PERSONAL,14.22,0.08,17.0,563,0
4.0,38.0,female,205089.0,15,RENT,5500.0,VENTURE,11.01,0.03,13.0,722,0
4.0,46.0,male,58618.0,24,OWN,27175.0,VENTURE,8.49,0.46,13.0,659,0
1.0,45.0,male,88565.0,23,RENT,5600.0,EDUCATION,15.27,0.06,11.0,584,1
0.0,43.0,female,58357.0,22,MORTGAGE,10400.0,VENTURE,5.99,0.18,17.0,593,0
0.0,44.0,male,58235.0,24,MORTGAGE,5000.0,DEBTCONSOLIDATION,9.99,0.09,15.0,498,0
3.0,42.0,female,102828.0,21,RENT,5750.0,VENTURE,12.99,0.06,15.0,540,0
1.0,48.0,male,47999.0,28,RENT,5800.0,MEDICAL,14.54,0.12,15.0,606,1
4.0,48.0,female,53545.0,26,RENT,5850.0,MEDICAL,9.99,0.11,13.0,741,0
1.0,44.0,male,143826.0,20,RENT,5900.0,DEBTCONSOLIDATION,6.17,0.04,14.0,650,0
3.0,47.0,male,58753.0,20,MORTGAGE,16750.0,MEDICAL,10.62,0.29,12.0,582,0
0.0,48.0,male,51736.0,25,MORTGAGE,14400.0,DEBTCONSOLIDATION,12.87,0.28,17.0,724,1
4.0,44.0,male,58638.0,21,MORTGAGE,17500.0,DEBTCONSOLIDATION,12.18,0.3,15.0,605,0
0.0,46.0,female,58915.0,24,MORTGAGE,9600.0,PERSONAL,11.01,0.16,17.0,647,0
0.0,39.0,female,36814.0,14,RENT,6000.0,PERSONAL,10.75,0.16,14.0,509,0
0.0,50.0,male,44399.0,29,RENT,6000.0,MEDICAL,11.01,0.14,11.0,712,0
0.0,44.0,male,59881.0,24,MORTGAGE,3600.0,VENTURE,16.29,0.06,14.0,675,0
4.0,43.0,female,60747.0,18,MORTGAGE,16000.0,PERSONAL,13.49,0.26,13.0,706,0
4.0,36.0,female,60816.0,18,MORTGAGE,2800.0,VENTURE,11.01,0.05,17.0,719,0
4.0,36.0,male,60964.0,14,MORTGAGE,5000.0,PERSONAL,7.51,0.08,16.0,487,0
1.0,44.0,male,61058.0,26,MORTGAGE,6000.0,DEBTCONSOLIDATION,11.99,0.1,17.0,629,0
4.0,43.0,female,60928.0,20,MORTGAGE,5000.0,HOMEIMPROVEMENT,10.0,0.08,16.0,715,0
0.0,47.0,male,63096.0,25,RENT,6000.0,PERSONAL,10.99,0.1,16.0,685,0
3.0,45.0,female,66581.0,23,RENT,6000.0,MEDICAL,11.01,0.09,17.0,621,0
1.0,48.0,female,59975.0,25,RENT,6000.0,EDUCATION,14.09,0.1,11.0,565,1
3.0,48.0,male,71782.0,25,RENT,6000.0,EDUCATION,5.99,0.08,12.0,604,0
4.0,36.0,male,60990.0,14,MORTGAGE,16000.0,MEDICAL,13.48,0.26,15.0,703,0
3.0,49.0,male,60930.0,28,MORTGAGE,15850.0,PERSONAL,14.26,0.26,17.0,689,0
0.0,48.0,male,80110.0,27,RENT,6000.0,VENTURE,11.89,0.07,11.0,579,0
1.0,44.0,male,85268.0,19,RENT,6000.0,DEBTCONSOLIDATION,5.79,0.07,16.0,537,0
3.0,49.0,male,60899.0,25,MORTGAGE,10000.0,DEBTCONSOLIDATION,9.07,0.16,15.0,684,0
0.0,50.0,male,68295.0,25,RENT,6000.0,MEDICAL,16.49,0.09,14.0,682,1
0.0,46.0,female,60995.0,23,MORTGAGE,3000.0,PERSONAL,8.59,0.05,13.0,652,0
3.0,36.0,male,96917.0,18,RENT,6000.0,HOMEIMPROVEMENT,12.87,0.06,16.0,469,0
1.0,46.0,male,127099.0,20,RENT,6000.0,EDUCATION,7.14,0.05,16.0,617,0
0.0,42.0,female,192974.0,21,RENT,6000.0,VENTURE,10.65,0.03,17.0,680,0
3.0,42.0,male,62353.0,21,MORTGAGE,20000.0,DEBTCONSOLIDATION,8.49,0.32,14.0,671,0
3.0,40.0,female,53863.0,18,RENT,6200.0,MEDICAL,5.42,0.12,17.0,722,0
0.0,43.0,female,41227.0,19,RENT,6225.0,PERSONAL,14.79,0.15,17.0,712,0
0.0,48.0,male,70291.0,27,RENT,7000.0,HOMEIMPROVEMENT,13.61,0.1,12.0,675,0
0.0,50.0,male,62984.0,28,OWN,10875.0,VENTURE,7.49,0.17,14.0,663,0
0.0,46.0,female,62512.0,25,MORTGAGE,10000.0,PERSONAL,7.51,0.16,17.0,628,0
3.0,47.0,male,63332.0,23,MORTGAGE,12000.0,MEDICAL,7.29,0.19,16.0,654,0
1.0,43.0,female,211614.0,19,RENT,7000.0,HOMEIMPROVEMENT,5.99,0.03,12.0,688,0
2.0,37.0,male,18468.0,18,RENT,6950.0,PERSONAL,7.66,0.38,13.0,640,1
4.0,41.0,female,35383.0,23,RENT,6500.0,MEDICAL,12.69,0.18,15.0,673,0
0.0,41.0,male,37774.0,23,RENT,6500.0,DEBTCONSOLIDATION,10.65,0.17,12.0,569,0
2.0,47.0,male,38638.0,23,RENT,6500.0,VENTURE,9.32,0.17,16.0,672,0
0.0,45.0,male,63731.0,25,MORTGAGE,14000.0,EDUCATION,11.01,0.22,16.0,648,0
3.0,41.0,male,63791.0,20,MORTGAGE,1500.0,DEBTCONSOLIDATION,8.32,0.02,14.0,587,0
4.0,37.0,female,63409.0,11,MORTGAGE,10000.0,HOMEIMPROVEMENT,5.79,0.16,17.0,704,0
1.0,46.0,male,64475.0,21,MORTGAGE,2800.0,MEDICAL,6.76,0.04,14.0,700,0
2.0,45.0,female,24085.0,22,RENT,6700.0,HOMEIMPROVEMENT,12.92,0.28,15.0,735,1
1.0,47.0,female,65383.0,27,MORTGAGE,15000.0,VENTURE,11.71,0.23,17.0,646,0
0.0,43.0,female,39282.0,22,RENT,6400.0,VENTURE,7.49,0.16,16.0,682,0
3.0,48.0,female,65937.0,26,MORTGAGE,2000.0,HOMEIMPROVEMENT,5.99,0.03,16.0,666,0
3.0,39.0,female,65825.0,16,MORTGAGE,25000.0,PERSONAL,11.49,0.38,16.0,618,0
0.0,36.0,male,66472.0,12,MORTGAGE,20500.0,VENTURE,6.91,0.31,17.0,618,0
3.0,47.0,female,67044.0,24,MORTGAGE,9000.0,MEDICAL,10.38,0.13,16.0,656,0
0.0,43.0,male,67088.0,17,MORTGAGE,10000.0,VENTURE,6.03,0.15,17.0,610,0
0.0,45.0,male,59682.0,25,OWN,24250.0,MEDICAL,19.03,0.41,11.0,659,1
3.0,41.0,female,67060.0,19,MORTGAGE,9000.0,PERSONAL,5.99,0.13,17.0,601,0
0.0,37.0,male,67051.0,14,OWN,24375.0,VENTURE,10.37,0.36,13.0,632,0
0.0,41.0,male,71026.0,21,RENT,7150.0,PERSONAL,15.99,0.1,16.0,701,1
3.0,38.0,male,29770.0,15,RENT,7200.0,MEDICAL,10.65,0.24,14.0,490,0
4.0,44.0,female,35674.0,18,RENT,7200.0,DEBTCONSOLIDATION,11.71,0.2,17.0,642,0
3.0,48.0,female,66983.0,27,MORTGAGE,10000.0,HOMEIMPROVEMENT,11.01,0.15,11.0,734,0
3.0,42.0,male,48981.0,20,RENT,7200.0,DEBTCONSOLIDATION,10.75,0.15,17.0,563,0
4.0,39.0,male,60791.0,19,MORTGAGE,12600.0,DEBTCONSOLIDATION,16.89,0.21,15.0,729,1
4.0,48.0,male,68371.0,26,MORTGAGE,15000.0,DEBTCONSOLIDATION,6.99,0.22,14.0,629,0
4.0,43.0,male,24111.0,20,RENT,7500.0,HOMEIMPROVEMENT,9.01,0.31,11.0,589,1
0.0,38.0,male,69194.0,18,OWN,15000.0,HOMEIMPROVEMENT,17.27,0.22,16.0,674,0
0.0,43.0,female,69316.0,22,MORTGAGE,2725.0,EDUCATION,11.01,0.04,12.0,724,0
0.0,44.0,male,58915.0,21,RENT,7500.0,MEDICAL,11.49,0.13,15.0,717,0
3.0,50.0,female,60770.0,24,RENT,7500.0,HOMEIMPROVEMENT,11.01,0.12,16.0,710,0
3.0,46.0,male,69838.0,25,MORTGAGE,9000.0,DEBTCONSOLIDATION,6.92,0.13,14.0,545,0
3.0,50.0,female,83271.0,30,RENT,7500.0,VENTURE,10.33,0.09,15.0,685,0
4.0,39.0,male,70748.0,19,MORTGAGE,8000.0,HOMEIMPROVEMENT,7.88,0.11,16.0,703,0
1.0,48.0,male,154484.0,24,RENT,7500.0,EDUCATION,17.49,0.05,11.0,676,1
0.0,41.0,male,252898.0,18,RENT,7500.0,PERSONAL,6.03,0.03,14.0,592,0
4.0,41.0,female,70592.0,21,MORTGAGE,1800.0,DEBTCONSOLIDATION,7.51,0.03,12.0,650,0
0.0,37.0,female,936964.0,11,RENT,7500.0,HOMEIMPROVEMENT,12.18,0.01,15.0,652,0
3.0,41.0,male,42539.0,20,RENT,7550.0,DEBTCONSOLIDATION,16.89,0.18,14.0,713,1
4.0,39.0,male,37076.0,14,RENT,7675.0,HOMEIMPROVEMENT,16.0,0.21,16.0,688,1
0.0,42.0,male,22697.0,23,RENT,8000.0,VENTURE,6.91,0.35,17.0,655,1
0.0,45.0,female,71621.0,25,MORTGAGE,9000.0,MEDICAL,7.9,0.13,16.0,615,0
0.0,43.0,female,30903.0,16,RENT,8000.0,MEDICAL,11.99,0.26,17.0,603,1
1.0,44.0,female,34686.0,24,RENT,8000.0,EDUCATION,7.49,0.23,11.0,700,0
0.0,41.0,male,38380.0,19,RENT,8000.0,VENTURE,10.38,0.21,17.0,691,0
4.0,48.0,female,39678.0,25,RENT,8000.0,MEDICAL,6.62,0.2,14.0,673,0
0.0,45.0,male,39263.0,26,RENT,8000.0,DEBTCONSOLIDATION,10.99,0.2,12.0,682,0
0.0,47.0,male,37069.0,23,RENT,8000.0,DEBTCONSOLIDATION,12.18,0.22,11.0,655,1
1.0,40.0,male,72968.0,20,MORTGAGE,14400.0,HOMEIMPROVEMENT,5.42,0.2,12.0,731,0
0.0,46.0,male,73358.0,25,OWN,4100.0,EDUCATION,13.49,0.06,11.0,637,0
1.0,50.0,male,73090.0,27,MORTGAGE,2000.0,DEBTCONSOLIDATION,7.49,0.03,15.0,605,0
0.0,41.0,male,73224.0,20,MORTGAGE,16800.0,PERSONAL,17.99,0.23,16.0,694,0
1.0,36.0,female,42029.0,15,RENT,8000.0,HOMEIMPROVEMENT,17.74,0.19,17.0,682,1
3.0,46.0,male,73139.0,24,MORTGAGE,3600.0,EDUCATION,6.99,0.05,12.0,699,0
3.0,48.0,female,72884.0,24,MORTGAGE,8000.0,MEDICAL,10.37,0.11,17.0,714,0
3.0,48.0,male,72993.0,25,MORTGAGE,2500.0,DEBTCONSOLIDATION,7.29,0.03,11.0,702,0
4.0,36.0,female,61074.0,18,RENT,8000.0,PERSONAL,17.49,0.13,14.0,711,0
3.0,43.0,female,61066.0,21,RENT,8000.0,HOMEIMPROVEMENT,7.49,0.13,16.0,503,0
0.0,37.0,male,65620.0,13,MORTGAGE,25000.0,DEBTCONSOLIDATION,15.57,0.38,16.0,663,1
0.0,43.0,female,72986.0,22,MORTGAGE,9250.0,MEDICAL,5.79,0.13,17.0,713,0
0.0,43.0,male,60699.0,22,RENT,8000.0,HOMEIMPROVEMENT,12.84,0.13,17.0,643,0
4.0,39.0,female,72867.0,18,MORTGAGE,15000.0,VENTURE,6.91,0.21,14.0,724,0
3.0,45.0,female,66066.0,25,MORTGAGE,7750.0,EDUCATION,16.07,0.12,13.0,639,1
3.0,38.0,female,73060.0,17,MORTGAGE,16000.0,EDUCATION,16.35,0.22,17.0,581,0
3.0,43.0,female,28562.0,24,RENT,5075.0,MEDICAL,10.59,0.18,12.0,711,0
0.0,49.0,female,72865.0,26,OWN,7000.0,PERSONAL,11.01,0.1,13.0,647,0
0.0,47.0,male,26387.0,26,RENT,5000.0,DEBTCONSOLIDATION,15.99,0.19,16.0,655,1
0.0,44.0,male,73000.0,24,OWN,11800.0,PERSONAL,8.63,0.16,12.0,581,0
0.0,46.0,female,73234.0,22,MORTGAGE,5000.0,EDUCATION,11.72,0.07,16.0,634,0
3.0,39.0,male,74362.0,15,MORTGAGE,14000.0,VENTURE,16.29,0.19,17.0,568,0
3.0,38.0,male,66814.0,17,MORTGAGE,25000.0,DEBTCONSOLIDATION,11.01,0.37,14.0,603,1
3.0,42.0,female,74300.0,21,OWN,14400.0,PERSONAL,7.51,0.19,17.0,625,0
0.0,45.0,male,74221.0,25,OWN,20000.0,MEDICAL,13.22,0.27,17.0,716,0
4.0,49.0,female,75149.0,27,MORTGAGE,12000.0,PERSONAL,12.21,0.16,12.0,753,0
3.0,45.0,male,68463.0,26,MORTGAGE,7000.0,DEBTCONSOLIDATION,16.29,0.1,12.0,565,1
3.0,49.0,male,87281.0,27,RENT,8000.0,DEBTCONSOLIDATION,7.49,0.09,17.0,630,0
0.0,45.0,male,105485.0,26,RENT,8000.0,DEBTCONSOLIDATION,13.11,0.08,15.0,683,0
4.0,46.0,male,162912.0,21,RENT,8000.0,VENTURE,11.01,0.05,14.0,652,0
0.0,40.0,female,198068.0,19,RENT,8000.0,DEBTCONSOLIDATION,11.01,0.04,17.0,673,0
0.0,40.0,female,75481.0,17,MORTGAGE,7000.0,EDUCATION,19.13,0.09,12.0,703,0
0.0,48.0,male,48801.0,27,RENT,8050.0,DEBTCONSOLIDATION,12.98,0.16,13.0,646,0
1.0,45.0,male,169566.0,20,RENT,8175.0,EDUCATION,5.99,0.05,17.0,629,0
3.0,48.0,female,69069.0,26,MORTGAGE,15000.0,DEBTCONSOLIDATION,11.14,0.22,11.0,611,1
0.0,45.0,male,76647.0,26,MORTGAGE,12000.0,VENTURE,9.91,0.16,13.0,618,0
0.0,42.0,male,44212.0,21,RENT,8400.0,MEDICAL,16.32,0.19,15.0,656,1
0.0,46.0,male,58647.0,22,RENT,8400.0,EDUCATION,18.54,0.14,16.0,662,1
4.0,45.0,male,77786.0,22,MORTGAGE,6000.0,MEDICAL,7.29,0.08,14.0,593,0
1.0,43.0,female,77793.0,22,MORTGAGE,15000.0,MEDICAL,7.88,0.19,17.0,692,0
3.0,42.0,male,27556.0,18,RENT,9000.0,PERSONAL,7.66,0.33,11.0,712,1
0.0,49.0,female,70552.0,29,MORTGAGE,16000.0,PERSONAL,15.33,0.23,13.0,626,1
4.0,45.0,female,30216.0,26,RENT,9000.0,EDUCATION,10.65,0.3,14.0,632,1
0.0,42.0,female,33684.0,17,RENT,9000.0,MEDICAL,11.11,0.27,16.0,701,1
4.0,49.0,male,78229.0,26,MORTGAGE,6625.0,HOMEIMPROVEMENT,18.25,0.08,16.0,714,0
0.0,39.0,male,36908.0,15,RENT,9000.0,DEBTCONSOLIDATION,16.89,0.24,16.0,654,1
3.0,43.0,male,44004.0,20,RENT,9000.0,MEDICAL,5.79,0.2,17.0,636,0
1.0,50.0,female,71472.0,25,MORTGAGE,22000.0,DEBTCONSOLIDATION,17.74,0.31,15.0,702,1
0.0,43.0,male,78916.0,19,MORTGAGE,7200.0,VENTURE,16.29,0.09,17.0,662,0
4.0,49.0,female,60981.0,26,RENT,9200.0,DEBTCONSOLIDATION,11.01,0.15,16.0,646,0
0.0,47.0,male,79125.0,26,MORTGAGE,7000.0,HOMEIMPROVEMENT,14.35,0.09,11.0,651,0
0.0,43.0,female,79035.0,17,MORTGAGE,24000.0,EDUCATION,10.99,0.3,13.0,702,0
3.0,49.0,female,79001.0,25,MORTGAGE,12000.0,PERSONAL,10.62,0.15,17.0,662,0
3.0,43.0,female,60828.0,15,RENT,9500.0,HOMEIMPROVEMENT,9.88,0.16,15.0,490,0
3.0,47.0,male,78842.0,26,RENT,9500.0,EDUCATION,11.89,0.12,14.0,635,0
3.0,44.0,female,79300.0,22,MORTGAGE,25000.0,EDUCATION,11.86,0.32,17.0,681,0
4.0,43.0,male,71659.0,23,MORTGAGE,15000.0,PERSONAL,11.01,0.21,13.0,727,1
3.0,47.0,male,72825.0,26,MORTGAGE,6000.0,EDUCATION,15.58,0.08,15.0,642,1
1.0,45.0,male,80390.0,24,MORTGAGE,9000.0,EDUCATION,14.59,0.11,15.0,731,0
1.0,48.0,male,80016.0,23,MORTGAGE,12475.0,HOMEIMPROVEMENT,6.62,0.16,11.0,712,0
4.0,44.0,male,30460.0,20,RENT,9750.0,VENTURE,16.77,0.32,15.0,671,1
3.0,48.0,male,81580.0,27,MORTGAGE,24000.0,VENTURE,10.62,0.29,12.0,703,0
1.0,37.0,female,24889.0,16,RENT,10000.0,EDUCATION,17.14,0.4,11.0,716,1
3.0,42.0,male,28403.0,22,RENT,10000.0,EDUCATION,10.99,0.35,17.0,650,1
1.0,38.0,female,28294.0,14,RENT,10000.0,EDUCATION,13.48,0.35,16.0,691,1
1.0,36.0,male,30175.0,13,RENT,10000.0,DEBTCONSOLIDATION,11.86,0.33,15.0,712,1
0.0,43.0,female,74283.0,21,MORTGAGE,16000.0,DEBTCONSOLIDATION,11.01,0.22,17.0,661,1
3.0,42.0,female,31142.0,18,RENT,10000.0,MEDICAL,6.99,0.32,17.0,627,1
3.0,42.0,female,31116.0,18,RENT,10000.0,HOMEIMPROVEMENT,14.84,0.32,14.0,671,1
0.0,45.0,male,32255.0,19,RENT,10000.0,MEDICAL,8.49,0.31,13.0,620,1
1.0,37.0,female,32594.0,16,RENT,10000.0,MEDICAL,19.03,0.31,12.0,488,1
1.0,37.0,female,82358.0,15,MORTGAGE,33000.0,EDUCATION,9.99,0.4,15.0,696,0
2.0,45.0,female,63889.0,23,MORTGAGE,10400.0,MEDICAL,19.47,0.16,12.0,666,1
3.0,46.0,male,37405.0,23,RENT,10000.0,DEBTCONSOLIDATION,13.49,0.27,12.0,529,1
3.0,50.0,male,82777.0,26,MORTGAGE,10000.0,PERSONAL,11.49,0.12,13.0,697,0
4.0,42.0,male,82866.0,21,MORTGAGE,5000.0,VENTURE,7.51,0.06,17.0,720,0
0.0,39.0,male,37502.0,18,RENT,10000.0,MEDICAL,15.7,0.27,15.0,646,1
3.0,44.0,male,83209.0,23,MORTGAGE,14300.0,PERSONAL,15.31,0.17,17.0,527,0
4.0,47.0,male,83736.0,25,MORTGAGE,20000.0,VENTURE,6.54,0.24,12.0,698,0
0.0,41.0,male,44217.0,20,RENT,10000.0,DEBTCONSOLIDATION,6.03,0.23,15.0,670,0
0.0,45.0,male,43970.0,25,RENT,10000.0,MEDICAL,11.11,0.23,11.0,719,0
0.0,50.0,female,84934.0,29,OWN,8000.0,VENTURE,9.32,0.09,17.0,645,0
1.0,50.0,female,47988.0,27,RENT,10000.0,VENTURE,5.99,0.21,12.0,686,0
3.0,45.0,female,78188.0,24,MORTGAGE,4800.0,PERSONAL,8.9,0.06,17.0,690,1
0.0,48.0,male,84772.0,28,MORTGAGE,21600.0,HOMEIMPROVEMENT,7.51,0.25,11.0,664,0
0.0,37.0,female,85089.0,14,MORTGAGE,30000.0,VENTURE,10.65,0.35,14.0,601,0
3.0,48.0,female,49164.0,23,RENT,10000.0,MEDICAL,11.01,0.2,17.0,619,0
0.0,47.0,male,50316.0,20,RENT,10000.0,MEDICAL,13.79,0.2,16.0,507,0
4.0,48.0,female,85032.0,25,MORTGAGE,9000.0,HOMEIMPROVEMENT,14.54,0.11,17.0,694,0
1.0,46.0,female,85109.0,25,MORTGAGE,8000.0,PERSONAL,7.29,0.09,13.0,618,0
3.0,40.0,male,84857.0,19,MORTGAGE,11600.0,VENTURE,6.91,0.14,17.0,640,0
3.0,49.0,male,54883.0,27,RENT,10000.0,PERSONAL,14.22,0.18,12.0,716,0
0.0,45.0,female,85211.0,25,MORTGAGE,10000.0,MEDICAL,8.59,0.12,12.0,703,0
4.0,48.0,female,15353.0,27,RENT,4200.0,MEDICAL,11.01,0.27,14.0,650,1
3.0,40.0,female,66440.0,15,MORTGAGE,25000.0,MEDICAL,18.09,0.38,12.0,607,1
0.0,42.0,female,48871.0,20,RENT,10000.0,PERSONAL,16.0,0.2,12.0,706,1
0.0,36.0,female,85001.0,13,MORTGAGE,25000.0,PERSONAL,12.84,0.29,16.0,690,0
1.0,42.0,male,84622.0,22,MORTGAGE,2825.0,MEDICAL,9.64,0.03,17.0,687,0
0.0,40.0,male,85083.0,20,MORTGAGE,14000.0,EDUCATION,9.99,0.16,14.0,475,0
3.0,41.0,male,50662.0,20,RENT,10000.0,MEDICAL,16.45,0.2,17.0,691,1
3.0,49.0,male,87666.0,29,MORTGAGE,14825.0,VENTURE,6.03,0.17,12.0,703,0
4.0,45.0,female,58750.0,26,RENT,10000.0,DEBTCONSOLIDATION,11.86,0.17,16.0,692,0
3.0,39.0,male,58418.0,16,RENT,10000.0,VENTURE,13.22,0.17,16.0,510,0
0.0,39.0,male,79992.0,15,MORTGAGE,2000.0,HOMEIMPROVEMENT,18.39,0.03,12.0,687,1
0.0,37.0,female,80064.0,18,MORTGAGE,25000.0,EDUCATION,11.86,0.31,13.0,611,1
1.0,50.0,female,87049.0,26,MORTGAGE,8000.0,MEDICAL,11.49,0.09,14.0,735,0
1.0,48.0,male,61156.0,26,RENT,10000.0,HOMEIMPROVEMENT,9.63,0.16,14.0,679,0
0.0,49.0,female,68231.0,29,MORTGAGE,15000.0,MEDICAL,11.01,0.22,13.0,576,1
2.0,48.0,male,87294.0,25,MORTGAGE,7000.0,HOMEIMPROVEMENT,14.96,0.08,17.0,733,0
4.0,43.0,female,87161.0,24,MORTGAGE,10000.0,MEDICAL,11.01,0.11,11.0,743,0
2.0,41.0,male,65605.0,23,RENT,10000.0,MEDICAL,13.23,0.15,17.0,600,0
1.0,48.0,male,88835.0,23,MORTGAGE,10000.0,VENTURE,7.29,0.11,12.0,581,0
0.0,44.0,female,89271.0,26,OWN,20000.0,VENTURE,12.18,0.22,17.0,738,0
0.0,46.0,male,89812.0,22,MORTGAGE,20000.0,VENTURE,12.68,0.22,16.0,602,0
0.0,50.0,male,73079.0,31,RENT,10000.0,VENTURE,13.49,0.14,12.0,730,0
3.0,50.0,male,89963.0,26,MORTGAGE,7000.0,VENTURE,7.49,0.08,14.0,628,0
0.0,46.0,male,90596.0,24,MORTGAGE,10500.0,VENTURE,12.09,0.12,13.0,640,0
3.0,46.0,male,73557.0,25,RENT,10000.0,PERSONAL,8.94,0.14,17.0,681,0
1.0,44.0,male,74278.0,24,RENT,10000.0,PERSONAL,15.96,0.13,15.0,657,0
2.0,45.0,female,90905.0,19,MORTGAGE,10000.0,MEDICAL,14.27,0.11,17.0,693,0
2.0,42.0,male,75488.0,18,RENT,10000.0,VENTURE,8.49,0.13,14.0,507,0
3.0,45.0,female,75742.0,22,RENT,10000.0,DEBTCONSOLIDATION,10.39,0.13,11.0,501,0
3.0,47.0,male,78164.0,25,RENT,10000.0,EDUCATION,11.01,0.13,14.0,640,0
0.0,44.0,male,71785.0,22,RENT,10000.0,EDUCATION,15.62,0.14,13.0,691,1
1.0,44.0,female,74291.0,25,RENT,10000.0,DEBTCONSOLIDATION,14.11,0.13,12.0,720,1
3.0,44.0,female,81365.0,22,RENT,10000.0,DEBTCONSOLIDATION,11.66,0.12,15.0,724,0
4.0,49.0,male,83663.0,24,RENT,10000.0,VENTURE,13.48,0.12,16.0,633,0
0.0,46.0,female,85122.0,23,RENT,10000.0,MEDICAL,8.59,0.12,14.0,747,0
1.0,47.0,male,90963.0,26,OTHER,12000.0,DEBTCONSOLIDATION,12.84,0.13,11.0,577,0
3.0,37.0,male,91564.0,14,MORTGAGE,28000.0,DEBTCONSOLIDATION,7.49,0.31,15.0,565,0
4.0,43.0,male,92035.0,19,MORTGAGE,9150.0,HOMEIMPROVEMENT,16.29,0.1,16.0,663,0
3.0,46.0,male,93448.0,21,MORTGAGE,13000.0,DEBTCONSOLIDATION,15.96,0.14,13.0,658,0
0.0,49.0,male,86105.0,28,MORTGAGE,15000.0,DEBTCONSOLIDATION,14.84,0.17,11.0,705,1
3.0,43.0,female,93454.0,21,MORTGAGE,12000.0,EDUCATION,5.99,0.13,16.0,652,0
0.0,41.0,male,114975.0,17,RENT,10000.0,VENTURE,16.49,0.09,16.0,508,0
4.0,48.0,male,66910.0,24,RENT,10200.0,MEDICAL,13.92,0.15,16.0,755,0
3.0,48.0,female,100996.0,26,RENT,10200.0,EDUCATION,5.79,0.1,14.0,505,0
3.0,47.0,female,93640.0,25,MORTGAGE,25000.0,EDUCATION,10.99,0.27,14.0,669,0
1.0,49.0,male,94392.0,23,MORTGAGE,8000.0,DEBTCONSOLIDATION,6.03,0.08,17.0,660,0
3.0,42.0,male,44251.0,23,RENT,11000.0,MEDICAL,11.97,0.25,16.0,669,1
4.0,45.0,female,82431.0,23,RENT,11200.0,PERSONAL,11.01,0.14,17.0,676,0
0.0,42.0,male,95032.0,17,MORTGAGE,25000.0,MEDICAL,10.36,0.26,16.0,604,0
0.0,50.0,male,180806.0,25,RENT,11200.0,HOMEIMPROVEMENT,11.14,0.06,11.0,668,0
0.0,47.0,female,96169.0,25,MORTGAGE,16000.0,EDUCATION,7.51,0.17,13.0,685,0
0.0,41.0,male,96842.0,19,OWN,17000.0,VENTURE,11.01,0.18,16.0,557,0
3.0,43.0,male,37011.0,21,RENT,11525.0,PERSONAL,13.57,0.31,17.0,588,1
0.0,43.0,female,67028.0,20,RENT,11750.0,MEDICAL,10.99,0.18,17.0,587,0
3.0,48.0,female,25622.0,27,RENT,12000.0,MEDICAL,7.49,0.47,12.0,656,1
2.0,43.0,male,96704.0,21,MORTGAGE,9800.0,VENTURE,5.99,0.1,17.0,706,0
0.0,47.0,male,33090.0,24,RENT,12000.0,PERSONAL,13.3,0.36,12.0,686,1
4.0,44.0,female,37012.0,18,RENT,12000.0,DEBTCONSOLIDATION,11.11,0.32,15.0,697,1
3.0,44.0,male,36999.0,26,RENT,12000.0,MEDICAL,11.83,0.32,11.0,658,1
3.0,49.0,male,90256.0,28,MORTGAGE,12000.0,DEBTCONSOLIDATION,17.99,0.13,15.0,611,1
0.0,46.0,male,97254.0,24,MORTGAGE,20000.0,HOMEIMPROVEMENT,14.54,0.21,13.0,643,0
0.0,37.0,male,39805.0,15,RENT,12000.0,VENTURE,7.49,0.3,15.0,589,1
4.0,46.0,female,96735.0,27,MORTGAGE,10000.0,HOMEIMPROVEMENT,6.17,0.1,13.0,661,0
0.0,47.0,female,97114.0,22,MORTGAGE,10000.0,EDUCATION,6.54,0.1,13.0,670,0
0.0,36.0,male,89844.0,12,MORTGAGE,25000.0,HOMEIMPROVEMENT,17.8,0.28,11.0,626,1
3.0,44.0,male,96748.0,23,MORTGAGE,15000.0,DEBTCONSOLIDATION,13.11,0.16,16.0,609,0
1.0,44.0,female,97317.0,17,MORTGAGE,25000.0,VENTURE,15.33,0.26,17.0,694,0
3.0,48.0,female,96955.0,30,MORTGAGE,7700.0,DEBTCONSOLIDATION,9.63,0.08,11.0,586,0
0.0,47.0,female,97136.0,22,MORTGAGE,7000.0,EDUCATION,11.01,0.07,15.0,696,0
1.0,50.0,male,99105.0,30,MORTGAGE,5000.0,MEDICAL,11.01,0.05,14.0,713,0
3.0,48.0,male,78397.0,26,MORTGAGE,15000.0,MEDICAL,11.01,0.19,12.0,685,1
1.0,42.0,female,78231.0,20,MORTGAGE,30000.0,MEDICAL,19.03,0.38,17.0,640,1
3.0,42.0,male,99779.0,22,MORTGAGE,26800.0,HOMEIMPROVEMENT,11.01,0.27,15.0,655,0
4.0,39.0,female,99642.0,18,MORTGAGE,8000.0,HOMEIMPROVEMENT,19.42,0.08,17.0,690,0
0.0,41.0,male,99377.0,19,MORTGAGE,12000.0,HOMEIMPROVEMENT,7.51,0.12,17.0,688,0
3.0,49.0,male,99537.0,27,MORTGAGE,10000.0,PERSONAL,16.49,0.1,12.0,629,0
4.0,37.0,male,72097.0,17,RENT,12000.0,DEBTCONSOLIDATION,6.54,0.17,16.0,541,0
3.0,46.0,male,99856.0,24,MORTGAGE,6600.0,PERSONAL,7.66,0.07,13.0,546,0
0.0,43.0,female,100713.0,22,MORTGAGE,3000.0,HOMEIMPROVEMENT,9.91,0.03,17.0,631,0
4.0,37.0,male,101786.0,13,MORTGAGE,24000.0,VENTURE,11.01,0.24,17.0,606,0
3.0,48.0,female,35800.0,28,RENT,3000.0,DEBTCONSOLIDATION,12.49,0.08,14.0,692,1
3.0,43.0,male,101973.0,20,MORTGAGE,12000.0,DEBTCONSOLIDATION,5.42,0.12,16.0,648,0
0.0,40.0,male,101912.0,18,MORTGAGE,17925.0,HOMEIMPROVEMENT,14.26,0.18,16.0,605,0
3.0,49.0,female,102124.0,27,MORTGAGE,14000.0,MEDICAL,11.89,0.14,17.0,717,0
4.0,47.0,male,78547.0,22,RENT,12000.0,EDUCATION,5.42,0.15,17.0,597,0
4.0,37.0,female,79126.0,15,RENT,12000.0,PERSONAL,16.49,0.15,17.0,667,0
2.0,42.0,male,102641.0,20,MORTGAGE,8500.0,HOMEIMPROVEMENT,15.58,0.08,12.0,731,0
3.0,48.0,female,103461.0,24,MORTGAGE,10000.0,EDUCATION,7.51,0.1,13.0,629,0
3.0,47.0,female,103143.0,27,MORTGAGE,5500.0,DEBTCONSOLIDATION,6.76,0.05,12.0,580,0
3.0,43.0,male,90946.0,20,RENT,12000.0,HOMEIMPROVEMENT,7.9,0.13,16.0,721,0
3.0,37.0,male,102770.0,15,OWN,10000.0,EDUCATION,18.43,0.1,16.0,575,0
3.0,45.0,male,45076.0,22,OWN,2000.0,PERSONAL,7.51,0.04,16.0,664,0
4.0,46.0,male,102922.0,26,OTHER,1000.0,HOMEIMPROVEMENT,7.68,0.01,12.0,747,0
3.0,47.0,male,102980.0,23,MORTGAGE,10000.0,HOMEIMPROVEMENT,8.07,0.1,15.0,610,0
3.0,46.0,male,102734.0,23,OWN,5000.0,VENTURE,7.43,0.05,13.0,632,0
2.0,48.0,female,100658.0,20,RENT,12000.0,VENTURE,10.99,0.12,17.0,729,0
4.0,44.0,male,43953.0,23,OWN,4000.0,EDUCATION,16.29,0.09,11.0,722,0
4.0,43.0,male,104075.0,18,MORTGAGE,2200.0,VENTURE,11.01,0.02,16.0,664,0
3.0,47.0,male,104667.0,26,MORTGAGE,24000.0,MEDICAL,11.01,0.23,17.0,706,0
0.0,46.0,female,105157.0,22,MORTGAGE,10000.0,VENTURE,8.94,0.1,15.0,612,0
0.0,49.0,female,90896.0,31,MORTGAGE,15600.0,DEBTCONSOLIDATION,17.27,0.17,11.0,717,1
2.0,41.0,male,91057.0,18,MORTGAGE,4800.0,DEBTCONSOLIDATION,15.58,0.05,15.0,730,1
0.0,49.0,male,106720.0,26,RENT,12000.0,VENTURE,6.62,0.11,17.0,712,0
0.0,47.0,female,105385.0,27,MORTGAGE,10000.0,PERSONAL,11.01,0.09,11.0,603,0
3.0,46.0,male,105155.0,26,MORTGAGE,20000.0,PERSONAL,12.41,0.19,17.0,648,0
0.0,49.0,female,109015.0,23,RENT,12000.0,EDUCATION,11.01,0.11,16.0,649,0
3.0,41.0,male,106476.0,23,MORTGAGE,4000.0,HOMEIMPROVEMENT,7.14,0.04,17.0,633,0
4.0,42.0,female,88660.0,19,RENT,12000.0,MEDICAL,16.77,0.14,13.0,626,1
0.0,49.0,male,107230.0,25,MORTGAGE,20000.0,MEDICAL,13.92,0.19,14.0,724,0
0.0,49.0,male,93545.0,27,MORTGAGE,16000.0,DEBTCONSOLIDATION,14.09,0.17,12.0,643,1
3.0,50.0,female,144907.0,28,RENT,12000.0,MEDICAL,9.62,0.08,12.0,653,0
0.0,41.0,male,136590.0,19,RENT,12000.0,VENTURE,16.0,0.09,15.0,672,1
1.0,41.0,male,108986.0,23,MORTGAGE,13200.0,VENTURE,6.62,0.12,13.0,555,0
1.0,39.0,male,330854.0,12,RENT,12000.0,PERSONAL,8.49,0.04,14.0,687,0
0.0,45.0,female,108839.0,22,MORTGAGE,2500.0,VENTURE,11.99,0.02,13.0,736,0
4.0,46.0,female,108819.0,24,MORTGAGE,20000.0,DEBTCONSOLIDATION,6.91,0.18,16.0,764,0
1.0,45.0,male,57685.0,24,RENT,2800.0,MEDICAL,9.62,0.05,11.0,557,0
0.0,46.0,female,59740.0,23,RENT,2800.0,MEDICAL,10.59,0.05,13.0,566,0
3.0,50.0,male,108660.0,28,MORTGAGE,24000.0,VENTURE,11.36,0.22,13.0,676,0
3.0,45.0,female,36771.0,20,RENT,2700.0,EDUCATION,12.84,0.07,17.0,563,0
0.0,41.0,male,110099.0,20,MORTGAGE,2400.0,VENTURE,10.74,0.02,16.0,612,0
1.0,46.0,male,111253.0,24,MORTGAGE,12925.0,EDUCATION,11.01,0.12,17.0,687,0
4.0,47.0,female,111379.0,23,OWN,12000.0,HOMEIMPROVEMENT,14.11,0.11,12.0,719,0
4.0,46.0,male,98166.0,23,MORTGAGE,7000.0,EDUCATION,9.45,0.07,14.0,645,1
0.0,39.0,male,219667.0,19,RENT,12500.0,DEBTCONSOLIDATION,5.42,0.06,14.0,672,0
0.0,44.0,female,99289.0,21,MORTGAGE,8400.0,DEBTCONSOLIDATION,12.84,0.08,17.0,714,1
2.0,44.0,female,113791.0,22,MORTGAGE,4400.0,DEBTCONSOLIDATION,7.29,0.04,13.0,722,0
0.0,47.0,male,115008.0,27,MORTGAGE,5000.0,EDUCATION,6.03,0.04,16.0,704,0
2.0,49.0,male,115237.0,28,MORTGAGE,7500.0,DEBTCONSOLIDATION,6.03,0.07,13.0,581,0
3.0,44.0,male,114867.0,24,MORTGAGE,21200.0,PERSONAL,9.91,0.18,14.0,651,0
3.0,44.0,male,61037.0,23,RENT,13000.0,VENTURE,13.16,0.21,13.0,719,0
4.0,45.0,male,64062.0,23,RENT,13000.0,MEDICAL,6.92,0.2,15.0,648,0
2.0,49.0,male,114922.0,25,MORTGAGE,3000.0,HOMEIMPROVEMENT,5.42,0.03,12.0,638,0
0.0,45.0,female,41402.0,23,OWN,4000.0,VENTURE,6.39,0.1,11.0,641,0
0.0,39.0,male,114652.0,17,MORTGAGE,20000.0,HOMEIMPROVEMENT,14.84,0.17,11.0,546,0
2.0,38.0,male,115162.0,18,OWN,14000.0,HOMEIMPROVEMENT,17.74,0.12,17.0,632,0
0.0,44.0,female,100604.0,22,OTHER,12000.0,EDUCATION,16.0,0.12,15.0,725,1
4.0,40.0,female,115858.0,18,OWN,15000.0,MEDICAL,12.18,0.13,14.0,704,0
1.0,37.0,male,86616.0,16,MORTGAGE,3100.0,MEDICAL,20.0,0.04,14.0,673,1
0.0,42.0,female,116164.0,21,MORTGAGE,5100.0,PERSONAL,5.42,0.04,14.0,641,0
0.0,43.0,female,33461.0,21,RENT,13750.0,PERSONAL,15.31,0.41,15.0,676,1
3.0,41.0,female,40490.0,20,RENT,13750.0,MEDICAL,13.79,0.34,11.0,668,1
1.0,40.0,male,40201.0,17,RENT,13775.0,VENTURE,12.98,0.34,14.0,560,1
0.0,42.0,female,81947.0,19,RENT,13800.0,HOMEIMPROVEMENT,13.99,0.17,16.0,693,0
0.0,40.0,female,115841.0,17,MORTGAGE,3200.0,HOMEIMPROVEMENT,11.01,0.03,17.0,693,0
1.0,42.0,male,117375.0,18,MORTGAGE,1500.0,PERSONAL,15.96,0.01,16.0,683,0
0.0,39.0,male,49797.0,14,RENT,14000.0,MEDICAL,16.0,0.28,17.0,712,1
3.0,41.0,male,118503.0,16,MORTGAGE,5000.0,MEDICAL,10.99,0.04,17.0,539,0
1.0,39.0,male,118804.0,18,MORTGAGE,35000.0,HOMEIMPROVEMENT,15.99,0.29,15.0,705,0
0.0,36.0,female,118952.0,17,MORTGAGE,20000.0,PERSONAL,16.35,0.17,16.0,672,0
3.0,44.0,male,120906.0,24,MORTGAGE,14400.0,VENTURE,12.23,0.12,16.0,675,0
3.0,48.0,male,75541.0,26,RENT,14000.0,EDUCATION,12.69,0.19,12.0,663,0
3.0,38.0,male,121157.0,17,OWN,25000.0,HOMEIMPROVEMENT,14.96,0.21,13.0,594,0
2.0,45.0,male,120705.0,22,MORTGAGE,16000.0,PERSONAL,6.62,0.13,16.0,722,0
0.0,46.0,female,85255.0,25,RENT,14000.0,HOMEIMPROVEMENT,11.26,0.16,16.0,652,0
3.0,37.0,male,88454.0,14,RENT,14000.0,DEBTCONSOLIDATION,16.02,0.16,17.0,570,1
3.0,47.0,male,121076.0,22,MORTGAGE,2500.0,EDUCATION,9.99,0.02,15.0,664,0
3.0,45.0,male,150994.0,25,RENT,14000.0,EDUCATION,12.61,0.09,12.0,693,0
3.0,45.0,male,148367.0,18,RENT,14000.0,EDUCATION,11.01,0.09,17.0,643,1
0.0,48.0,male,121115.0,23,MORTGAGE,15000.0,DEBTCONSOLIDATION,9.88,0.12,11.0,667,0
3.0,50.0,male,180681.0,27,RENT,14000.0,DEBTCONSOLIDATION,6.91,0.08,12.0,634,0
1.0,41.0,male,216986.0,18,RENT,14000.0,DEBTCONSOLIDATION,6.03,0.06,15.0,544,0
0.0,42.0,male,121181.0,19,MORTGAGE,5000.0,EDUCATION,14.26,0.04,15.0,487,0
4.0,39.0,male,120949.0,19,MORTGAGE,6000.0,VENTURE,14.11,0.05,16.0,613,0
3.0,47.0,female,144056.0,26,RENT,14250.0,PERSONAL,7.66,0.1,16.0,629,0
1.0,49.0,male,91096.0,27,RENT,14300.0,MEDICAL,7.51,0.16,16.0,683,0
0.0,38.0,male,37078.0,15,RENT,14400.0,HOMEIMPROVEMENT,12.8,0.39,17.0,654,1
4.0,46.0,male,122864.0,24,MORTGAGE,15000.0,DEBTCONSOLIDATION,11.14,0.12,14.0,710,0
3.0,45.0,male,58814.0,22,RENT,14400.0,PERSONAL,8.49,0.24,15.0,702,0
3.0,50.0,female,123368.0,27,MORTGAGE,12000.0,HOMEIMPROVEMENT,14.96,0.1,11.0,670,0
1.0,49.0,male,125200.0,25,MORTGAGE,12600.0,DEBTCONSOLIDATION,9.32,0.1,11.0,686,0
4.0,38.0,female,127055.0,20,MORTGAGE,12350.0,VENTURE,6.62,0.1,11.0,703,0
0.0,42.0,male,126686.0,20,MORTGAGE,2400.0,EDUCATION,13.06,0.02,17.0,728,0
3.0,42.0,male,51055.0,21,RENT,14500.0,EDUCATION,15.57,0.28,14.0,654,1
0.0,49.0,male,126735.0,28,MORTGAGE,11000.0,DEBTCONSOLIDATION,9.32,0.09,13.0,690,0
3.0,41.0,male,56661.0,20,RENT,14525.0,PERSONAL,11.11,0.26,16.0,507,1
3.0,46.0,male,97461.0,24,RENT,14550.0,EDUCATION,8.94,0.15,11.0,577,0
3.0,39.0,female,127383.0,18,MORTGAGE,15000.0,VENTURE,6.91,0.12,15.0,503,0
2.0,46.0,female,127658.0,25,MORTGAGE,20700.0,HOMEIMPROVEMENT,17.43,0.16,12.0,713,0
3.0,50.0,female,128164.0,29,MORTGAGE,10200.0,MEDICAL,9.32,0.08,15.0,709,0
3.0,48.0,male,113815.0,24,MORTGAGE,23000.0,DEBTCONSOLIDATION,14.96,0.2,16.0,567,1
3.0,46.0,male,129529.0,23,OWN,4000.0,VENTURE,13.49,0.03,14.0,669,0
0.0,48.0,female,36538.0,27,OWN,10000.0,EDUCATION,11.01,0.27,12.0,663,0
3.0,47.0,female,131883.0,22,OWN,16000.0,VENTURE,7.05,0.12,14.0,693,0
4.0,44.0,female,131867.0,21,MORTGAGE,12800.0,MEDICAL,13.79,0.1,12.0,704,0
0.0,41.0,male,133045.0,17,MORTGAGE,20000.0,DEBTCONSOLIDATION,13.35,0.15,17.0,710,0
0.0,42.0,male,132575.0,23,MORTGAGE,10800.0,VENTURE,14.27,0.08,17.0,664,0
3.0,41.0,female,132836.0,20,MORTGAGE,30000.0,VENTURE,9.91,0.23,11.0,624,0
3.0,45.0,male,133106.0,20,MORTGAGE,20000.0,PERSONAL,11.11,0.15,16.0,670,0
0.0,49.0,male,132921.0,25,MORTGAGE,3000.0,HOMEIMPROVEMENT,7.51,0.02,16.0,701,0
0.0,38.0,male,35022.0,15,OWN,13000.0,VENTURE,8.32,0.37,12.0,653,0
3.0,40.0,male,60856.0,21,RENT,2000.0,PERSONAL,11.49,0.03,17.0,662,0
4.0,48.0,male,133449.0,26,MORTGAGE,6000.0,EDUCATION,8.94,0.04,14.0,695,0
3.0,37.0,male,37218.0,15,RENT,15000.0,PERSONAL,11.01,0.4,12.0,707,1
0.0,38.0,male,37120.0,16,RENT,15000.0,PERSONAL,14.61,0.4,15.0,639,1
3.0,41.0,female,133273.0,17,MORTGAGE,25000.0,EDUCATION,12.73,0.19,14.0,711,0
0.0,40.0,female,34707.0,17,OWN,1600.0,VENTURE,9.99,0.05,17.0,598,0
0.0,40.0,female,35041.0,18,OWN,12000.0,PERSONAL,16.0,0.34,14.0,654,0
3.0,43.0,female,135558.0,24,MORTGAGE,25000.0,PERSONAL,14.96,0.18,15.0,641,0
1.0,45.0,male,120721.0,23,MORTGAGE,10000.0,DEBTCONSOLIDATION,16.0,0.08,13.0,673,1
0.0,38.0,female,135606.0,19,MORTGAGE,25000.0,EDUCATION,6.99,0.18,13.0,581,0
0.0,42.0,female,122194.0,20,MORTGAGE,25000.0,DEBTCONSOLIDATION,16.15,0.2,17.0,581,1
3.0,40.0,female,137915.0,18,MORTGAGE,6000.0,MEDICAL,5.42,0.04,17.0,675,0
0.0,40.0,male,138034.0,18,MORTGAGE,35000.0,DEBTCONSOLIDATION,8.9,0.25,14.0,598,0
3.0,46.0,female,138354.0,23,MORTGAGE,3000.0,EDUCATION,8.59,0.02,17.0,700,0
0.0,49.0,female,55029.0,25,RENT,15000.0,DEBTCONSOLIDATION,13.49,0.27,12.0,705,1
0.0,46.0,female,47781.0,23,RENT,15000.0,DEBTCONSOLIDATION,10.99,0.31,12.0,692,1
1.0,39.0,male,138776.0,15,MORTGAGE,25000.0,VENTURE,15.58,0.18,17.0,667,0
3.0,41.0,female,139079.0,21,MORTGAGE,20000.0,PERSONAL,14.61,0.14,11.0,554,0
4.0,46.0,male,140462.0,19,MORTGAGE,10000.0,DEBTCONSOLIDATION,6.03,0.07,15.0,642,0
1.0,46.0,male,125725.0,25,MORTGAGE,30000.0,EDUCATION,18.39,0.24,15.0,704,1
3.0,39.0,female,106935.0,19,MORTGAGE,25000.0,MEDICAL,18.3,0.23,13.0,644,1
1.0,45.0,male,57744.0,25,RENT,15000.0,MEDICAL,16.4,0.26,11.0,712,1
0.0,50.0,male,139989.0,27,MORTGAGE,5000.0,PERSONAL,10.25,0.04,17.0,694,0
0.0,42.0,male,50178.0,16,RENT,15000.0,HOMEIMPROVEMENT,16.95,0.3,15.0,678,1
0.0,45.0,male,142438.0,21,MORTGAGE,25000.0,HOMEIMPROVEMENT,12.18,0.18,12.0,659,0
1.0,43.0,female,58391.0,21,RENT,15000.0,PERSONAL,12.42,0.26,12.0,735,1
2.0,41.0,male,142960.0,18,MORTGAGE,28000.0,MEDICAL,11.71,0.2,13.0,707,0
4.0,45.0,female,143412.0,24,MORTGAGE,20000.0,VENTURE,11.01,0.14,15.0,732,0
3.0,45.0,female,143749.0,23,MORTGAGE,5000.0,PERSONAL,11.49,0.03,13.0,587,0
3.0,44.0,male,145173.0,25,MORTGAGE,4000.0,HOMEIMPROVEMENT,11.01,0.03,14.0,706,0
0.0,41.0,male,53245.0,22,RENT,15000.0,MEDICAL,12.73,0.28,15.0,729,1
1.0,36.0,female,145274.0,15,MORTGAGE,30000.0,MEDICAL,6.62,0.21,11.0,578,0
3.0,40.0,female,130346.0,17,MORTGAGE,6000.0,DEBTCONSOLIDATION,17.27,0.05,16.0,637,1
3.0,37.0,female,144975.0,14,MORTGAGE,5400.0,PERSONAL,5.99,0.04,17.0,667,0
3.0,39.0,male,130864.0,16,MORTGAGE,30000.0,EDUCATION,16.49,0.23,11.0,684,1
1.0,48.0,female,145269.0,26,MORTGAGE,3600.0,DEBTCONSOLIDATION,11.01,0.02,17.0,659,0
0.0,47.0,male,145033.0,24,MORTGAGE,15000.0,EDUCATION,10.99,0.1,12.0,703,0
4.0,39.0,male,130377.0,18,MORTGAGE,20000.0,HOMEIMPROVEMENT,14.54,0.15,14.0,718,1
3.0,50.0,male,145232.0,32,MORTGAGE,5575.0,HOMEIMPROVEMENT,15.2,0.04,13.0,730,0
0.0,41.0,female,145169.0,20,MORTGAGE,20000.0,MEDICAL,10.25,0.14,11.0,700,0
2.0,49.0,female,144902.0,26,MORTGAGE,12000.0,MEDICAL,10.99,0.08,12.0,717,0
4.0,40.0,male,145052.0,18,OWN,20000.0,MEDICAL,11.01,0.14,11.0,733,0
2.0,37.0,male,111164.0,13,MORTGAGE,5000.0,MEDICAL,19.47,0.04,16.0,685,1
3.0,47.0,female,31040.0,21,OWN,10750.0,PERSONAL,14.22,0.35,16.0,569,0
3.0,42.0,male,130540.0,19,MORTGAGE,14400.0,VENTURE,13.67,0.11,16.0,614,1
0.0,39.0,female,146696.0,16,MORTGAGE,1450.0,VENTURE,6.76,0.01,17.0,669,0
3.0,43.0,male,147882.0,21,MORTGAGE,9150.0,EDUCATION,6.03,0.06,12.0,608,0
1.0,37.0,female,148338.0,15,MORTGAGE,35000.0,PERSONAL,14.27,0.24,16.0,679,0
4.0,46.0,male,22080.0,23,RENT,1500.0,HOMEIMPROVEMENT,11.14,0.07,13.0,700,1
0.0,38.0,female,149530.0,18,MORTGAGE,12000.0,EDUCATION,6.92,0.08,14.0,736,0
0.0,42.0,female,149604.0,16,MORTGAGE,6400.0,DEBTCONSOLIDATION,6.99,0.04,16.0,724,0
2.0,37.0,male,150122.0,16,MORTGAGE,30000.0,HOMEIMPROVEMENT,17.99,0.2,12.0,627,0
1.0,42.0,male,151000.0,20,MORTGAGE,35000.0,MEDICAL,7.9,0.23,12.0,742,0
0.0,45.0,male,150821.0,26,MORTGAGE,12000.0,HOMEIMPROVEMENT,6.03,0.08,14.0,712,0
0.0,40.0,female,28699.0,17,RENT,1500.0,MEDICAL,7.29,0.05,16.0,656,0
3.0,41.0,female,150888.0,20,MORTGAGE,14975.0,VENTURE,6.03,0.1,16.0,646,0
4.0,43.0,female,150933.0,22,MORTGAGE,8800.0,HOMEIMPROVEMENT,7.88,0.06,13.0,632,0
0.0,45.0,male,150976.0,24,MORTGAGE,10000.0,PERSONAL,11.01,0.07,12.0,697,0
3.0,50.0,female,68289.0,25,RENT,15000.0,HOMEIMPROVEMENT,13.47,0.22,15.0,659,0
3.0,42.0,male,136643.0,20,MORTGAGE,24000.0,EDUCATION,15.31,0.18,15.0,634,1
0.0,40.0,female,63307.0,19,RENT,15000.0,EDUCATION,18.62,0.24,17.0,664,1
4.0,45.0,female,152033.0,17,MORTGAGE,6000.0,VENTURE,10.65,0.04,12.0,655,0
0.0,42.0,male,119453.0,20,MORTGAGE,24250.0,MEDICAL,14.22,0.2,14.0,639,1
0.0,46.0,male,73266.0,22,RENT,15000.0,MEDICAL,13.49,0.2,17.0,609,0
0.0,38.0,female,156881.0,15,MORTGAGE,30000.0,HOMEIMPROVEMENT,9.91,0.19,14.0,702,0
1.0,46.0,male,73002.0,24,RENT,15000.0,VENTURE,16.32,0.21,13.0,627,0
2.0,45.0,male,142320.0,22,MORTGAGE,9600.0,EDUCATION,13.99,0.07,12.0,745,1
3.0,40.0,female,120916.0,15,MORTGAGE,25000.0,MEDICAL,14.83,0.21,16.0,514,1
0.0,40.0,male,156752.0,18,MORTGAGE,24250.0,DEBTCONSOLIDATION,6.17,0.15,16.0,668,0
0.0,39.0,female,157007.0,15,OWN,25000.0,HOMEIMPROVEMENT,16.07,0.16,14.0,695,0
0.0,41.0,male,159406.0,19,MORTGAGE,8000.0,DEBTCONSOLIDATION,13.49,0.05,17.0,714,0
1.0,39.0,male,161945.0,16,MORTGAGE,25000.0,VENTURE,10.25,0.15,17.0,609,0
3.0,41.0,male,162862.0,20,MORTGAGE,20000.0,MEDICAL,9.25,0.12,13.0,591,0
3.0,40.0,male,164525.0,18,MORTGAGE,21000.0,HOMEIMPROVEMENT,9.99,0.13,16.0,612,0
4.0,42.0,male,164134.0,19,MORTGAGE,8000.0,EDUCATION,6.62,0.05,15.0,728,0
4.0,50.0,male,165457.0,25,MORTGAGE,23000.0,MEDICAL,7.9,0.14,13.0,605,0
4.0,37.0,female,166358.0,13,MORTGAGE,4000.0,EDUCATION,15.62,0.02,12.0,614,0
0.0,43.0,male,166768.0,23,MORTGAGE,9900.0,HOMEIMPROVEMENT,6.99,0.06,14.0,604,0
1.0,45.0,male,168573.0,25,OWN,9000.0,HOMEIMPROVEMENT,7.51,0.05,12.0,631,0
2.0,45.0,male,169115.0,20,MORTGAGE,7500.0,HOMEIMPROVEMENT,6.62,0.04,15.0,635,0
1.0,48.0,female,169175.0,26,MORTGAGE,18000.0,EDUCATION,9.99,0.11,11.0,672,0
4.0,45.0,female,168861.0,25,MORTGAGE,7000.0,HOMEIMPROVEMENT,7.29,0.04,17.0,732,0
0.0,41.0,female,131359.0,19,MORTGAGE,15000.0,MEDICAL,17.88,0.11,16.0,577,1
3.0,41.0,male,169150.0,18,MORTGAGE,25000.0,VENTURE,13.8,0.15,12.0,530,0
4.0,38.0,male,168999.0,15,MORTGAGE,25000.0,HOMEIMPROVEMENT,9.99,0.15,12.0,699,0
3.0,50.0,male,83774.0,28,RENT,15000.0,DEBTCONSOLIDATION,11.01,0.18,17.0,693,1
3.0,39.0,female,154624.0,18,MORTGAGE,20000.0,HOMEIMPROVEMENT,13.11,0.13,15.0,610,1
3.0,38.0,female,168901.0,14,OWN,24000.0,VENTURE,12.18,0.14,15.0,682,0
4.0,43.0,male,170084.0,21,MORTGAGE,15000.0,VENTURE,12.53,0.09,16.0,688,0
3.0,47.0,female,91062.0,23,RENT,15000.0,HOMEIMPROVEMENT,13.48,0.16,17.0,575,0
3.0,40.0,male,171573.0,21,MORTGAGE,25000.0,PERSONAL,15.31,0.15,14.0,686,0
4.0,43.0,male,171866.0,20,MORTGAGE,20000.0,MEDICAL,11.49,0.12,15.0,670,0
4.0,36.0,male,173345.0,13,MORTGAGE,7600.0,PERSONAL,15.23,0.04,16.0,652,0
0.0,41.0,female,173710.0,18,MORTGAGE,25000.0,HOMEIMPROVEMENT,10.08,0.14,11.0,656,0
3.0,36.0,male,174705.0,13,MORTGAGE,5000.0,PERSONAL,9.62,0.03,16.0,711,0
0.0,43.0,female,175010.0,18,MORTGAGE,20000.0,VENTURE,6.91,0.11,17.0,689,0
3.0,40.0,male,179081.0,20,MORTGAGE,5000.0,HOMEIMPROVEMENT,6.03,0.03,16.0,520,0
3.0,39.0,female,180673.0,19,MORTGAGE,30000.0,EDUCATION,8.9,0.17,15.0,703,0
4.0,40.0,female,180802.0,17,MORTGAGE,24000.0,MEDICAL,6.62,0.13,14.0,724,0
0.0,42.0,male,181197.0,23,MORTGAGE,16000.0,HOMEIMPROVEMENT,8.49,0.09,12.0,559,0
4.0,40.0,male,180910.0,17,MORTGAGE,20000.0,PERSONAL,12.99,0.11,14.0,635,0
4.0,36.0,male,180854.0,12,OWN,7200.0,VENTURE,6.92,0.04,13.0,702,0
3.0,44.0,female,181130.0,24,MORTGAGE,25000.0,PERSONAL,13.43,0.14,17.0,614,0
3.0,36.0,male,181229.0,17,MORTGAGE,3000.0,EDUCATION,7.29,0.02,17.0,706,0
0.0,41.0,female,181465.0,20,OWN,24500.0,VENTURE,11.83,0.14,17.0,679,0
4.0,39.0,female,166743.0,19,MORTGAGE,20000.0,HOMEIMPROVEMENT,11.14,0.12,12.0,571,1
0.0,49.0,male,180926.0,23,MORTGAGE,20000.0,EDUCATION,16.95,0.11,16.0,643,0
3.0,42.0,female,181718.0,21,OWN,8150.0,PERSONAL,6.99,0.04,17.0,628,0
2.0,38.0,male,182476.0,15,MORTGAGE,35000.0,DEBTCONSOLIDATION,8.9,0.19,12.0,700,0
3.0,41.0,female,170147.0,17,MORTGAGE,25000.0,DEBTCONSOLIDATION,14.96,0.15,13.0,641,1
1.0,42.0,male,185816.0,21,OWN,20000.0,PERSONAL,11.01,0.11,15.0,683,0
0.0,36.0,female,186879.0,13,MORTGAGE,30000.0,DEBTCONSOLIDATION,7.9,0.16,17.0,658,0
0.0,37.0,male,186823.0,14,MORTGAGE,20000.0,HOMEIMPROVEMENT,6.54,0.11,15.0,623,0
3.0,42.0,male,45049.0,23,RENT,15200.0,EDUCATION,14.26,0.34,16.0,686,1
0.0,40.0,male,44701.0,18,RENT,15250.0,VENTURE,12.53,0.34,16.0,654,1
1.0,47.0,female,187927.0,23,MORTGAGE,18000.0,EDUCATION,11.99,0.1,17.0,677,0
4.0,37.0,female,174963.0,16,MORTGAGE,11375.0,PERSONAL,10.99,0.07,14.0,700,1
3.0,40.0,male,192484.0,19,MORTGAGE,12000.0,EDUCATION,14.27,0.06,17.0,679,0
3.0,42.0,male,192642.0,21,MORTGAGE,22000.0,MEDICAL,6.99,0.11,16.0,691,0
0.0,36.0,female,192937.0,14,OWN,24000.0,VENTURE,14.96,0.12,14.0,665,0
4.0,44.0,male,54837.0,22,RENT,15775.0,VENTURE,10.99,0.29,12.0,602,1
3.0,39.0,female,197813.0,16,MORTGAGE,35000.0,VENTURE,13.99,0.18,14.0,647,0
0.0,42.0,male,184252.0,20,MORTGAGE,25000.0,EDUCATION,20.0,0.14,14.0,664,1
0.0,40.0,male,199346.0,18,MORTGAGE,9000.0,DEBTCONSOLIDATION,7.51,0.05,16.0,620,0
4.0,47.0,female,202441.0,24,MORTGAGE,8775.0,EDUCATION,8.49,0.04,12.0,615,0
4.0,36.0,male,205106.0,14,MORTGAGE,25000.0,VENTURE,7.51,0.12,13.0,694,0
3.0,41.0,female,205172.0,17,MORTGAGE,20000.0,MEDICAL,11.11,0.1,11.0,610,0
0.0,46.0,male,98855.0,24,RENT,16000.0,EDUCATION,10.99,0.16,16.0,671,0
4.0,42.0,male,211215.0,20,MORTGAGE,7000.0,PERSONAL,12.99,0.03,13.0,663,0
3.0,44.0,male,211336.0,22,MORTGAGE,15000.0,HOMEIMPROVEMENT,7.66,0.07,17.0,684,0
3.0,41.0,male,167170.0,17,MORTGAGE,23000.0,MEDICAL,14.96,0.14,12.0,573,1
3.0,38.0,male,210936.0,15,MORTGAGE,10000.0,VENTURE,11.26,0.05,17.0,656,0
1.0,44.0,female,169912.0,19,MORTGAGE,35000.0,MEDICAL,16.49,0.21,15.0,634,1
1.0,47.0,male,214334.0,23,OWN,9000.0,VENTURE,10.99,0.04,17.0,695,0
3.0,46.0,female,216903.0,24,MORTGAGE,18000.0,VENTURE,9.91,0.08,11.0,649,0
0.0,41.0,male,216865.0,18,OWN,14000.0,MEDICAL,5.99,0.06,11.0,694,0
0.0,37.0,male,218362.0,13,MORTGAGE,20000.0,DEBTCONSOLIDATION,13.85,0.09,17.0,695,0
3.0,40.0,male,219227.0,20,MORTGAGE,25000.0,HOMEIMPROVEMENT,16.07,0.11,12.0,651,0
2.0,48.0,male,223150.0,25,MORTGAGE,10000.0,VENTURE,20.0,0.04,14.0,620,0
4.0,37.0,male,223137.0,17,MORTGAGE,4000.0,VENTURE,10.0,0.02,11.0,659,0
0.0,47.0,male,225202.0,25,MORTGAGE,14000.0,HOMEIMPROVEMENT,8.9,0.06,16.0,649,0
3.0,40.0,female,225051.0,17,MORTGAGE,10000.0,DEBTCONSOLIDATION,7.9,0.04,17.0,706,0
3.0,38.0,male,118659.0,16,RENT,16000.0,DEBTCONSOLIDATION,16.4,0.13,15.0,596,1
4.0,43.0,male,235207.0,23,MORTGAGE,10000.0,EDUCATION,12.73,0.04,12.0,643,0
3.0,44.0,female,240858.0,23,MORTGAGE,20000.0,VENTURE,7.51,0.08,11.0,705,0
0.0,40.0,male,18474.0,18,OWN,8000.0,HOMEIMPROVEMENT,7.14,0.43,12.0,487,1
0.0,37.0,male,241378.0,19,MORTGAGE,10000.0,EDUCATION,13.8,0.04,16.0,684,0
1.0,38.0,male,240888.0,14,MORTGAGE,3000.0,EDUCATION,7.68,0.01,15.0,677,0
1.0,47.0,male,245751.0,25,MORTGAGE,10000.0,EDUCATION,13.06,0.04,13.0,573,0
0.0,37.0,male,246751.0,17,MORTGAGE,18000.0,EDUCATION,10.39,0.07,14.0,598,0
0.0,42.0,male,360723.0,20,RENT,16000.0,MEDICAL,9.63,0.04,15.0,639,0
0.0,42.0,male,269846.0,20,MORTGAGE,25000.0,EDUCATION,11.86,0.09,15.0,667,0
3.0,40.0,female,301183.0,18,MORTGAGE,28000.0,EDUCATION,7.9,0.09,13.0,714,0
1.0,39.0,female,301107.0,17,MORTGAGE,4000.0,VENTURE,15.23,0.01,13.0,613,0
3.0,37.0,female,300843.0,15,MORTGAGE,34000.0,EDUCATION,14.79,0.11,16.0,658,0
0.0,36.0,female,286397.0,15,MORTGAGE,25000.0,DEBTCONSOLIDATION,15.95,0.09,17.0,673,1
0.0,45.0,female,108083.0,21,RENT,19200.0,PERSONAL,11.01,0.18,12.0,574,0
3.0,40.0,female,330700.0,20,MORTGAGE,24500.0,MEDICAL,10.99,0.07,13.0,704,0
3.0,36.0,male,348890.0,16,MORTGAGE,25000.0,PERSONAL,15.65,0.07,16.0,564,0
0.0,37.0,female,294457.0,12,MORTGAGE,35000.0,MEDICAL,18.39,0.12,14.0,630,1
0.0,40.0,male,361012.0,18,MORTGAGE,16000.0,VENTURE,14.17,0.04,14.0,579,0
0.0,40.0,female,41577.0,17,RENT,19275.0,EDUCATION,14.5,0.46,11.0,664,1
1.0,38.0,female,376616.0,18,MORTGAGE,21600.0,DEBTCONSOLIDATION,11.01,0.06,16.0,630,0
0.0,42.0,female,381264.0,20,MORTGAGE,19400.0,PERSONAL,11.01,0.05,13.0,695,0
3.0,36.0,male,314855.0,14,MORTGAGE,24000.0,MEDICAL,10.62,0.08,16.0,611,1
0.0,39.0,female,373545.0,17,MORTGAGE,15000.0,DEBTCONSOLIDATION,15.65,0.04,11.0,569,1
3.0,39.0,male,390999.0,18,MORTGAGE,18000.0,PERSONAL,14.96,0.05,14.0,663,0
3.0,42.0,male,433052.0,21,MORTGAGE,25000.0,EDUCATION,9.99,0.06,14.0,575,0
1.0,45.0,female,65948.0,24,RENT,19425.0,DEBTCONSOLIDATION,11.99,0.29,17.0,640,1
0.0,41.0,male,458696.0,17,MORTGAGE,35000.0,MEDICAL,13.49,0.08,14.0,558,0
3.0,41.0,male,533530.0,19,MORTGAGE,2500.0,EDUCATION,15.31,0.0,11.0,667,0
1.0,40.0,male,660785.0,17,MORTGAGE,18000.0,VENTURE,11.12,0.03,12.0,739,0
0.0,40.0,female,661036.0,17,MORTGAGE,8000.0,MEDICAL,10.75,0.01,14.0,643,0
3.0,37.0,female,721223.0,12,OWN,16000.0,HOMEIMPROVEMENT,10.25,0.02,14.0,599,0
3.0,42.0,male,600928.0,17,OWN,24000.0,MEDICAL,18.43,0.04,11.0,667,1
1.0,42.0,male,721514.0,19,OTHER,25000.0,EDUCATION,14.74,0.03,11.0,696,0
3.0,43.0,male,936880.0,21,MORTGAGE,1000.0,HOMEIMPROVEMENT,8.94,0.0,11.0,657,0
0.0,38.0,male,46000.0,15,RENT,19750.0,VENTURE,13.92,0.43,16.0,585,1
3.0,37.0,female,961176.0,12,MORTGAGE,15000.0,DEBTCONSOLIDATION,11.36,0.02,17.0,655,0
0.0,36.0,female,994533.0,11,MORTGAGE,4200.0,HOMEIMPROVEMENT,11.01,0.0,16.0,649,0
4.0,42.0,female,47899.0,21,RENT,19750.0,HOMEIMPROVEMENT,10.65,0.41,14.0,674,1
0.0,37.0,male,1081139.0,15,MORTGAGE,25000.0,PERSONAL,12.87,0.02,13.0,625,0
3.0,47.0,male,1635757.0,24,MORTGAGE,6600.0,VENTURE,7.74,0.0,17.0,591,0
3.0,44.0,male,1728974.0,20,MORTGAGE,6400.0,DEBTCONSOLIDATION,7.4,0.0,15.0,573,0
0.0,36.0,male,55014.0,14,RENT,19750.0,MEDICAL,13.35,0.36,14.0,666,1
2.0,40.0,female,11372.0,22,OWN,2500.0,DEBTCONSOLIDATION,11.01,0.22,17.0,727,1
3.0,46.0,female,10510.0,24,RENT,1600.0,MEDICAL,14.42,0.15,11.0,677,1
3.0,37.0,female,9850.0,15,RENT,1000.0,VENTURE,11.14,0.1,13.0,473,0
3.0,37.0,male,8104.0,16,OWN,1300.0,VENTURE,6.03,0.16,11.0,561,1
4.0,41.0,female,8000.0,15,RENT,2000.0,MEDICAL,13.22,0.25,15.0,737,1
4.0,47.0,female,96414.0,22,MORTGAGE,16000.0,MEDICAL,7.51,0.17,14.0,676,0
1.0,44.0,male,44165.0,23,MORTGAGE,1000.0,EDUCATION,7.51,0.02,17.0,691,0
4.0,47.0,male,58865.0,24,RENT,2500.0,DEBTCONSOLIDATION,14.65,0.04,17.0,728,0
0.0,44.0,male,113951.0,23,MORTGAGE,4400.0,MEDICAL,7.29,0.04,11.0,722,0
4.0,38.0,female,46118.0,18,RENT,1375.0,EDUCATION,6.91,0.03,15.0,644,0
0.0,46.0,male,57369.0,25,MORTGAGE,6000.0,PERSONAL,7.14,0.1,14.0,726,0
3.0,38.0,male,192784.0,13,MORTGAGE,14000.0,EDUCATION,6.62,0.07,16.0,609,0
0.0,48.0,male,23925.0,25,OWN,7000.0,MEDICAL,11.01,0.29,16.0,669,1
0.0,41.0,male,132989.0,19,MORTGAGE,30000.0,VENTURE,9.91,0.23,17.0,687,0
0.0,38.0,female,156842.0,17,MORTGAGE,30000.0,DEBTCONSOLIDATION,9.91,0.19,11.0,619,0
0.0,36.0,male,186926.0,15,MORTGAGE,30000.0,MEDICAL,7.9,0.16,14.0,636,0
0.0,37.0,female,41176.0,17,RENT,8400.0,VENTURE,13.92,0.2,17.0,727,0
3.0,47.0,female,78901.0,26,RENT,3100.0,MEDICAL,13.49,0.04,16.0,573,0
0.0,50.0,male,71311.0,29,MORTGAGE,22000.0,MEDICAL,17.74,0.31,13.0,630,1
0.0,43.0,male,117832.0,22,RENT,24000.0,PERSONAL,10.99,0.2,16.0,673,0
3.0,46.0,male,108938.0,27,MORTGAGE,20000.0,DEBTCONSOLIDATION,6.91,0.18,15.0,708,0
3.0,42.0,female,432619.0,23,MORTGAGE,25000.0,HOMEIMPROVEMENT,9.99,0.06,17.0,692,0
4.0,50.0,male,51223.0,27,RENT,5000.0,MEDICAL,15.31,0.1,12.0,644,1
3.0,50.0,female,82734.0,26,MORTGAGE,10000.0,PERSONAL,11.49,0.12,16.0,594,0
3.0,41.0,female,168685.0,15,MORTGAGE,15000.0,EDUCATION,17.88,0.09,11.0,688,0
4.0,48.0,male,50732.0,26,RENT,5000.0,MEDICAL,7.29,0.1,14.0,669,0
4.0,36.0,female,46976.0,15,RENT,2400.0,EDUCATION,18.39,0.05,13.0,562,0
3.0,37.0,female,97006.0,15,RENT,25000.0,MEDICAL,13.11,0.26,16.0,700,1
0.0,44.0,male,168723.0,20,OWN,21500.0,MEDICAL,11.83,0.13,11.0,541,0
0.0,47.0,male,53796.0,24,RENT,8000.0,PERSONAL,11.01,0.15,15.0,662,1
1.0,47.0,male,45358.0,26,MORTGAGE,7400.0,HOMEIMPROVEMENT,8.0,0.16,15.0,717,0
3.0,38.0,female,241072.0,19,MORTGAGE,20000.0,MEDICAL,11.48,0.08,11.0,487,0
0.0,42.0,female,48590.0,17,MORTGAGE,2500.0,HOMEIMPROVEMENT,5.42,0.05,12.0,564,0
0.0,40.0,male,60932.0,21,MORTGAGE,6000.0,PERSONAL,14.96,0.1,15.0,746,0
3.0,39.0,male,67282.0,18,RENT,24000.0,HOMEIMPROVEMENT,12.53,0.36,11.0,655,1
0.0,45.0,female,54908.0,26,MORTGAGE,14000.0,EDUCATION,6.62,0.25,12.0,581,0
0.0,38.0,female,89972.0,17,MORTGAGE,18000.0,DEBTCONSOLIDATION,14.35,0.2,17.0,537,0
3.0,39.0,male,220363.0,16,RENT,12500.0,HOMEIMPROVEMENT,5.42,0.06,11.0,544,0
4.0,47.0,male,78586.0,25,MORTGAGE,7000.0,VENTURE,14.35,0.09,17.0,659,0
0.0,36.0,female,258024.0,15,MORTGAGE,9400.0,HOMEIMPROVEMENT,15.62,0.04,12.0,699,0
3.0,46.0,male,60682.0,24,RENT,4350.0,HOMEIMPROVEMENT,10.99,0.07,16.0,670,0
3.0,40.0,male,52490.0,21,OWN,15000.0,EDUCATION,16.0,0.29,17.0,677,0
3.0,36.0,female,994605.0,13,MORTGAGE,4200.0,MEDICAL,11.01,0.0,13.0,481,0
3.0,47.0,male,22924.0,22,RENT,2000.0,MEDICAL,7.29,0.09,11.0,674,0
1.0,42.0,female,137533.0,20,MORTGAGE,19200.0,DEBTCONSOLIDATION,11.36,0.14,17.0,617,0
3.0,42.0,male,78441.0,19,OWN,22750.0,VENTURE,8.9,0.29,17.0,562,0
4.0,48.0,male,34607.0,23,MORTGAGE,7500.0,EDUCATION,7.74,0.22,17.0,679,0
0.0,36.0,male,301158.0,11,RENT,20000.0,DEBTCONSOLIDATION,7.88,0.07,17.0,665,0
2.0,47.0,female,22639.0,26,MORTGAGE,3000.0,DEBTCONSOLIDATION,5.42,0.13,13.0,679,1
1.0,43.0,male,44328.0,20,RENT,9000.0,MEDICAL,5.79,0.2,14.0,690,0
1.0,46.0,female,72742.0,23,MORTGAGE,3600.0,PERSONAL,6.99,0.05,13.0,639,0
0.0,39.0,female,242374.0,16,RENT,13500.0,VENTURE,11.49,0.06,16.0,605,0
0.0,50.0,female,24124.0,26,RENT,4000.0,DEBTCONSOLIDATION,11.01,0.17,11.0,705,1
0.0,48.0,male,37224.0,24,MORTGAGE,2100.0,VENTURE,12.42,0.06,16.0,693,0
0.0,42.0,male,151217.0,22,MORTGAGE,35000.0,VENTURE,7.9,0.23,17.0,675,0
1.0,37.0,male,937126.0,14,RENT,7500.0,VENTURE,12.18,0.01,13.0,692,0
1.0,37.0,female,106582.0,18,RENT,25000.0,EDUCATION,19.66,0.23,15.0,750,1
3.0,40.0,female,280587.0,14,MORTGAGE,15000.0,VENTURE,11.83,0.05,12.0,618,0
3.0,49.0,male,92822.0,26,MORTGAGE,15000.0,PERSONAL,14.84,0.16,11.0,668,0
1.0,43.0,male,480837.0,21,MORTGAGE,28000.0,HOMEIMPROVEMENT,9.91,0.06,11.0,702,0
4.0,47.0,female,63234.0,24,MORTGAGE,12000.0,DEBTCONSOLIDATION,7.29,0.19,13.0,513,0
4.0,43.0,male,67442.0,21,MORTGAGE,10000.0,DEBTCONSOLIDATION,6.03,0.15,11.0,658,0
4.0,42.0,female,94822.0,21,MORTGAGE,20000.0,VENTURE,10.99,0.21,12.0,721,0
0.0,42.0,female,58876.0,19,OWN,3500.0,EDUCATION,14.35,0.06,17.0,564,0
0.0,44.0,female,75908.0,20,RENT,10000.0,PERSONAL,16.82,0.13,15.0,697,1
0.0,40.0,female,56680.0,14,RENT,20000.0,DEBTCONSOLIDATION,14.61,0.35,13.0,540,1
0.0,45.0,male,143857.0,23,MORTGAGE,5000.0,VENTURE,11.49,0.03,13.0,718,0
2.0,43.0,female,55997.0,23,RENT,13000.0,MEDICAL,15.7,0.23,15.0,617,1
3.0,41.0,female,46963.0,20,RENT,8875.0,MEDICAL,19.03,0.19,11.0,698,0
0.0,42.0,female,38544.0,22,MORTGAGE,7200.0,DEBTCONSOLIDATION,11.99,0.19,16.0,734,0
0.0,48.0,male,72975.0,24,MORTGAGE,2500.0,VENTURE,7.29,0.03,13.0,701,0
0.0,41.0,male,124600.0,20,MORTGAGE,20000.0,DEBTCONSOLIDATION,14.61,0.16,16.0,652,1
0.0,36.0,male,88307.0,16,RENT,24000.0,HOMEIMPROVEMENT,14.09,0.27,16.0,699,1
3.0,44.0,female,144912.0,20,MORTGAGE,4000.0,VENTURE,11.01,0.03,14.0,699,0
3.0,42.0,male,36995.0,23,RENT,8000.0,VENTURE,14.96,0.22,12.0,727,0
0.0,39.0,male,58602.0,21,MORTGAGE,3000.0,MEDICAL,5.42,0.05,16.0,663,0
3.0,37.0,male,224131.0,15,OWN,3000.0,VENTURE,6.39,0.01,13.0,695,0
1.0,39.0,female,42877.0,19,RENT,8000.0,MEDICAL,13.22,0.19,16.0,527,0
3.0,41.0,female,36718.0,17,RENT,8875.0,PERSONAL,5.42,0.24,16.0,609,0
3.0,41.0,male,458692.0,18,MORTGAGE,35000.0,PERSONAL,13.49,0.08,16.0,676,0
0.0,45.0,male,52002.0,25,MORTGAGE,7475.0,HOMEIMPROVEMENT,13.49,0.14,13.0,690,0
4.0,37.0,male,30726.0,14,RENT,2775.0,HOMEIMPROVEMENT,15.65,0.09,12.0,736,1
0.0,50.0,male,145406.0,29,MORTGAGE,5575.0,VENTURE,15.2,0.04,17.0,651,0
3.0,37.0,female,70806.0,14,RENT,18200.0,VENTURE,10.99,0.26,17.0,528,1
0.0,42.0,male,64118.0,21,MORTGAGE,21000.0,PERSONAL,10.38,0.33,15.0,687,0
4.0,46.0,male,404281.0,21,OWN,9000.0,EDUCATION,11.49,0.02,14.0,673,0
0.0,44.0,male,100480.0,23,OTHER,12000.0,PERSONAL,16.0,0.12,12.0,642,1
3.0,40.0,male,27049.0,21,MORTGAGE,1500.0,MEDICAL,11.12,0.06,17.0,621,0
0.0,44.0,female,96947.0,20,MORTGAGE,25000.0,HOMEIMPROVEMENT,15.33,0.26,11.0,721,0
1.0,41.0,female,29903.0,20,RENT,4000.0,MEDICAL,16.07,0.13,16.0,653,1
4.0,36.0,male,37841.0,18,RENT,8000.0,PERSONAL,14.11,0.21,14.0,730,1
0.0,47.0,male,65551.0,26,MORTGAGE,15000.0,HOMEIMPROVEMENT,11.71,0.23,16.0,613,0
0.0,37.0,male,103314.0,11,RENT,35000.0,DEBTCONSOLIDATION,8.9,0.34,17.0,642,1
3.0,47.0,female,61094.0,29,MORTGAGE,4000.0,VENTURE,11.01,0.07,17.0,685,0
0.0,46.0,male,87513.0,23,RENT,17000.0,HOMEIMPROVEMENT,8.88,0.19,14.0,678,0
0.0,49.0,female,145191.0,25,MORTGAGE,12000.0,MEDICAL,10.99,0.08,12.0,680,0
0.0,36.0,male,30022.0,15,RENT,9925.0,MEDICAL,13.06,0.33,12.0,697,1
0.0,40.0,female,179191.0,20,MORTGAGE,5000.0,VENTURE,6.03,0.03,11.0,708,0
0.0,46.0,male,59793.0,24,RENT,2800.0,MEDICAL,10.59,0.05,14.0,684,0
1.0,48.0,female,169005.0,27,MORTGAGE,18000.0,EDUCATION,9.99,0.11,12.0,652,0
0.0,46.0,female,106941.0,25,MORTGAGE,30000.0,MEDICAL,18.39,0.28,16.0,744,1
3.0,49.0,female,18921.0,26,RENT,2400.0,MEDICAL,9.91,0.13,13.0,626,1
1.0,49.0,female,78671.0,31,MORTGAGE,10000.0,MEDICAL,16.49,0.13,12.0,562,1
0.0,38.0,male,21480.0,16,OWN,1000.0,VENTURE,16.29,0.05,13.0,587,0
3.0,36.0,male,216811.0,15,OTHER,20000.0,PERSONAL,11.48,0.09,15.0,561,1
0.0,42.0,male,85056.0,21,RENT,12000.0,PERSONAL,11.01,0.14,17.0,703,0
3.0,47.0,male,121130.0,24,MORTGAGE,2500.0,VENTURE,9.99,0.02,16.0,585,0
0.0,40.0,male,65846.0,21,RENT,12000.0,PERSONAL,10.62,0.18,17.0,697,0
1.0,38.0,male,114955.0,19,OWN,14000.0,VENTURE,17.74,0.12,17.0,686,0
3.0,44.0,male,58555.0,23,MORTGAGE,17500.0,HOMEIMPROVEMENT,12.18,0.3,11.0,638,0
3.0,40.0,female,104057.0,21,RENT,20000.0,EDUCATION,14.54,0.19,13.0,586,1
0.0,43.0,male,65475.0,22,RENT,9000.0,PERSONAL,15.65,0.14,14.0,721,1
0.0,43.0,female,166589.0,20,MORTGAGE,9900.0,EDUCATION,6.99,0.06,14.0,624,0
1.0,36.0,female,516694.0,15,RENT,25000.0,EDUCATION,13.8,0.05,11.0,513,0
3.0,38.0,male,168975.0,17,MORTGAGE,25000.0,VENTURE,9.99,0.15,13.0,578,0
0.0,43.0,female,421034.0,17,MORTGAGE,18000.0,PERSONAL,11.49,0.04,14.0,697,0
0.0,47.0,female,57415.0,25,MORTGAGE,7500.0,MEDICAL,6.62,0.13,13.0,655,0
3.0,37.0,male,48834.0,15,OWN,15000.0,HOMEIMPROVEMENT,11.48,0.31,17.0,614,0
0.0,39.0,male,22955.0,19,RENT,1200.0,EDUCATION,14.74,0.05,17.0,721,1
0.0,36.0,male,163068.0,14,MORTGAGE,2500.0,VENTURE,14.91,0.02,17.0,701,0
3.0,36.0,male,193168.0,15,OWN,24000.0,VENTURE,14.96,0.12,15.0,635,0
0.0,42.0,male,55221.0,19,RENT,18200.0,MEDICAL,10.83,0.33,16.0,597,1
1.0,39.0,female,391019.0,15,MORTGAGE,18000.0,PERSONAL,14.96,0.05,17.0,692,0
0.0,39.0,male,49280.0,14,OWN,1000.0,VENTURE,10.37,0.02,16.0,521,0
3.0,48.0,male,145015.0,26,MORTGAGE,3600.0,HOMEIMPROVEMENT,11.01,0.02,16.0,667,0
4.0,46.0,male,217194.0,24,MORTGAGE,18000.0,MEDICAL,9.91,0.08,12.0,585,0
0.0,43.0,male,62482.0,23,RENT,1500.0,VENTURE,11.86,0.02,12.0,692,0
1.0,42.0,female,78378.0,19,MORTGAGE,30000.0,MEDICAL,19.03,0.38,14.0,687,1
3.0,39.0,male,180785.0,19,MORTGAGE,30000.0,MEDICAL,8.9,0.17,11.0,678,0
4.0,41.0,male,108893.0,17,MORTGAGE,3000.0,PERSONAL,7.14,0.03,17.0,589,0
4.0,45.0,male,73300.0,27,RENT,25000.0,EDUCATION,9.99,0.34,14.0,711,1
4.0,48.0,male,80158.0,24,RENT,6000.0,HOMEIMPROVEMENT,11.89,0.07,16.0,608,0
3.0,38.0,female,48756.0,18,MORTGAGE,10000.0,PERSONAL,5.99,0.21,17.0,616,0
3.0,46.0,male,73021.0,20,RENT,15000.0,HOMEIMPROVEMENT,16.32,0.21,16.0,629,0
3.0,36.0,male,65529.0,17,MORTGAGE,18200.0,DEBTCONSOLIDATION,18.25,0.28,12.0,602,1
0.0,42.0,female,47263.0,17,RENT,13000.0,MEDICAL,11.01,0.28,17.0,674,1
0.0,45.0,male,78193.0,26,MORTGAGE,6000.0,PERSONAL,7.29,0.08,12.0,555,0
0.0,43.0,male,135511.0,24,MORTGAGE,25000.0,PERSONAL,14.96,0.18,16.0,562,0
3.0,38.0,female,15187.0,15,OWN,4800.0,EDUCATION,7.29,0.32,12.0,540,1
2.0,38.0,female,120904.0,16,OWN,25000.0,MEDICAL,14.96,0.21,11.0,610,0
0.0,42.0,female,721408.0,18,OTHER,25000.0,HOMEIMPROVEMENT,14.74,0.03,16.0,656,0
1.0,38.0,female,241127.0,17,MORTGAGE,3000.0,DEBTCONSOLIDATION,7.68,0.01,12.0,684,0
0.0,42.0,female,121647.0,16,MORTGAGE,25000.0,DEBTCONSOLIDATION,16.15,0.21,14.0,693,1
0.0,40.0,female,63352.0,17,RENT,15000.0,EDUCATION,18.62,0.24,16.0,617,1
4.0,58.0,male,1080918.0,40,RENT,19600.0,DEBTCONSOLIDATION,13.98,0.02,28.0,688,0
0.0,65.0,female,92502.0,43,RENT,35000.0,EDUCATION,10.99,0.38,27.0,735,1
2.0,51.0,female,802050.0,26,MORTGAGE,10000.0,PERSONAL,13.98,0.01,22.0,760,0
3.0,53.0,male,103338.0,30,RENT,35000.0,PERSONAL,15.65,0.34,19.0,649,1
1.0,58.0,male,130995.0,33,RENT,35000.0,PERSONAL,14.91,0.27,19.0,740,1
1.0,51.0,male,600734.0,33,MORTGAGE,20000.0,PERSONAL,10.37,0.03,19.0,683,0
0.0,53.0,male,366923.0,31,RENT,5000.0,VENTURE,8.88,0.01,29.0,699,0
3.0,66.0,male,360994.0,44,MORTGAGE,28000.0,PERSONAL,6.62,0.08,23.0,731,0
3.0,61.0,male,193233.0,43,RENT,30000.0,PERSONAL,11.01,0.16,27.0,734,0
3.0,54.0,male,65135.0,34,RENT,29850.0,HOMEIMPROVEMENT,11.01,0.46,28.0,637,1
0.0,51.0,male,312914.0,29,MORTGAGE,14000.0,PERSONAL,7.66,0.04,26.0,601,0
3.0,66.0,female,73126.0,42,RENT,27050.0,MEDICAL,11.01,0.37,28.0,719,1
0.0,57.0,male,18747.0,34,MORTGAGE,3000.0,DEBTCONSOLIDATION,12.68,0.16,23.0,676,1
3.0,59.0,male,210967.0,37,RENT,12000.0,PERSONAL,10.59,0.06,27.0,656,0
0.0,51.0,male,184501.0,27,RENT,25000.0,PERSONAL,15.58,0.14,23.0,707,1
3.0,62.0,male,83162.0,44,RENT,24250.0,MEDICAL,12.73,0.29,28.0,692,1
0.0,51.0,male,20994.0,30,OWN,1000.0,PERSONAL,11.11,0.05,22.0,638,0
3.0,53.0,female,84871.0,32,RENT,24000.0,PERSONAL,16.77,0.28,20.0,568,1
4.0,54.0,female,93355.0,30,RENT,24000.0,VENTURE,13.49,0.26,21.0,702,1
3.0,66.0,female,52410.0,45,RENT,22250.0,DEBTCONSOLIDATION,14.59,0.42,23.0,672,1
0.0,60.0,male,55982.0,36,RENT,20000.0,PERSONAL,10.0,0.36,20.0,647,1
2.0,54.0,male,61146.0,31,RENT,20000.0,DEBTCONSOLIDATION,7.9,0.33,20.0,714,1
0.0,55.0,male,61231.0,33,RENT,20000.0,HOMEIMPROVEMENT,7.51,0.33,30.0,660,1
0.0,52.0,male,66832.0,31,RENT,20000.0,HOMEIMPROVEMENT,7.49,0.3,25.0,704,1
4.0,61.0,female,62093.0,40,RENT,20000.0,MEDICAL,14.09,0.32,21.0,727,1
3.0,52.0,female,71397.0,32,RENT,20000.0,DEBTCONSOLIDATION,15.58,0.28,22.0,708,1
1.0,55.0,female,90925.0,31,RENT,20000.0,MEDICAL,11.83,0.22,23.0,659,0
3.0,62.0,female,92429.0,36,RENT,20000.0,EDUCATION,16.77,0.22,29.0,690,1
3.0,64.0,female,126989.0,41,RENT,20000.0,HOMEIMPROVEMENT,18.64,0.16,30.0,631,0
4.0,52.0,female,27942.0,29,MORTGAGE,6000.0,PERSONAL,13.49,0.21,21.0,715,0
0.0,51.0,male,22863.0,30,RENT,1000.0,PERSONAL,14.65,0.04,20.0,707,1
3.0,52.0,female,60964.0,29,RENT,18000.0,MEDICAL,14.59,0.3,25.0,623,1
0.0,51.0,female,97221.0,32,RENT,18000.0,VENTURE,18.78,0.19,19.0,648,0
3.0,52.0,female,102010.0,30,RENT,18000.0,VENTURE,8.49,0.18,24.0,702,0
3.0,51.0,female,54939.0,25,RENT,16000.0,DEBTCONSOLIDATION,7.9,0.29,19.0,560,1
3.0,54.0,female,41397.0,32,RENT,1000.0,DEBTCONSOLIDATION,10.65,0.02,29.0,702,1
1.0,70.0,male,36838.0,47,RENT,1000.0,DEBTCONSOLIDATION,17.49,0.03,21.0,643,1
0.0,55.0,female,65580.0,27,RENT,1000.0,DEBTCONSOLIDATION,13.99,0.02,27.0,672,1
3.0,52.0,male,103180.0,29,RENT,1000.0,MEDICAL,8.9,0.01,28.0,642,0
1.0,52.0,male,19532.0,30,RENT,1200.0,PERSONAL,11.01,0.06,20.0,711,1
1.0,58.0,male,41332.0,37,RENT,1500.0,EDUCATION,14.79,0.04,28.0,679,0
1.0,52.0,male,66019.0,34,RENT,1500.0,PERSONAL,8.49,0.02,24.0,735,1
3.0,51.0,male,70619.0,28,RENT,1500.0,MEDICAL,19.03,0.02,22.0,645,1
3.0,58.0,male,53297.0,38,RENT,1800.0,EDUCATION,14.96,0.03,21.0,715,0
0.0,54.0,male,36090.0,34,MORTGAGE,2500.0,PERSONAL,11.71,0.07,24.0,743,0
4.0,60.0,male,118615.0,39,RENT,15000.0,DEBTCONSOLIDATION,16.29,0.13,25.0,631,1
1.0,53.0,male,166538.0,34,RENT,15000.0,PERSONAL,12.69,0.09,21.0,715,1
1.0,58.0,male,62551.0,33,RENT,13500.0,PERSONAL,11.58,0.22,21.0,750,0
0.0,51.0,male,46566.0,27,RENT,13000.0,PERSONAL,12.42,0.28,18.0,668,1
0.0,55.0,male,47753.0,35,RENT,13000.0,HOMEIMPROVEMENT,11.48,0.27,27.0,715,1
3.0,53.0,male,32910.0,30,RENT,2500.0,DEBTCONSOLIDATION,11.01,0.08,28.0,639,0
0.0,57.0,male,32365.0,37,RENT,2500.0,PERSONAL,13.48,0.08,18.0,632,0
0.0,60.0,female,35675.0,35,RENT,2500.0,HOMEIMPROVEMENT,15.33,0.07,27.0,650,1
0.0,58.0,male,48809.0,29,RENT,2500.0,VENTURE,10.37,0.05,27.0,638,0
0.0,57.0,male,20300.0,37,RENT,3000.0,MEDICAL,10.38,0.15,20.0,712,1
1.0,51.0,female,45772.0,27,RENT,3000.0,MEDICAL,10.62,0.07,30.0,722,1
1.0,57.0,male,55491.0,34,RENT,3000.0,VENTURE,9.91,0.05,20.0,719,0
0.0,78.0,male,58463.0,57,RENT,3000.0,MEDICAL,7.51,0.05,25.0,754,0
0.0,51.0,male,60925.0,28,RENT,12000.0,DEBTCONSOLIDATION,10.37,0.2,25.0,658,0
2.0,53.0,male,41702.0,29,MORTGAGE,10000.0,MEDICAL,10.39,0.24,30.0,755,1
3.0,65.0,male,70759.0,41,RENT,3000.0,EDUCATION,11.01,0.04,27.0,667,0
0.0,58.0,female,34009.0,33,RENT,3500.0,HOMEIMPROVEMENT,16.0,0.1,21.0,672,1
0.0,70.0,male,49419.0,46,RENT,3600.0,MEDICAL,15.23,0.07,19.0,712,0
1.0,66.0,female,47014.0,44,RENT,11000.0,MEDICAL,5.42,0.23,19.0,743,0
3.0,52.0,male,58544.0,32,RENT,11000.0,MEDICAL,12.73,0.19,22.0,684,0
1.0,52.0,male,102892.0,31,RENT,11000.0,DEBTCONSOLIDATION,12.42,0.11,25.0,685,0
1.0,69.0,male,45454.0,49,RENT,10750.0,MEDICAL,14.59,0.24,27.0,770,0
3.0,65.0,male,56322.0,44,RENT,10500.0,VENTURE,16.32,0.19,24.0,701,0
0.0,58.0,female,24991.0,31,RENT,4000.0,EDUCATION,9.99,0.16,30.0,650,0
0.0,55.0,female,30598.0,34,RENT,4000.0,VENTURE,13.92,0.13,27.0,663,0
3.0,53.0,female,49061.0,31,RENT,4000.0,VENTURE,12.99,0.08,22.0,697,0
1.0,54.0,male,48124.0,29,MORTGAGE,20000.0,PERSONAL,10.71,0.42,19.0,704,0
0.0,53.0,male,29562.0,26,RENT,4400.0,MEDICAL,12.42,0.15,23.0,732,0
1.0,59.0,male,48675.0,37,MORTGAGE,3600.0,PERSONAL,7.49,0.07,24.0,618,0
0.0,53.0,female,72980.0,32,RENT,4425.0,MEDICAL,8.9,0.06,29.0,690,0
3.0,52.0,male,61034.0,29,RENT,4500.0,EDUCATION,11.89,0.07,25.0,718,0
0.0,58.0,male,87259.0,39,RENT,4500.0,EDUCATION,11.01,0.05,18.0,700,0
3.0,52.0,female,110029.0,31,RENT,4500.0,MEDICAL,14.72,0.04,28.0,631,0
0.0,60.0,male,38908.0,35,RENT,4650.0,DEBTCONSOLIDATION,13.23,0.12,27.0,671,0
1.0,64.0,male,56272.0,44,RENT,4800.0,PERSONAL,11.09,0.09,24.0,759,0
4.0,69.0,male,97535.0,48,RENT,4800.0,MEDICAL,14.79,0.05,22.0,784,0
3.0,54.0,female,129725.0,34,RENT,10000.0,VENTURE,9.91,0.08,20.0,744,0
4.0,56.0,male,181110.0,31,RENT,10000.0,HOMEIMPROVEMENT,13.49,0.06,20.0,668,0
1.0,73.0,female,51415.0,47,MORTGAGE,5000.0,PERSONAL,7.49,0.1,28.0,706,0
3.0,52.0,male,37150.0,32,RENT,5000.0,MEDICAL,12.73,0.13,18.0,712,0
0.0,70.0,male,36738.0,43,RENT,5000.0,MEDICAL,10.96,0.14,28.0,728,0
3.0,60.0,male,45700.0,35,MORTGAGE,10000.0,PERSONAL,6.54,0.22,27.0,596,1
1.0,70.0,male,53308.0,50,MORTGAGE,7000.0,PERSONAL,11.66,0.13,24.0,651,0
3.0,51.0,male,120023.0,27,RENT,9000.0,HOMEIMPROVEMENT,11.49,0.07,22.0,566,0
3.0,51.0,male,73504.0,27,RENT,8500.0,DEBTCONSOLIDATION,5.79,0.12,18.0,681,0
0.0,57.0,male,69090.0,31,RENT,5000.0,PERSONAL,15.96,0.07,24.0,727,0
3.0,58.0,male,54761.0,35,MORTGAGE,3500.0,PERSONAL,6.76,0.06,20.0,730,0
1.0,52.0,male,78637.0,30,RENT,5000.0,PERSONAL,11.26,0.06,25.0,722,0
3.0,53.0,female,106767.0,31,RENT,5000.0,EDUCATION,8.49,0.05,25.0,664,0
0.0,58.0,female,55708.0,38,MORTGAGE,6000.0,PERSONAL,12.99,0.11,25.0,677,0
3.0,53.0,female,56460.0,28,OWN,4925.0,PERSONAL,11.71,0.09,28.0,660,0
4.0,63.0,female,45566.0,43,RENT,5450.0,DEBTCONSOLIDATION,15.96,0.12,22.0,662,1
3.0,51.0,female,57067.0,33,MORTGAGE,11600.0,PERSONAL,8.94,0.2,30.0,727,0
0.0,55.0,female,58697.0,36,RENT,5500.0,EDUCATION,10.62,0.09,22.0,679,1
0.0,53.0,male,55194.0,29,RENT,5600.0,DEBTCONSOLIDATION,13.79,0.1,22.0,712,0
3.0,51.0,male,51152.0,29,MORTGAGE,15000.0,DEBTCONSOLIDATION,13.99,0.29,20.0,674,1
4.0,55.0,male,66062.0,33,RENT,5800.0,VENTURE,6.76,0.09,24.0,725,0
1.0,69.0,female,29825.0,47,RENT,6000.0,MEDICAL,6.62,0.2,20.0,720,0
2.0,54.0,female,58468.0,28,OWN,6000.0,PERSONAL,8.0,0.1,20.0,730,0
3.0,52.0,female,43018.0,28,RENT,6000.0,PERSONAL,11.01,0.14,22.0,639,0
3.0,60.0,male,59850.0,36,OWN,12000.0,PERSONAL,13.79,0.2,30.0,619,0
3.0,62.0,female,80473.0,40,RENT,6000.0,EDUCATION,11.01,0.07,23.0,661,0
4.0,53.0,female,61102.0,31,MORTGAGE,4500.0,PERSONAL,11.01,0.07,18.0,646,0
3.0,51.0,male,118380.0,26,RENT,6000.0,PERSONAL,15.96,0.05,23.0,687,0
0.0,53.0,female,132972.0,32,RENT,6000.0,VENTURE,7.9,0.05,23.0,683,0
3.0,56.0,male,24016.0,30,RENT,6025.0,VENTURE,11.71,0.25,19.0,678,1
3.0,52.0,male,91601.0,29,RENT,6125.0,DEBTCONSOLIDATION,7.74,0.07,18.0,721,0
2.0,51.0,male,85981.0,32,RENT,7000.0,VENTURE,11.01,0.08,21.0,712,0
0.0,52.0,female,87091.0,29,RENT,7000.0,VENTURE,16.82,0.08,28.0,707,1
4.0,52.0,male,63244.0,33,OWN,9600.0,PERSONAL,8.49,0.15,19.0,736,0
2.0,54.0,male,63553.0,36,MORTGAGE,1000.0,PERSONAL,10.0,0.02,26.0,742,0
0.0,52.0,female,181320.0,28,RENT,7000.0,DEBTCONSOLIDATION,6.99,0.04,28.0,642,0
0.0,57.0,female,205028.0,35,RENT,6300.0,HOMEIMPROVEMENT,13.11,0.03,26.0,615,0
3.0,94.0,male,29738.0,76,RENT,6500.0,MEDICAL,11.01,0.22,27.0,773,0
3.0,52.0,male,63561.0,26,MORTGAGE,10000.0,PERSONAL,11.01,0.16,29.0,669,0
0.0,57.0,male,85080.0,37,RENT,6600.0,VENTURE,10.99,0.08,21.0,692,0
2.0,61.0,female,64516.0,39,MORTGAGE,7000.0,PERSONAL,7.49,0.11,23.0,765,0
0.0,57.0,male,94036.0,35,RENT,6625.0,VENTURE,7.66,0.07,29.0,694,0
0.0,57.0,male,64312.0,34,MORTGAGE,5800.0,PERSONAL,13.16,0.09,30.0,666,0
3.0,80.0,male,77894.0,62,RENT,6800.0,MEDICAL,11.71,0.09,25.0,673,0
3.0,66.0,male,51533.0,44,RENT,6475.0,MEDICAL,9.99,0.13,24.0,728,0
0.0,53.0,female,34453.0,26,RENT,7000.0,DEBTCONSOLIDATION,6.0,0.2,26.0,609,0
1.0,59.0,female,66850.0,38,MORTGAGE,1000.0,PERSONAL,10.59,0.01,29.0,693,0
0.0,66.0,male,48899.0,42,RENT,7000.0,EDUCATION,15.68,0.14,29.0,686,1
0.0,51.0,male,66734.0,29,MORTGAGE,16750.0,PERSONAL,15.2,0.25,21.0,675,0
0.0,58.0,male,59833.0,33,MORTGAGE,7500.0,MEDICAL,13.55,0.13,24.0,581,1
0.0,54.0,male,28403.0,31,RENT,7500.0,MEDICAL,11.89,0.26,22.0,549,1
3.0,56.0,male,78919.0,31,RENT,7700.0,DEBTCONSOLIDATION,5.42,0.1,24.0,659,0
3.0,52.0,female,63233.0,30,MORTGAGE,17000.0,MEDICAL,7.88,0.27,18.0,601,1
1.0,73.0,male,90678.0,47,RENT,7800.0,MEDICAL,11.01,0.09,24.0,696,0
0.0,51.0,female,34474.0,29,RENT,8000.0,VENTURE,11.86,0.23,26.0,617,0
3.0,52.0,male,41628.0,28,RENT,8000.0,MEDICAL,9.25,0.19,25.0,613,0
3.0,62.0,male,73064.0,41,MORTGAGE,16000.0,PERSONAL,8.9,0.22,19.0,667,0
3.0,70.0,male,51635.0,50,RENT,8000.0,MEDICAL,9.63,0.15,24.0,657,0
3.0,51.0,female,72595.0,24,MORTGAGE,7500.0,PERSONAL,11.01,0.1,24.0,606,0
0.0,60.0,female,73011.0,38,OWN,9000.0,PERSONAL,13.8,0.12,27.0,676,0
3.0,55.0,female,61739.0,34,RENT,8000.0,PERSONAL,5.79,0.13,26.0,587,0
0.0,66.0,female,65768.0,44,RENT,8000.0,MEDICAL,16.02,0.12,26.0,741,0
3.0,51.0,male,72922.0,29,MORTGAGE,8000.0,PERSONAL,13.48,0.11,23.0,579,0
3.0,54.0,female,25099.0,34,RENT,5000.0,DEBTCONSOLIDATION,11.01,0.2,19.0,685,0
0.0,53.0,male,29526.0,32,RENT,5000.0,EDUCATION,14.42,0.17,27.0,670,1
1.0,52.0,male,31111.0,30,RENT,5000.0,MEDICAL,12.61,0.16,22.0,678,1
0.0,55.0,male,74199.0,35,MORTGAGE,8500.0,PERSONAL,6.76,0.11,20.0,670,0
3.0,51.0,male,75661.0,26,RENT,8000.0,VENTURE,11.01,0.11,30.0,698,0
0.0,57.0,female,78215.0,32,RENT,8000.0,VENTURE,8.9,0.1,19.0,673,0
3.0,52.0,female,100980.0,33,RENT,8000.0,DEBTCONSOLIDATION,15.96,0.08,30.0,634,0
4.0,53.0,female,102846.0,30,RENT,8000.0,MEDICAL,7.74,0.08,28.0,751,0
1.0,57.0,male,75405.0,33,MORTGAGE,2000.0,PERSONAL,13.72,0.03,24.0,729,0
0.0,51.0,female,55516.0,30,RENT,8400.0,MEDICAL,13.11,0.15,18.0,658,0
1.0,62.0,female,62703.0,38,RENT,8525.0,PERSONAL,6.54,0.14,24.0,577,0
0.0,56.0,female,39886.0,32,RENT,8575.0,MEDICAL,7.51,0.21,18.0,694,0
3.0,54.0,male,78879.0,29,MORTGAGE,9600.0,PERSONAL,15.99,0.12,20.0,650,0
1.0,51.0,male,63741.0,29,RENT,9200.0,VENTURE,13.61,0.14,24.0,712,0
1.0,53.0,male,66909.0,30,RENT,9500.0,HOMEIMPROVEMENT,5.42,0.14,26.0,644,0
3.0,59.0,male,51274.0,37,RENT,9600.0,PERSONAL,7.66,0.19,19.0,711,0
1.0,51.0,female,82135.0,25,MORTGAGE,15000.0,PERSONAL,13.11,0.18,27.0,669,0
2.0,58.0,male,82698.0,34,MORTGAGE,8000.0,PERSONAL,10.99,0.1,29.0,695,0
1.0,51.0,male,44388.0,31,RENT,10000.0,MEDICAL,15.65,0.23,30.0,698,0
3.0,52.0,male,85005.0,33,OWN,12000.0,PERSONAL,11.11,0.14,22.0,645,0
1.0,56.0,male,84905.0,37,MORTGAGE,2500.0,PERSONAL,5.99,0.03,23.0,726,0
2.0,53.0,male,52724.0,30,RENT,10000.0,VENTURE,9.88,0.19,30.0,693,0
0.0,56.0,female,85147.0,32,MORTGAGE,15000.0,PERSONAL,10.38,0.18,20.0,626,0
3.0,65.0,male,55802.0,41,RENT,10000.0,PERSONAL,11.01,0.18,29.0,659,0
3.0,61.0,male,14174.0,38,RENT,4000.0,PERSONAL,12.21,0.28,25.0,633,1
1.0,56.0,male,87228.0,35,OWN,7425.0,PERSONAL,9.99,0.09,22.0,628,0
0.0,60.0,male,87299.0,39,OWN,10000.0,PERSONAL,10.59,0.11,24.0,637,0
3.0,51.0,male,88355.0,30,MORTGAGE,5700.0,PERSONAL,7.66,0.06,28.0,691,0
0.0,56.0,male,72214.0,31,RENT,10000.0,DEBTCONSOLIDATION,13.61,0.14,20.0,681,0
3.0,53.0,male,66067.0,28,RENT,10000.0,MEDICAL,14.59,0.15,27.0,646,1
4.0,51.0,male,90677.0,28,MORTGAGE,3000.0,PERSONAL,13.49,0.03,18.0,713,0
1.0,64.0,male,68127.0,44,RENT,10000.0,DEBTCONSOLIDATION,16.82,0.15,18.0,690,1
3.0,55.0,male,90949.0,31,MORTGAGE,7700.0,PERSONAL,14.84,0.08,18.0,626,0
0.0,55.0,male,90685.0,32,MORTGAGE,10000.0,PERSONAL,7.51,0.11,20.0,687,0
0.0,53.0,male,91228.0,31,MORTGAGE,10000.0,PERSONAL,8.94,0.11,19.0,641,0
1.0,61.0,female,108960.0,38,RENT,10000.0,MEDICAL,5.79,0.09,20.0,702,0
4.0,51.0,female,93491.0,29,MORTGAGE,15000.0,PERSONAL,9.99,0.16,20.0,690,0
0.0,52.0,female,44152.0,27,RENT,11200.0,DEBTCONSOLIDATION,12.18,0.25,29.0,638,1
0.0,62.0,female,75378.0,40,MORTGAGE,25000.0,MEDICAL,13.43,0.33,28.0,666,1
0.0,54.0,male,97013.0,30,MORTGAGE,1800.0,PERSONAL,9.88,0.02,21.0,617,0
4.0,53.0,male,97028.0,33,OWN,15000.0,PERSONAL,6.62,0.15,24.0,734,0
0.0,55.0,female,41815.0,33,RENT,12000.0,DEBTCONSOLIDATION,6.92,0.29,30.0,592,1
0.0,66.0,male,99448.0,43,MORTGAGE,28000.0,PERSONAL,7.9,0.28,20.0,711,0
3.0,64.0,male,29576.0,41,RENT,3000.0,MEDICAL,6.99,0.1,21.0,708,0
3.0,59.0,male,101675.0,37,MORTGAGE,12000.0,PERSONAL,11.86,0.12,18.0,565,0
3.0,55.0,female,94871.0,32,MORTGAGE,8000.0,DEBTCONSOLIDATION,11.01,0.08,29.0,649,1
3.0,51.0,male,82385.0,27,RENT,12000.0,PERSONAL,16.77,0.15,28.0,697,0
3.0,61.0,male,103346.0,40,MORTGAGE,9000.0,PERSONAL,9.99,0.09,22.0,699,0
3.0,58.0,male,103342.0,35,MORTGAGE,8000.0,PERSONAL,11.49,0.08,28.0,625,0
2.0,51.0,male,96895.0,28,RENT,12000.0,HOMEIMPROVEMENT,12.69,0.12,23.0,720,0
3.0,51.0,male,101907.0,28,RENT,12000.0,HOMEIMPROVEMENT,7.49,0.12,23.0,674,0
1.0,64.0,male,105270.0,43,MORTGAGE,15000.0,PERSONAL,7.51,0.14,27.0,681,0
4.0,60.0,male,106501.0,41,OWN,6000.0,PERSONAL,11.01,0.06,18.0,709,0
1.0,58.0,male,121416.0,35,RENT,12000.0,EDUCATION,8.9,0.1,30.0,744,0
1.0,53.0,male,126993.0,29,RENT,12000.0,EDUCATION,6.91,0.09,23.0,614,0
3.0,63.0,male,2139143.0,43,RENT,12025.0,EDUCATION,14.27,0.01,30.0,724,0
3.0,61.0,male,94360.0,39,MORTGAGE,8525.0,PERSONAL,14.54,0.09,27.0,673,1
3.0,56.0,female,108575.0,32,MORTGAGE,7200.0,PERSONAL,6.17,0.07,21.0,683,0
0.0,55.0,female,110547.0,34,MORTGAGE,10000.0,PERSONAL,6.62,0.09,28.0,686,0
0.0,53.0,female,111599.0,31,MORTGAGE,15000.0,PERSONAL,11.12,0.13,22.0,682,0
4.0,62.0,male,21156.0,40,RENT,2500.0,VENTURE,6.91,0.12,24.0,704,0
3.0,65.0,male,112569.0,45,MORTGAGE,25000.0,PERSONAL,9.99,0.22,27.0,689,0
3.0,55.0,female,113672.0,34,MORTGAGE,4000.0,PERSONAL,6.62,0.04,26.0,681,0
0.0,51.0,female,114696.0,28,MORTGAGE,5000.0,PERSONAL,11.01,0.04,30.0,646,0
3.0,84.0,male,114705.0,61,MORTGAGE,10000.0,PERSONAL,7.51,0.09,24.0,784,0
3.0,54.0,female,115179.0,34,MORTGAGE,6500.0,PERSONAL,10.65,0.06,26.0,647,0
0.0,53.0,female,115026.0,31,OWN,6000.0,PERSONAL,5.42,0.05,30.0,609,0
3.0,56.0,female,115308.0,34,MORTGAGE,12000.0,PERSONAL,11.58,0.1,20.0,637,0
0.0,55.0,male,117412.0,34,MORTGAGE,17000.0,PERSONAL,11.01,0.14,30.0,567,0
1.0,54.0,male,118629.0,34,MORTGAGE,10000.0,PERSONAL,13.23,0.08,20.0,629,0
3.0,58.0,female,120577.0,40,MORTGAGE,6000.0,PERSONAL,5.42,0.05,19.0,699,0
0.0,52.0,male,120827.0,27,OWN,10000.0,PERSONAL,9.88,0.08,25.0,695,0
1.0,63.0,male,128089.0,43,MORTGAGE,11500.0,PERSONAL,12.98,0.09,23.0,682,0
1.0,53.0,male,128167.0,28,MORTGAGE,20000.0,PERSONAL,9.88,0.16,23.0,626,0
0.0,52.0,male,35799.0,30,OWN,7000.0,PERSONAL,7.49,0.2,20.0,641,0
1.0,55.0,male,35692.0,31,OWN,5000.0,PERSONAL,15.33,0.14,22.0,594,0
3.0,57.0,male,49042.0,34,RENT,15000.0,DEBTCONSOLIDATION,8.9,0.31,20.0,614,1
4.0,51.0,female,139930.0,31,MORTGAGE,12000.0,PERSONAL,7.88,0.09,29.0,676,0
2.0,52.0,male,140486.0,28,MORTGAGE,12800.0,PERSONAL,9.99,0.09,23.0,689,0
0.0,73.0,male,47877.0,48,RENT,1800.0,MEDICAL,12.53,0.04,21.0,684,0
1.0,70.0,male,58915.0,47,RENT,15000.0,MEDICAL,6.99,0.25,24.0,751,1
3.0,64.0,male,143858.0,44,MORTGAGE,5000.0,PERSONAL,8.0,0.03,22.0,698,0
0.0,51.0,male,144986.0,27,MORTGAGE,30000.0,PERSONAL,7.9,0.21,22.0,640,0
0.0,54.0,male,144593.0,30,MORTGAGE,17625.0,PERSONAL,7.49,0.12,20.0,643,0
0.0,64.0,male,145028.0,44,MORTGAGE,20000.0,PERSONAL,11.11,0.14,25.0,644,0
0.0,69.0,male,144883.0,43,MORTGAGE,20000.0,PERSONAL,14.84,0.14,27.0,673,0
2.0,65.0,male,144872.0,42,MORTGAGE,12000.0,PERSONAL,11.48,0.08,21.0,719,0
4.0,55.0,male,148602.0,29,MORTGAGE,10000.0,PERSONAL,10.99,0.07,26.0,658,0
3.0,54.0,female,151284.0,32,MORTGAGE,12000.0,PERSONAL,6.62,0.08,24.0,688,0
3.0,55.0,male,150774.0,32,MORTGAGE,8400.0,PERSONAL,9.63,0.06,18.0,697,0
0.0,70.0,male,159291.0,49,MORTGAGE,14000.0,PERSONAL,11.01,0.09,24.0,640,0
3.0,54.0,female,155859.0,36,MORTGAGE,9000.0,EDUCATION,11.49,0.06,18.0,707,1
1.0,76.0,female,90934.0,58,RENT,15000.0,MEDICAL,8.94,0.16,25.0,737,0
3.0,65.0,male,160380.0,42,MORTGAGE,18000.0,DEBTCONSOLIDATION,11.01,0.11,25.0,675,1
2.0,60.0,male,181016.0,37,MORTGAGE,10000.0,PERSONAL,5.79,0.06,18.0,696,0
3.0,56.0,male,180925.0,34,MORTGAGE,15000.0,PERSONAL,11.48,0.08,28.0,682,0
2.0,54.0,male,186116.0,32,MORTGAGE,12000.0,PERSONAL,12.69,0.06,26.0,732,0
3.0,61.0,male,178312.0,35,MORTGAGE,24000.0,DEBTCONSOLIDATION,10.38,0.13,20.0,720,1
0.0,54.0,female,204802.0,31,MORTGAGE,11000.0,PERSONAL,6.62,0.05,20.0,650,0
0.0,52.0,male,196732.0,27,MORTGAGE,25000.0,PERSONAL,14.11,0.13,30.0,630,1
0.0,67.0,male,241126.0,45,MORTGAGE,3000.0,PERSONAL,10.28,0.01,26.0,708,0
3.0,52.0,male,864746.0,28,MORTGAGE,7925.0,PERSONAL,8.94,0.01,30.0,702,0
4.0,58.0,male,936965.0,36,MORTGAGE,4500.0,PERSONAL,6.91,0.0,20.0,772,0
0.0,60.0,male,12247.0,40,RENT,2800.0,DEBTCONSOLIDATION,10.99,0.23,28.0,713,1
3.0,60.0,female,2280980.0,37,MORTGAGE,1500.0,PERSONAL,11.01,0.0,21.0,682,0
3.0,53.0,male,8000.0,30,OWN,1400.0,VENTURE,11.01,0.18,28.0,632,1
0.0,54.0,female,35824.0,31,MORTGAGE,2500.0,PERSONAL,11.71,0.07,28.0,626,0
4.0,53.0,male,56040.0,29,OWN,4925.0,PERSONAL,11.71,0.09,23.0,641,0
3.0,56.0,male,87279.0,32,OWN,7425.0,PERSONAL,9.99,0.09,24.0,693,0
0.0,58.0,male,936815.0,37,MORTGAGE,4500.0,PERSONAL,6.91,0.0,19.0,658,0
3.0,65.0,male,55823.0,46,RENT,10000.0,EDUCATION,11.01,0.18,19.0,738,0
2.0,54.0,male,25180.0,32,RENT,5000.0,MEDICAL,11.01,0.2,28.0,661,0
3.0,60.0,male,118493.0,39,RENT,15000.0,HOMEIMPROVEMENT,16.29,0.13,29.0,637,1
3.0,51.0,male,97320.0,28,RENT,18000.0,HOMEIMPROVEMENT,18.78,0.18,20.0,634,0
3.0,55.0,female,61229.0,32,RENT,20000.0,DEBTCONSOLIDATION,7.51,0.33,28.0,705,1
1.0,69.0,male,29668.0,45,RENT,6000.0,MEDICAL,6.62,0.2,23.0,724,0
0.0,56.0,male,84787.0,32,MORTGAGE,15000.0,PERSONAL,10.38,0.18,24.0,592,0
0.0,51.0,male,70414.0,28,RENT,1500.0,MEDICAL,19.03,0.02,24.0,731,1
3.0,57.0,male,94019.0,35,RENT,6625.0,PERSONAL,7.66,0.07,27.0,670,0
4.0,54.0,male,156093.0,29,MORTGAGE,9000.0,EDUCATION,11.49,0.06,24.0,548,1
3.0,61.0,female,192895.0,39,MORTGAGE,24000.0,PERSONAL,10.38,0.12,21.0,645,0
0.0,52.0,male,86458.0,27,RENT,7000.0,EDUCATION,16.82,0.08,24.0,732,1
3.0,53.0,female,54806.0,31,RENT,5600.0,PERSONAL,13.79,0.1,28.0,605,0
1.0,57.0,male,49067.0,34,RENT,15000.0,MEDICAL,8.9,0.31,21.0,741,1
4.0,52.0,male,37117.0,28,RENT,5000.0,VENTURE,12.73,0.13,18.0,656,0
3.0,53.0,male,102906.0,28,RENT,8000.0,PERSONAL,7.74,0.08,26.0,686,0
4.0,60.0,male,59707.0,38,OWN,12000.0,PERSONAL,13.79,0.2,21.0,764,0
0.0,51.0,female,73207.0,29,MORTGAGE,7500.0,PERSONAL,11.01,0.1,23.0,720,0
4.0,58.0,male,87630.0,35,RENT,4500.0,HOMEIMPROVEMENT,11.01,0.05,23.0,725,0
3.0,60.0,male,55676.0,39,RENT,20000.0,VENTURE,10.0,0.36,26.0,634,1
3.0,52.0,female,63273.0,31,OWN,9600.0,PERSONAL,8.49,0.15,22.0,673,0
3.0,56.0,male,108901.0,34,MORTGAGE,7200.0,PERSONAL,6.17,0.07,19.0,720,0
0.0,52.0,male,79606.0,32,RENT,20000.0,PERSONAL,15.58,0.25,19.0,684,1
3.0,52.0,male,78289.0,26,RENT,5000.0,EDUCATION,11.26,0.06,20.0,660,0
0.0,57.0,male,64751.0,34,MORTGAGE,5800.0,PERSONAL,13.16,0.09,30.0,746,0
3.0,54.0,female,144821.0,29,MORTGAGE,17625.0,PERSONAL,7.49,0.12,19.0,698,0
3.0,65.0,male,91852.0,45,RENT,35000.0,HOMEIMPROVEMENT,10.99,0.38,28.0,686,1
1.0,56.0,male,181143.0,34,MORTGAGE,15000.0,PERSONAL,11.48,0.08,26.0,587,0
1.0,66.0,male,51470.0,44,RENT,6475.0,MEDICAL,9.99,0.13,30.0,600,0
4.0,52.0,female,838950.0,30,MORTGAGE,8794.0,DEBTCONSOLIDATION,11.05,0.01,27.0,684,0
1.0,44.0,male,75188.0,22,RENT,11022.0,DEBTCONSOLIDATION,8.35,0.15,16.0,712,0
4.0,31.0,female,345369.0,7,MORTGAGE,25000.0,EDUCATION,16.09,0.07,10.0,623,0
4.0,38.0,male,169200.0,15,MORTGAGE,25000.0,VENTURE,10.15,0.15,12.0,736,0
4.0,34.0,female,43633.0,13,MORTGAGE,18148.0,PERSONAL,9.53,0.42,11.0,666,0
1.0,24.0,female,114969.0,0,MORTGAGE,35000.0,EDUCATION,7.9,0.3,5.0,495,0
0.0,28.0,female,275769.0,4,MORTGAGE,35000.0,HOMEIMPROVEMENT,14.28,0.13,6.0,530,0
4.0,31.0,female,313322.0,11,MORTGAGE,27130.0,MEDICAL,7.52,0.09,7.0,674,0
3.0,56.0,male,210853.0,29,MORTGAGE,12000.0,PERSONAL,10.82,0.06,25.0,635,0
3.0,27.0,male,111409.0,1,RENT,25000.0,EDUCATION,18.66,0.22,5.0,514,0
3.0,53.0,male,55455.0,29,MORTGAGE,5961.0,VENTURE,12.35,0.11,22.0,597,0
1.0,30.0,female,58120.0,11,MORTGAGE,23786.0,EDUCATION,12.32,0.41,9.0,671,0
3.0,61.0,male,102875.0,41,RENT,9000.0,HOMEIMPROVEMENT,10.0,0.09,22.0,605,0
0.0,47.0,male,1621992.0,27,MORTGAGE,6835.0,MEDICAL,7.66,0.0,17.0,555,0
3.0,44.0,male,39562.0,21,RENT,4500.0,MEDICAL,7.47,0.11,12.0,551,0
0.0,31.0,female,366786.0,2,MORTGAGE,35000.0,DEBTCONSOLIDATION,16.8,0.1,10.0,638,0
0.0,51.0,male,115261.0,32,RENT,6000.0,PERSONAL,5.99,0.05,28.0,687,0
3.0,46.0,male,35590.0,22,OWN,11932.0,VENTURE,11.01,0.34,15.0,658,0
0.0,44.0,female,96637.0,24,MORTGAGE,10000.0,HOMEIMPROVEMENT,6.65,0.1,15.0,700,0
0.0,45.0,male,65628.0,23,MORTGAGE,15000.0,EDUCATION,11.61,0.23,16.0,664,0
0.0,33.0,female,418534.0,9,MORTGAGE,24476.0,PERSONAL,11.8,0.06,11.0,645,0
2.0,46.0,female,57399.0,25,MORTGAGE,6000.0,VENTURE,7.14,0.1,15.0,690,0
2.0,53.0,male,105115.0,31,RENT,15000.0,HOMEIMPROVEMENT,8.5,0.14,21.0,756,0
0.0,37.0,male,66658.0,15,MORTGAGE,24385.0,DEBTCONSOLIDATION,10.4,0.37,13.0,694,0
0.0,47.0,male,41714.0,20,RENT,1500.0,MEDICAL,12.2,0.04,21.0,574,0
3.0,49.0,male,44123.0,26,RENT,4591.0,VENTURE,12.35,0.1,13.0,694,0
3.0,36.0,male,204546.0,15,MORTGAGE,20639.0,EDUCATION,13.12,0.1,10.0,712,0
4.0,30.0,female,319355.0,8,MORTGAGE,24188.0,PERSONAL,14.1,0.08,8.0,694,0
2.0,43.0,female,78467.0,21,RENT,5000.0,PERSONAL,10.11,0.06,18.0,715,0
0.0,38.0,female,99078.0,19,MORTGAGE,8000.0,PERSONAL,18.3,0.08,16.0,581,0
3.0,48.0,male,37139.0,25,RENT,5000.0,VENTURE,13.0,0.13,16.0,668,0
0.0,66.0,male,51628.0,45,RENT,6475.0,MEDICAL,9.99,0.13,25.0,719,0
4.0,28.0,male,41192.0,8,MORTGAGE,21443.0,VENTURE,9.1,0.52,7.0,656,0
0.0,32.0,male,65483.0,10,OWN,25000.0,EDUCATION,10.27,0.38,9.0,697,0
3.0,51.0,female,34688.0,26,RENT,7011.0,DEBTCONSOLIDATION,6.4,0.2,25.0,696,0
3.0,43.0,female,240739.0,20,MORTGAGE,20190.0,PERSONAL,8.05,0.08,11.0,632,0
1.0,50.0,male,82442.0,27,MORTGAGE,8000.0,VENTURE,10.11,0.1,23.0,760,0
4.0,32.0,male,330847.0,7,MORTGAGE,29274.0,VENTURE,11.42,0.09,9.0,689,0
0.0,34.0,male,385195.0,15,MORTGAGE,14067.0,PERSONAL,8.03,0.04,6.0,551,0
4.0,44.0,male,72809.0,19,RENT,5000.0,PERSONAL,13.34,0.07,16.0,714,0
2.0,46.0,female,60905.0,21,MORTGAGE,10000.0,DEBTCONSOLIDATION,9.98,0.16,14.0,723,0
0.0,51.0,female,91061.0,29,OWN,7665.0,VENTURE,13.79,0.08,17.0,691,0
3.0,44.0,male,33505.0,24,RENT,1664.0,EDUCATION,8.08,0.05,15.0,665,0
3.0,30.0,male,51266.0,8,MORTGAGE,22539.0,VENTURE,8.69,0.44,8.0,550,0
0.0,36.0,male,144923.0,15,MORTGAGE,30000.0,MEDICAL,9.87,0.21,13.0,706,0
1.0,42.0,female,119537.0,21,MORTGAGE,4943.0,VENTURE,13.76,0.04,14.0,712,0
3.0,41.0,female,159629.0,20,MORTGAGE,7802.0,PERSONAL,11.03,0.05,17.0,641,0
0.0,43.0,male,117911.0,24,MORTGAGE,24000.0,VENTURE,10.99,0.2,14.0,726,0
1.0,29.0,male,360724.0,4,MORTGAGE,24109.0,EDUCATION,15.72,0.07,7.0,644,0
4.0,24.0,male,97134.0,1,MORTGAGE,35000.0,PERSONAL,11.01,0.36,5.0,701,0
0.0,44.0,female,58560.0,20,MORTGAGE,17500.0,PERSONAL,12.18,0.3,12.0,689,0
1.0,41.0,male,301172.0,17,MORTGAGE,4881.0,VENTURE,10.46,0.02,13.0,727,0
1.0,50.0,female,94211.0,26,RENT,6668.0,DEBTCONSOLIDATION,8.97,0.07,22.0,728,0
1.0,65.0,female,45496.0,44,RENT,10775.0,EDUCATION,13.82,0.24,25.0,628,0
4.0,33.0,male,427380.0,11,MORTGAGE,12780.0,VENTURE,17.61,0.03,9.0,675,0
0.0,38.0,male,240897.0,17,MORTGAGE,3000.0,PERSONAL,7.68,0.01,14.0,700,0
3.0,46.0,female,114993.0,25,MORTGAGE,5000.0,MEDICAL,7.02,0.04,15.0,646,0
0.0,57.0,male,105209.0,35,RENT,15000.0,HOMEIMPROVEMENT,8.41,0.14,22.0,629,0
1.0,36.0,female,85317.0,16,MORTGAGE,30000.0,HOMEIMPROVEMENT,10.14,0.35,13.0,706,0
3.0,42.0,male,135412.0,18,MORTGAGE,25000.0,PERSONAL,12.76,0.18,16.0,648,0
1.0,33.0,male,735477.0,12,RENT,5950.0,DEBTCONSOLIDATION,12.73,0.01,10.0,578,0
1.0,48.0,male,63227.0,23,OWN,9600.0,EDUCATION,9.6,0.15,20.0,641,0
4.0,56.0,female,109004.0,36,RENT,7200.0,DEBTCONSOLIDATION,6.17,0.07,20.0,736,0
4.0,46.0,male,214538.0,23,RENT,8915.0,PERSONAL,11.39,0.04,16.0,612,0
1.0,43.0,female,144620.0,22,MORTGAGE,5477.0,HOMEIMPROVEMENT,10.03,0.04,17.0,727,0
0.0,44.0,male,115072.0,20,MORTGAGE,21252.0,HOMEIMPROVEMENT,10.42,0.18,14.0,639,0
4.0,37.0,male,60817.0,17,RENT,15000.0,HOMEIMPROVEMENT,9.22,0.25,15.0,582,0
1.0,49.0,male,82057.0,24,RENT,15000.0,EDUCATION,12.92,0.18,24.0,726,0
1.0,34.0,female,611327.0,10,MORTGAGE,2144.0,DEBTCONSOLIDATION,12.87,0.0,7.0,712,0
4.0,47.0,female,108919.0,22,RENT,12000.0,PERSONAL,10.28,0.11,16.0,700,0
0.0,43.0,female,169350.0,22,MORTGAGE,21335.0,MEDICAL,11.75,0.13,11.0,647,0
3.0,47.0,female,90829.0,22,RENT,14313.0,DEBTCONSOLIDATION,8.0,0.16,15.0,635,0
0.0,33.0,female,444306.0,7,MORTGAGE,5443.0,HOMEIMPROVEMENT,8.3,0.01,10.0,702,0
3.0,61.0,male,128603.0,41,MORTGAGE,11502.0,EDUCATION,12.44,0.09,22.0,741,0
0.0,47.0,male,45420.0,24,MORTGAGE,7400.0,PERSONAL,8.0,0.16,15.0,689,0
3.0,40.0,male,36865.0,14,RENT,8904.0,MEDICAL,6.94,0.24,17.0,605,0
2.0,47.0,male,49018.0,21,RENT,3600.0,EDUCATION,7.95,0.07,18.0,727,0
3.0,55.0,female,91197.0,29,MORTGAGE,10000.0,VENTURE,8.1,0.11,20.0,642,0
4.0,44.0,male,72752.0,20,RENT,15000.0,HOMEIMPROVEMENT,11.01,0.21,14.0,745,0
4.0,25.0,male,192994.0,4,MORTGAGE,20000.0,VENTURE,16.96,0.1,3.0,673,0
0.0,48.0,male,79247.0,23,RENT,7632.0,PERSONAL,7.3,0.1,20.0,641,0
1.0,56.0,male,126793.0,28,MORTGAGE,20000.0,EDUCATION,15.26,0.16,25.0,587,0
4.0,33.0,male,229181.0,9,MORTGAGE,20326.0,VENTURE,12.94,0.09,10.0,675,0
1.0,53.0,male,37001.0,31,RENT,5000.0,VENTURE,12.66,0.14,19.0,699,0
4.0,45.0,female,44179.0,26,RENT,8000.0,PERSONAL,7.27,0.18,15.0,738,0
3.0,53.0,male,51174.0,30,RENT,9600.0,EDUCATION,9.73,0.19,18.0,668,0
0.0,34.0,male,576590.0,9,MORTGAGE,14929.0,DEBTCONSOLIDATION,14.59,0.03,9.0,651,0
4.0,52.0,female,55922.0,31,RENT,4928.0,EDUCATION,11.55,0.09,28.0,628,0
3.0,45.0,female,43611.0,24,RENT,10000.0,MEDICAL,10.25,0.23,15.0,646,0
1.0,44.0,female,403758.0,16,OWN,10856.0,VENTURE,11.74,0.03,14.0,635,0
1.0,36.0,female,1097671.0,16,MORTGAGE,4824.0,PERSONAL,10.71,0.0,11.0,669,0
0.0,49.0,female,66956.0,28,MORTGAGE,5000.0,EDUCATION,12.38,0.07,14.0,724,0
0.0,48.0,male,145056.0,25,RENT,12000.0,MEDICAL,10.99,0.08,12.0,698,0
0.0,47.0,male,1661567.0,22,MORTGAGE,6545.0,MEDICAL,7.65,0.0,17.0,622,0
4.0,42.0,female,193109.0,19,OWN,24000.0,VENTURE,7.3,0.12,17.0,721,0
3.0,46.0,male,73014.0,23,MORTGAGE,5000.0,EDUCATION,11.75,0.07,14.0,520,0
3.0,46.0,male,81395.0,27,MORTGAGE,24028.0,EDUCATION,11.1,0.3,12.0,617,0
3.0,41.0,male,85001.0,20,RENT,12000.0,MEDICAL,6.28,0.14,14.0,608,0
3.0,52.0,male,74106.0,29,RENT,8525.0,PERSONAL,7.04,0.12,19.0,682,0
0.0,48.0,male,145233.0,28,MORTGAGE,29700.0,MEDICAL,9.42,0.2,20.0,672,0
0.0,43.0,female,118539.0,22,MORTGAGE,5000.0,MEDICAL,14.29,0.04,15.0,632,0
3.0,44.0,male,35697.0,22,RENT,6849.0,EDUCATION,8.26,0.19,18.0,655,0
0.0,37.0,female,48874.0,17,OWN,13959.0,HOMEIMPROVEMENT,10.64,0.29,16.0,698,0
1.0,43.0,male,366106.0,21,MORTGAGE,20000.0,VENTURE,16.65,0.05,13.0,630,0
0.0,31.0,female,577145.0,6,MORTGAGE,7878.0,DEBTCONSOLIDATION,5.78,0.01,8.0,707,0
1.0,31.0,male,446449.0,6,MORTGAGE,6180.0,HOMEIMPROVEMENT,7.82,0.01,9.0,714,0
3.0,36.0,female,330102.0,12,MORTGAGE,22313.0,VENTURE,9.44,0.07,10.0,661,0
0.0,35.0,female,612201.0,12,MORTGAGE,2193.0,PERSONAL,13.4,0.0,7.0,565,0
0.0,27.0,female,50224.0,3,MORTGAGE,23737.0,VENTURE,11.52,0.47,6.0,667,0
0.0,34.0,male,483174.0,12,MORTGAGE,12846.0,HOMEIMPROVEMENT,7.6,0.03,8.0,491,0
2.0,37.0,male,601266.0,13,MORTGAGE,20000.0,DEBTCONSOLIDATION,13.45,0.03,9.0,692,0
0.0,42.0,male,79018.0,22,MORTGAGE,24843.0,EDUCATION,11.72,0.31,16.0,651,0
3.0,47.0,male,78357.0,24,RENT,5000.0,PERSONAL,10.4,0.06,18.0,686,0
1.0,51.0,male,45541.0,29,RENT,10887.0,EDUCATION,13.57,0.24,19.0,626,0
0.0,41.0,male,46309.0,21,RENT,8875.0,DEBTCONSOLIDATION,19.03,0.19,11.0,654,0
3.0,46.0,male,72851.0,20,RENT,15000.0,HOMEIMPROVEMENT,15.24,0.21,13.0,694,0
3.0,52.0,male,40284.0,32,RENT,8656.0,PERSONAL,8.21,0.21,17.0,636,0
0.0,58.0,male,29747.0,33,RENT,6000.0,MEDICAL,8.75,0.2,18.0,602,0
0.0,25.0,female,120853.0,0,MORTGAGE,29606.0,PERSONAL,17.45,0.24,3.0,559,0
0.0,46.0,female,53558.0,21,RENT,1661.0,EDUCATION,13.12,0.03,16.0,708,0
3.0,44.0,female,29933.0,21,RENT,4435.0,EDUCATION,10.11,0.15,17.0,588,0
3.0,48.0,female,44229.0,28,RENT,10000.0,MEDICAL,12.87,0.23,23.0,709,0
0.0,43.0,male,111338.0,18,MORTGAGE,15000.0,PERSONAL,9.82,0.13,17.0,560,0
1.0,36.0,male,300881.0,13,MORTGAGE,20000.0,EDUCATION,8.65,0.07,16.0,593,0
0.0,46.0,female,72364.0,20,MORTGAGE,2500.0,DEBTCONSOLIDATION,7.87,0.03,13.0,668,0
3.0,42.0,male,2012954.0,19,MORTGAGE,9121.0,VENTURE,11.74,0.0,16.0,664,0
4.0,30.0,female,374108.0,9,MORTGAGE,13587.0,VENTURE,11.52,0.04,9.0,679,0
1.0,42.0,male,60837.0,21,MORTGAGE,16000.0,VENTURE,12.98,0.26,13.0,720,0
4.0,28.0,female,125954.0,3,MORTGAGE,35000.0,VENTURE,10.44,0.28,10.0,597,0
2.0,48.0,female,114872.0,22,MORTGAGE,7463.0,DEBTCONSOLIDATION,6.73,0.06,15.0,745,0
2.0,43.0,female,67026.0,22,MORTGAGE,10000.0,PERSONAL,6.03,0.15,17.0,737,0
0.0,25.0,female,115787.0,3,MORTGAGE,35000.0,EDUCATION,7.67,0.3,4.0,494,0
0.0,42.0,male,61093.0,22,RENT,12000.0,PERSONAL,11.45,0.2,18.0,647,0
3.0,43.0,male,166259.0,17,MORTGAGE,9902.0,EDUCATION,6.97,0.06,14.0,715,0
3.0,40.0,female,180659.0,17,MORTGAGE,24182.0,PERSONAL,11.83,0.13,15.0,659,0
3.0,42.0,female,181167.0,16,MORTGAGE,18393.0,HOMEIMPROVEMENT,11.01,0.1,17.0,655,0
3.0,39.0,male,143628.0,19,MORTGAGE,5128.0,DEBTCONSOLIDATION,11.05,0.04,11.0,512,0
1.0,50.0,male,72936.0,26,RENT,4393.0,MEDICAL,8.54,0.06,26.0,620,0
0.0,49.0,female,83260.0,21,RENT,7513.0,PERSONAL,10.42,0.09,15.0,682,0
1.0,66.0,male,51412.0,45,RENT,6476.0,MEDICAL,10.05,0.13,24.0,733,0
4.0,31.0,male,353463.0,6,MORTGAGE,11539.0,VENTURE,9.06,0.03,6.0,576,0
4.0,45.0,male,57093.0,22,MORTGAGE,7500.0,EDUCATION,6.72,0.13,12.0,694,0
3.0,49.0,male,50916.0,27,RENT,8000.0,MEDICAL,7.4,0.16,15.0,711,0
3.0,38.0,male,205025.0,12,MORTGAGE,5370.0,EDUCATION,11.01,0.03,13.0,728,0
0.0,45.0,male,143646.0,26,MORTGAGE,5000.0,DEBTCONSOLIDATION,11.49,0.03,13.0,686,0
0.0,31.0,male,44692.0,9,MORTGAGE,22118.0,EDUCATION,12.4,0.49,8.0,503,0
0.0,32.0,female,384884.0,13,MORTGAGE,16447.0,PERSONAL,7.91,0.04,6.0,522,0
1.0,36.0,male,173413.0,14,MORTGAGE,7575.0,MEDICAL,15.04,0.04,16.0,722,0
0.0,29.0,male,63981.0,8,MORTGAGE,24270.0,HOMEIMPROVEMENT,6.79,0.38,7.0,530,0
3.0,41.0,male,47172.0,21,RENT,8875.0,DEBTCONSOLIDATION,19.03,0.19,11.0,591,0
1.0,26.0,male,72513.0,1,MORTGAGE,30304.0,EDUCATION,13.67,0.42,4.0,526,0
3.0,39.0,male,645091.0,13,MORTGAGE,16195.0,PERSONAL,11.05,0.03,12.0,546,0
3.0,44.0,male,24896.0,17,RENT,4000.0,PERSONAL,10.31,0.16,20.0,606,0
3.0,38.0,male,69252.0,14,RENT,15000.0,EDUCATION,16.66,0.22,16.0,527,0
3.0,56.0,male,240491.0,36,MORTGAGE,2859.0,DEBTCONSOLIDATION,11.22,0.01,20.0,662,0
0.0,36.0,female,301021.0,16,MORTGAGE,20000.0,EDUCATION,7.88,0.07,17.0,593,0
4.0,38.0,male,127266.0,13,MORTGAGE,15000.0,HOMEIMPROVEMENT,8.31,0.12,14.0,714,0
3.0,37.0,male,42640.0,11,MORTGAGE,13065.0,PERSONAL,7.8,0.31,16.0,450,0
3.0,45.0,female,210481.0,19,MORTGAGE,12000.0,PERSONAL,11.43,0.06,18.0,644,0
0.0,45.0,male,62716.0,21,RENT,9980.0,PERSONAL,7.9,0.16,17.0,627,0
4.0,43.0,female,421143.0,20,MORTGAGE,18000.0,DEBTCONSOLIDATION,11.49,0.04,15.0,633,0
0.0,45.0,female,131910.0,24,MORTGAGE,16000.0,DEBTCONSOLIDATION,6.79,0.12,14.0,655,0
1.0,26.0,male,42623.0,3,MORTGAGE,19279.0,PERSONAL,7.39,0.45,7.0,524,0
0.0,40.0,male,73007.0,21,MORTGAGE,12000.0,DEBTCONSOLIDATION,9.6,0.16,16.0,713,0
0.0,37.0,male,205000.0,14,MORTGAGE,20000.0,EDUCATION,13.78,0.1,10.0,714,0
0.0,30.0,female,301125.0,2,MORTGAGE,34826.0,EDUCATION,12.25,0.12,9.0,614,0
3.0,40.0,male,211422.0,20,MORTGAGE,11700.0,PERSONAL,8.74,0.06,15.0,665,0
4.0,32.0,male,270791.0,8,MORTGAGE,20000.0,PERSONAL,13.65,0.07,10.0,659,0
0.0,44.0,female,58481.0,22,RENT,10000.0,VENTURE,11.88,0.17,16.0,714,0
3.0,48.0,male,73297.0,26,RENT,10000.0,HOMEIMPROVEMENT,13.03,0.14,12.0,671,0
0.0,46.0,male,48944.0,24,RENT,8041.0,VENTURE,11.96,0.16,12.0,651,0
1.0,47.0,female,75385.0,25,RENT,14027.0,VENTURE,12.74,0.19,12.0,626,0
4.0,39.0,male,126971.0,20,MORTGAGE,20000.0,VENTURE,13.58,0.16,12.0,653,0
4.0,47.0,male,102977.0,23,MORTGAGE,8000.0,HOMEIMPROVEMENT,7.55,0.08,21.0,610,0
3.0,49.0,male,860787.0,25,MORTGAGE,12635.0,PERSONAL,9.83,0.01,26.0,620,0
1.0,45.0,female,72702.0,24,MORTGAGE,4800.0,MEDICAL,10.99,0.07,15.0,721,0
4.0,38.0,female,240705.0,14,MORTGAGE,25000.0,EDUCATION,8.89,0.1,13.0,600,0
3.0,38.0,female,936941.0,15,MORTGAGE,7444.0,PERSONAL,12.08,0.01,16.0,657,0
0.0,32.0,male,577028.0,11,MORTGAGE,10275.0,DEBTCONSOLIDATION,10.05,0.02,8.0,705,0
4.0,27.0,male,72905.0,7,MORTGAGE,29924.0,VENTURE,14.17,0.41,4.0,714,0
4.0,42.0,female,85145.0,18,RENT,11834.0,DEBTCONSOLIDATION,9.3,0.14,17.0,737,0
0.0,39.0,female,103153.0,19,RENT,12000.0,HOMEIMPROVEMENT,7.14,0.12,13.0,479,0
3.0,43.0,female,44554.0,21,MORTGAGE,5000.0,VENTURE,10.01,0.11,17.0,701,0
4.0,30.0,male,534208.0,8,MORTGAGE,25000.0,EDUCATION,9.89,0.05,6.0,701,0
0.0,47.0,male,75583.0,24,RENT,14026.0,VENTURE,12.74,0.19,12.0,693,0
4.0,28.0,male,240743.0,6,MORTGAGE,18000.0,VENTURE,15.49,0.07,5.0,714,0
1.0,30.0,female,31658.0,8,OWN,13595.0,VENTURE,12.23,0.43,9.0,465,0
4.0,45.0,male,103126.0,19,MORTGAGE,5000.0,HOMEIMPROVEMENT,8.58,0.05,14.0,560,0
3.0,39.0,male,1076036.0,17,MORTGAGE,23116.0,PERSONAL,12.17,0.02,15.0,661,0
1.0,36.0,male,360884.0,10,MORTGAGE,25000.0,EDUCATION,12.41,0.07,13.0,679,0
1.0,44.0,male,61164.0,20,RENT,4500.0,PERSONAL,12.37,0.07,18.0,697,0
3.0,32.0,male,198373.0,8,RENT,35000.0,VENTURE,12.99,0.18,12.0,584,0
3.0,35.0,male,95223.0,6,MORTGAGE,30331.0,VENTURE,17.33,0.32,8.0,566,0
1.0,30.0,female,42646.0,4,MORTGAGE,22750.0,HOMEIMPROVEMENT,10.09,0.53,10.0,584,0
3.0,42.0,male,27609.0,20,RENT,1000.0,DEBTCONSOLIDATION,7.43,0.04,13.0,686,0
4.0,37.0,male,437527.0,13,RENT,2816.0,HOMEIMPROVEMENT,11.33,0.01,10.0,681,0
3.0,40.0,female,199157.0,16,MORTGAGE,8821.0,DEBTCONSOLIDATION,8.23,0.04,15.0,615,0
4.0,45.0,male,22699.0,21,RENT,2000.0,VENTURE,7.1,0.09,11.0,648,0
0.0,37.0,female,935136.0,14,MORTGAGE,7729.0,PERSONAL,11.88,0.01,15.0,627,0
0.0,28.0,male,361403.0,5,MORTGAGE,35000.0,DEBTCONSOLIDATION,10.95,0.1,8.0,644,0
3.0,46.0,male,1080952.0,27,MORTGAGE,28389.0,PERSONAL,12.75,0.03,15.0,639,0
0.0,45.0,male,43049.0,20,RENT,10000.0,DEBTCONSOLIDATION,10.32,0.23,16.0,603,0
0.0,38.0,male,846491.0,15,MORTGAGE,25000.0,PERSONAL,12.33,0.03,13.0,564,0
3.0,33.0,male,93590.0,14,OWN,29238.0,PERSONAL,17.27,0.31,9.0,606,0
3.0,42.0,female,50027.0,20,MORTGAGE,10000.0,MEDICAL,12.06,0.2,15.0,493,0
3.0,48.0,male,144889.0,24,MORTGAGE,3600.0,VENTURE,11.01,0.02,17.0,606,0
3.0,37.0,male,193194.0,13,MORTGAGE,14151.0,VENTURE,7.3,0.07,15.0,596,0
1.0,46.0,male,18822.0,22,RENT,2000.0,VENTURE,12.28,0.11,13.0,600,0
0.0,48.0,male,97058.0,25,RENT,18000.0,HOMEIMPROVEMENT,17.76,0.19,18.0,649,0
3.0,55.0,male,84971.0,30,RENT,2500.0,DEBTCONSOLIDATION,6.26,0.03,23.0,716,0
3.0,34.0,male,361181.0,10,MORTGAGE,24360.0,MEDICAL,12.37,0.07,12.0,610,0
4.0,42.0,male,180922.0,19,MORTGAGE,15000.0,PERSONAL,14.12,0.08,17.0,713,0
1.0,46.0,male,181221.0,25,MORTGAGE,14000.0,VENTURE,6.69,0.08,12.0,624,0
4.0,33.0,female,301016.0,12,MORTGAGE,15000.0,PERSONAL,12.34,0.05,9.0,618,0
3.0,57.0,female,96907.0,36,MORTGAGE,4800.0,VENTURE,12.03,0.05,18.0,689,0
3.0,41.0,male,78820.0,18,MORTGAGE,24811.0,EDUCATION,11.7,0.31,15.0,593,0
0.0,40.0,male,210613.0,18,MORTGAGE,11699.0,PERSONAL,8.73,0.06,15.0,615,0
0.0,42.0,male,253083.0,21,MORTGAGE,16598.0,PERSONAL,12.38,0.07,12.0,697,0
1.0,35.0,male,271342.0,9,MORTGAGE,14291.0,VENTURE,15.83,0.05,14.0,617,0
3.0,29.0,male,216827.0,8,MORTGAGE,30325.0,PERSONAL,18.47,0.14,8.0,571,0
4.0,27.0,female,270864.0,5,RENT,25000.0,VENTURE,14.28,0.09,5.0,709,0
3.0,38.0,male,116074.0,13,OWN,10000.0,VENTURE,19.06,0.09,14.0,579,0
4.0,31.0,male,363682.0,7,MORTGAGE,35000.0,DEBTCONSOLIDATION,13.81,0.1,10.0,716,0
0.0,37.0,female,290741.0,12,MORTGAGE,9589.0,MEDICAL,10.6,0.03,10.0,685,0
3.0,24.0,male,138890.0,0,RENT,35000.0,EDUCATION,16.69,0.25,4.0,619,0
0.0,37.0,female,270346.0,14,MORTGAGE,25000.0,VENTURE,14.16,0.09,11.0,648,0
2.0,35.0,male,401916.0,14,MORTGAGE,17391.0,EDUCATION,12.6,0.04,11.0,704,0
4.0,52.0,male,63133.0,30,RENT,10000.0,DEBTCONSOLIDATION,11.03,0.16,29.0,721,0
3.0,46.0,female,128402.0,24,MORTGAGE,11500.0,EDUCATION,10.78,0.09,17.0,480,0
4.0,38.0,male,217126.0,15,MORTGAGE,18000.0,EDUCATION,11.28,0.08,11.0,711,0
4.0,44.0,female,140323.0,22,MORTGAGE,12562.0,PERSONAL,10.07,0.09,18.0,651,0
0.0,42.0,male,220815.0,23,MORTGAGE,20000.0,DEBTCONSOLIDATION,12.61,0.09,17.0,747,0
3.0,37.0,male,369347.0,12,MORTGAGE,14808.0,VENTURE,10.7,0.04,16.0,594,0
3.0,48.0,male,65847.0,23,MORTGAGE,8000.0,HOMEIMPROVEMENT,12.75,0.12,19.0,716,0
3.0,47.0,male,214500.0,24,MORTGAGE,9000.0,DEBTCONSOLIDATION,11.18,0.04,17.0,521,0
0.0,46.0,male,1741243.0,22,MORTGAGE,12011.0,VENTURE,10.42,0.01,18.0,655,0
3.0,43.0,male,84793.0,21,MORTGAGE,15000.0,PERSONAL,12.1,0.18,16.0,694,0
3.0,37.0,female,224427.0,16,MORTGAGE,3001.0,VENTURE,6.39,0.01,13.0,668,0
0.0,51.0,female,35389.0,28,RENT,5000.0,VENTURE,10.04,0.14,19.0,741,0
2.0,49.0,female,35836.0,26,RENT,6979.0,PERSONAL,7.83,0.19,19.0,730,0
0.0,37.0,male,217803.0,16,MORTGAGE,20000.0,MEDICAL,13.86,0.09,17.0,688,0
0.0,42.0,male,241032.0,21,MORTGAGE,20000.0,PERSONAL,9.23,0.08,13.0,613,0
1.0,45.0,female,105667.0,24,MORTGAGE,10000.0,PERSONAL,8.87,0.09,15.0,615,0
0.0,48.0,male,50548.0,24,RENT,5000.0,EDUCATION,7.3,0.1,16.0,719,0
0.0,39.0,male,133010.0,15,MORTGAGE,10848.0,VENTURE,12.25,0.08,15.0,518,0
2.0,28.0,male,48128.0,4,MORTGAGE,25000.0,DEBTCONSOLIDATION,11.31,0.52,6.0,666,0
0.0,40.0,male,367833.0,18,MORTGAGE,15663.0,VENTURE,11.59,0.04,17.0,633,0
3.0,37.0,male,210982.0,16,MORTGAGE,21000.0,DEBTCONSOLIDATION,10.09,0.1,14.0,610,0
4.0,38.0,male,139144.0,18,MORTGAGE,20000.0,EDUCATION,15.45,0.14,10.0,725,0
1.0,34.0,male,270512.0,11,MORTGAGE,25000.0,VENTURE,15.41,0.09,9.0,731,0
1.0,25.0,male,59038.0,4,MORTGAGE,24339.0,HOMEIMPROVEMENT,10.88,0.41,3.0,498,0
1.0,48.0,male,180825.0,24,MORTGAGE,11341.0,HOMEIMPROVEMENT,11.04,0.06,11.0,514,0
0.0,50.0,male,180932.0,25,MORTGAGE,14000.0,DEBTCONSOLIDATION,6.9,0.08,12.0,677,0
0.0,25.0,male,361124.0,1,MORTGAGE,24223.0,MEDICAL,18.68,0.07,3.0,601,0
4.0,42.0,female,44327.0,18,RENT,9000.0,MEDICAL,6.19,0.2,15.0,659,0
4.0,43.0,male,321623.0,22,MORTGAGE,21779.0,DEBTCONSOLIDATION,12.09,0.07,13.0,637,0
0.0,32.0,male,422975.0,7,MORTGAGE,10558.0,VENTURE,15.75,0.02,9.0,618,0
3.0,24.0,male,53794.0,3,MORTGAGE,24748.0,DEBTCONSOLIDATION,14.27,0.46,2.0,624,1
1.0,29.0,male,725242.0,6,MORTGAGE,24821.0,MEDICAL,9.08,0.03,10.0,611,1
1.0,33.0,male,49019.0,9,RENT,21000.0,VENTURE,15.4,0.43,9.0,547,1
1.0,34.0,female,166350.0,11,RENT,2543.0,EDUCATION,19.18,0.02,8.0,663,1
1.0,36.0,male,49276.0,14,RENT,21046.0,MEDICAL,18.24,0.43,12.0,633,1
3.0,39.0,male,81909.0,18,RENT,23970.0,EDUCATION,14.91,0.29,11.0,569,1
4.0,30.0,male,107821.0,7,RENT,30000.0,DEBTCONSOLIDATION,17.47,0.28,7.0,637,1
1.0,29.0,female,262666.0,7,MORTGAGE,25000.0,HOMEIMPROVEMENT,18.88,0.1,9.0,618,1
0.0,51.0,male,12865.0,29,RENT,2979.0,VENTURE,11.19,0.23,23.0,693,1
0.0,43.0,male,148671.0,19,MORTGAGE,14165.0,PERSONAL,11.48,0.1,16.0,678,1
1.0,27.0,female,95039.0,4,RENT,35000.0,DEBTCONSOLIDATION,17.77,0.37,7.0,589,1
0.0,35.0,male,148556.0,14,MORTGAGE,25000.0,HOMEIMPROVEMENT,17.08,0.17,9.0,641,1
0.0,30.0,male,37481.0,8,RENT,20134.0,VENTURE,14.21,0.54,5.0,613,1
4.0,40.0,male,87868.0,17,RENT,25000.0,MEDICAL,18.17,0.28,13.0,544,1
0.0,30.0,male,41425.0,4,RENT,14000.0,DEBTCONSOLIDATION,19.31,0.34,12.0,641,1
3.0,36.0,male,315488.0,7,MORTGAGE,23035.0,MEDICAL,10.65,0.07,16.0,690,1
0.0,41.0,male,121486.0,16,MORTGAGE,25000.0,DEBTCONSOLIDATION,14.91,0.21,16.0,680,1
0.0,27.0,female,127479.0,4,MORTGAGE,34121.0,EDUCATION,17.44,0.27,5.0,587,1
0.0,39.0,female,118979.0,17,MORTGAGE,25000.0,HOMEIMPROVEMENT,18.26,0.21,15.0,498,1
3.0,34.0,female,47692.0,10,RENT,23500.0,EDUCATION,11.06,0.49,13.0,646,1
1.0,46.0,female,66929.0,22,RENT,20000.0,HOMEIMPROVEMENT,8.85,0.3,20.0,700,1
4.0,37.0,male,54047.0,13,RENT,1717.0,MEDICAL,10.49,0.03,17.0,739,1
3.0,48.0,male,71868.0,23,RENT,20000.0,MEDICAL,16.46,0.28,19.0,634,1
4.0,34.0,male,51072.0,11,RENT,20000.0,EDUCATION,13.84,0.39,11.0,617,1
1.0,41.0,female,57348.0,20,RENT,25000.0,VENTURE,12.47,0.44,15.0,556,1
0.0,47.0,male,54281.0,23,RENT,8000.0,MEDICAL,11.01,0.15,12.0,683,1
1.0,29.0,female,368806.0,5,MORTGAGE,24631.0,DEBTCONSOLIDATION,17.88,0.07,8.0,581,1
3.0,49.0,female,61092.0,26,RENT,18000.0,PERSONAL,14.5,0.29,22.0,619,1
3.0,41.0,male,45779.0,22,RENT,19844.0,DEBTCONSOLIDATION,13.1,0.43,16.0,584,1
3.0,25.0,female,54097.0,6,RENT,24000.0,DEBTCONSOLIDATION,11.36,0.44,7.0,721,1
0.0,24.0,male,17440.0,2,RENT,7724.0,HOMEIMPROVEMENT,16.89,0.44,5.0,635,1
0.0,30.0,male,724035.0,7,MORTGAGE,24623.0,PERSONAL,9.16,0.03,10.0,689,1
4.0,25.0,female,12979.0,4,OWN,5365.0,HOMEIMPROVEMENT,11.52,0.41,3.0,478,1
3.0,34.0,female,56019.0,12,RENT,23487.0,EDUCATION,11.41,0.42,9.0,678,1
1.0,23.0,female,54371.0,0,MORTGAGE,24511.0,DEBTCONSOLIDATION,15.8,0.45,2.0,501,1
3.0,25.0,female,23386.0,3,RENT,12589.0,VENTURE,7.96,0.54,4.0,494,1
0.0,37.0,male,182324.0,14,RENT,25000.0,HOMEIMPROVEMENT,18.58,0.14,12.0,633,1
4.0,26.0,female,54055.0,2,RENT,24000.0,DEBTCONSOLIDATION,11.27,0.44,7.0,543,1
1.0,55.0,male,60783.0,32,RENT,20000.0,DEBTCONSOLIDATION,7.51,0.33,30.0,669,1
0.0,28.0,male,68134.0,2,RENT,29978.0,HOMEIMPROVEMENT,15.66,0.44,6.0,660,1
3.0,56.0,male,62424.0,35,RENT,20000.0,HOMEIMPROVEMENT,14.0,0.32,19.0,594,1
3.0,35.0,female,106164.0,13,RENT,28000.0,MEDICAL,18.28,0.26,10.0,657,1
1.0,29.0,female,56479.0,7,RENT,22916.0,PERSONAL,14.9,0.41,9.0,544,1
4.0,22.0,female,29474.0,0,RENT,1500.0,MEDICAL,18.79,0.05,4.0,515,1
0.0,37.0,female,48980.0,10,RENT,21137.0,EDUCATION,15.9,0.43,14.0,611,1
3.0,22.0,male,64057.0,2,RENT,26056.0,EDUCATION,15.68,0.41,3.0,652,1
4.0,40.0,male,104301.0,20,MORTGAGE,8217.0,EDUCATION,7.91,0.08,17.0,742,1
1.0,26.0,female,58333.0,2,RENT,25297.0,EDUCATION,18.43,0.43,2.0,543,1
0.0,38.0,male,58841.0,14,OTHER,19057.0,PERSONAL,15.01,0.32,16.0,582,1
3.0,26.0,female,53891.0,1,RENT,23987.0,DEBTCONSOLIDATION,10.01,0.45,6.0,555,1
3.0,37.0,male,63413.0,16,RENT,14965.0,EDUCATION,18.02,0.24,15.0,595,1
2.0,30.0,male,310882.0,8,MORTGAGE,25000.0,MEDICAL,16.77,0.08,7.0,711,1
0.0,47.0,male,274296.0,25,MORTGAGE,25000.0,MEDICAL,15.48,0.09,13.0,582,1
2.0,53.0,male,75584.0,30,RENT,25000.0,MEDICAL,13.9,0.33,22.0,644,1
0.0,29.0,female,346957.0,7,MORTGAGE,18107.0,MEDICAL,20.0,0.05,10.0,551,1
0.0,59.0,male,45292.0,38,RENT,5457.0,DEBTCONSOLIDATION,15.84,0.12,20.0,697,1
3.0,46.0,female,63567.0,21,RENT,17000.0,HOMEIMPROVEMENT,8.71,0.27,15.0,665,1
4.0,39.0,male,40357.0,17,RENT,13693.0,DEBTCONSOLIDATION,13.01,0.34,11.0,670,1
3.0,39.0,male,169570.0,16,MORTGAGE,25000.0,DEBTCONSOLIDATION,15.06,0.15,12.0,633,1
3.0,38.0,male,71350.0,16,RENT,21000.0,EDUCATION,12.73,0.29,16.0,681,1
0.0,35.0,female,278379.0,14,MORTGAGE,25000.0,EDUCATION,17.32,0.09,10.0,684,1
0.0,35.0,female,51304.0,16,RENT,21000.0,EDUCATION,8.47,0.41,11.0,683,1
1.0,42.0,male,39513.0,19,RENT,8892.0,MEDICAL,16.21,0.23,16.0,588,1
4.0,35.0,male,59744.0,12,RENT,23325.0,MEDICAL,10.52,0.39,10.0,700,1
3.0,48.0,male,72593.0,24,RENT,25232.0,EDUCATION,10.11,0.35,18.0,593,1
0.0,37.0,male,56088.0,11,RENT,20000.0,DEBTCONSOLIDATION,14.91,0.36,10.0,671,1
3.0,42.0,male,148472.0,22,MORTGAGE,14195.0,DEBTCONSOLIDATION,11.56,0.1,16.0,665,1
0.0,27.0,female,65897.0,2,RENT,25000.0,DEBTCONSOLIDATION,17.78,0.38,6.0,538,1
0.0,48.0,male,12644.0,26,RENT,2707.0,VENTURE,9.79,0.21,20.0,657,1
0.0,45.0,male,72642.0,18,RENT,25782.0,EDUCATION,9.71,0.35,17.0,617,1
2.0,37.0,female,28420.0,14,RENT,10000.0,EDUCATION,13.21,0.35,15.0,691,1
1.0,38.0,male,48984.0,11,RENT,18258.0,EDUCATION,12.41,0.37,17.0,713,1
0.0,41.0,male,282175.0,16,MORTGAGE,25000.0,MEDICAL,15.7,0.09,16.0,587,1
3.0,38.0,female,215984.0,11,RENT,21592.0,VENTURE,11.32,0.1,16.0,549,1
0.0,24.0,male,56526.0,2,RENT,29227.0,EDUCATION,13.75,0.52,2.0,642,1
1.0,29.0,female,72963.0,6,RENT,25000.0,PERSONAL,19.5,0.34,10.0,613,1
0.0,24.0,female,66993.0,1,RENT,25000.0,EDUCATION,11.4,0.37,4.0,489,1
1.0,39.0,female,41713.0,18,RENT,19353.0,DEBTCONSOLIDATION,14.13,0.46,11.0,680,1
0.0,40.0,male,39691.0,21,RENT,8000.0,DEBTCONSOLIDATION,14.79,0.2,15.0,618,1
0.0,37.0,male,106643.0,14,RENT,25000.0,PERSONAL,19.66,0.23,15.0,597,1
0.0,42.0,female,96969.0,22,RENT,35000.0,PERSONAL,11.43,0.36,15.0,583,1
0.0,27.0,male,75161.0,2,RENT,30000.0,MEDICAL,17.92,0.4,3.0,649,1
0.0,38.0,female,28716.0,15,RENT,10000.0,PERSONAL,13.42,0.35,16.0,655,1
0.0,38.0,male,192035.0,15,RENT,25000.0,EDUCATION,18.09,0.13,15.0,713,1
0.0,45.0,male,96916.0,21,RENT,35000.0,PERSONAL,11.08,0.36,14.0,650,1
0.0,43.0,female,15583.0,22,RENT,4111.0,MEDICAL,10.84,0.26,13.0,532,1
4.0,38.0,female,131430.0,17,MORTGAGE,30000.0,DEBTCONSOLIDATION,16.37,0.23,11.0,652,1
0.0,61.0,male,73448.0,35,RENT,26550.0,EDUCATION,10.76,0.36,26.0,733,1
4.0,49.0,female,86529.0,25,RENT,7000.0,EDUCATION,16.71,0.08,26.0,745,1
1.0,36.0,male,59929.0,14,RENT,25000.0,PERSONAL,15.63,0.42,11.0,676,1
0.0,47.0,male,44111.0,23,RENT,11160.0,MEDICAL,11.86,0.25,24.0,576,1
4.0,49.0,female,154384.0,28,MORTGAGE,7671.0,EDUCATION,16.81,0.05,12.0,695,1
4.0,31.0,male,280740.0,9,MORTGAGE,25000.0,EDUCATION,17.6,0.09,11.0,612,1
0.0,37.0,female,43107.0,18,RENT,7023.0,MEDICAL,16.55,0.16,17.0,688,1
1.0,36.0,male,44161.0,14,RENT,16000.0,PERSONAL,9.23,0.36,16.0,668,1
4.0,30.0,female,736127.0,5,MORTGAGE,22079.0,MEDICAL,10.6,0.03,9.0,623,1
0.0,51.0,female,19036.0,30,RENT,1204.0,EDUCATION,11.01,0.06,20.0,624,1
4.0,44.0,male,32985.0,23,RENT,3369.0,DEBTCONSOLIDATION,15.13,0.1,15.0,737,1
0.0,40.0,male,213440.0,14,MORTGAGE,24784.0,DEBTCONSOLIDATION,11.01,0.12,17.0,635,1
3.0,41.0,male,113850.0,15,MORTGAGE,24399.0,VENTURE,13.67,0.21,16.0,604,1
0.0,44.0,male,65707.0,20,MORTGAGE,7750.0,VENTURE,15.72,0.12,13.0,697,1
1.0,39.0,female,78480.0,18,MORTGAGE,30000.0,MEDICAL,17.82,0.38,15.0,693,1
4.0,28.0,male,725801.0,9,MORTGAGE,25000.0,MEDICAL,9.01,0.03,9.0,733,1
1.0,32.0,female,96888.0,11,RENT,35000.0,MEDICAL,12.45,0.36,13.0,569,1
0.0,27.0,male,138803.0,5,MORTGAGE,35000.0,DEBTCONSOLIDATION,17.98,0.25,6.0,642,1
1.0,46.0,male,178543.0,25,RENT,24417.0,DEBTCONSOLIDATION,12.27,0.14,13.0,677,1
0.0,27.0,female,229624.0,1,MORTGAGE,13687.0,DEBTCONSOLIDATION,17.21,0.06,8.0,657,1
4.0,24.0,male,80955.0,2,MORTGAGE,30000.0,MEDICAL,17.22,0.37,3.0,647,1
3.0,45.0,female,127065.0,26,MORTGAGE,30000.0,DEBTCONSOLIDATION,17.91,0.24,14.0,690,1
3.0,23.0,male,129686.0,0,RENT,35000.0,DEBTCONSOLIDATION,16.48,0.27,4.0,672,1
4.0,39.0,male,67085.0,16,RENT,24000.0,DEBTCONSOLIDATION,12.53,0.36,12.0,705,1
1.0,60.0,male,55787.0,37,RENT,20000.0,DEBTCONSOLIDATION,10.0,0.36,22.0,710,1
1.0,34.0,female,191446.0,12,RENT,27326.0,HOMEIMPROVEMENT,17.17,0.14,10.0,691,1
0.0,37.0,male,78631.0,13,MORTGAGE,30000.0,MEDICAL,17.37,0.38,12.0,661,1
2.0,34.0,female,137667.0,12,MORTGAGE,35000.0,DEBTCONSOLIDATION,18.59,0.25,10.0,706,1
0.0,29.0,female,45084.0,2,RENT,20000.0,MEDICAL,13.17,0.44,7.0,689,1
1.0,47.0,female,22535.0,24,RENT,3000.0,PERSONAL,5.98,0.13,14.0,718,1
0.0,25.0,male,53788.0,1,RENT,23982.0,DEBTCONSOLIDATION,10.43,0.45,4.0,588,1
0.0,38.0,male,77957.0,14,RENT,23610.0,HOMEIMPROVEMENT,13.48,0.3,12.0,707,1
3.0,28.0,male,62180.0,7,RENT,20400.0,EDUCATION,17.74,0.33,6.0,502,1
3.0,37.0,female,15152.0,18,RENT,4813.0,VENTURE,7.5,0.32,12.0,663,1
0.0,42.0,female,111321.0,22,MORTGAGE,8599.0,MEDICAL,15.09,0.08,14.0,725,1
4.0,48.0,female,65958.0,24,RENT,1169.0,DEBTCONSOLIDATION,14.14,0.02,21.0,704,1
4.0,35.0,female,68525.0,14,RENT,21901.0,HOMEIMPROVEMENT,13.36,0.32,13.0,668,1
4.0,38.0,male,483809.0,13,MORTGAGE,30631.0,MEDICAL,11.76,0.06,10.0,619,1
0.0,45.0,female,90995.0,24,RENT,15450.0,MEDICAL,15.17,0.17,11.0,654,1
4.0,29.0,male,38959.0,5,RENT,17868.0,VENTURE,11.11,0.46,8.0,718,1
3.0,45.0,male,54395.0,24,RENT,20000.0,VENTURE,16.61,0.37,13.0,680,1
0.0,35.0,male,74831.0,13,RENT,30000.0,MEDICAL,12.54,0.4,10.0,644,1
2.0,47.0,male,70131.0,22,RENT,1500.0,MEDICAL,16.17,0.02,22.0,735,1
4.0,44.0,female,21702.0,19,RENT,1500.0,PERSONAL,11.21,0.07,12.0,767,1
2.0,43.0,female,72213.0,21,MORTGAGE,15000.0,PERSONAL,11.01,0.21,14.0,726,1
0.0,55.0,female,68221.0,31,MORTGAGE,10000.0,HOMEIMPROVEMENT,15.76,0.15,15.0,665,1
0.0,45.0,male,33267.0,26,RENT,6000.0,MEDICAL,6.49,0.18,13.0,574,1
3.0,48.0,female,23911.0,25,RENT,4000.0,DEBTCONSOLIDATION,10.93,0.17,11.0,669,1
1.0,52.0,female,59758.0,26,RENT,7399.0,MEDICAL,13.04,0.12,20.0,751,1
3.0,37.0,male,66817.0,16,RENT,30007.0,MEDICAL,9.93,0.45,15.0,673,1
4.0,39.0,male,67306.0,15,RENT,29925.0,HOMEIMPROVEMENT,13.74,0.44,16.0,723,1
0.0,27.0,male,256529.0,5,MORTGAGE,35000.0,MEDICAL,13.54,0.14,4.0,684,1
1.0,22.0,female,52284.0,0,RENT,24413.0,DEBTCONSOLIDATION,14.16,0.47,3.0,672,1
3.0,38.0,male,11103.0,17,RENT,2635.0,DEBTCONSOLIDATION,10.06,0.24,15.0,709,1
1.0,41.0,male,122467.0,14,MORTGAGE,25000.0,VENTURE,16.62,0.2,13.0,529,1
1.0,36.0,male,50902.0,12,RENT,20897.0,EDUCATION,8.12,0.41,11.0,662,1
0.0,26.0,female,65667.0,0,MORTGAGE,24706.0,PERSONAL,16.71,0.38,6.0,523,1
0.0,41.0,female,57008.0,20,RENT,25000.0,MEDICAL,12.39,0.44,15.0,728,1
4.0,22.0,male,85179.0,0,RENT,28840.0,EDUCATION,15.51,0.34,3.0,653,1
4.0,23.0,female,24572.0,0,RENT,12000.0,VENTURE,6.28,0.49,4.0,587,1
0.0,25.0,male,43219.0,1,RENT,22807.0,MEDICAL,12.67,0.53,5.0,668,1
3.0,42.0,female,100310.0,21,OTHER,12000.0,EDUCATION,16.16,0.12,14.0,665,1
4.0,29.0,male,726416.0,7,MORTGAGE,24890.0,MEDICAL,9.07,0.03,9.0,634,1
0.0,47.0,male,46637.0,24,RENT,13000.0,MEDICAL,11.7,0.28,18.0,705,1
2.0,42.0,male,705960.0,21,MORTGAGE,20686.0,PERSONAL,10.74,0.03,16.0,689,1
0.0,43.0,male,184295.0,20,MORTGAGE,25000.0,EDUCATION,20.0,0.14,15.0,720,1
0.0,43.0,male,22639.0,21,RENT,1111.0,PERSONAL,14.78,0.05,14.0,594,1
1.0,34.0,male,41876.0,14,RENT,19594.0,DEBTCONSOLIDATION,12.03,0.47,8.0,707,1
