person_age,person_gender,person_education,person_income,person_emp_exp,person_home_ownership,loan_amnt,loan_intent,loan_int_rate,loan_percent_income,cb_person_cred_hist_length,credit_score,loan_status
22.0,female,Master,71948.0,0,RENT,35000.0,PERSONAL,16.02,0.49,3.0,561,1
23.0,female,Bachelor,79753.0,0,RENT,35000.0,MEDICAL,15.23,0.44,2.0,675,1
24.0,male,Master,66135.0,1,RENT,35000.0,MEDICAL,14.27,0.53,4.0,586,1
26.0,female,Bachelor,93471.0,1,RENT,35000.0,EDUCATION,12.42,0.37,3.0,701,1
24.0,female,High School,95550.0,5,RENT,35000.0,MEDICAL,11.11,0.37,4.0,585,1
24.0,female,Associate,100684.0,3,RENT,35000.0,PERSONAL,8.9,0.35,2.0,544,1
23.0,male,Bachelor,114860.0,3,RENT,35000.0,VENTURE,7.9,0.3,2.0,573,1
26.0,male,Master,130713.0,0,RENT,35000.0,EDUCATION,18.39,0.27,4.0,708,1
23.0,female,Master,600891.0,5,MORTGAGE,30000.0,DEBTCONSOLIDATION,10.65,0.05,3.0,670,0
23.0,male,Bachelor,144943.0,0,RENT,35000.0,EDUCATION,7.9,0.24,4.0,663,0
23.0,female,High School,111369.0,0,RENT,35000.0,MEDICAL,20.0,0.31,4.0,694,1
23.0,male,Bachelor,136628.0,0,RENT,35000.0,DEBTCONSOLIDATION,18.25,0.26,4.0,709,1
25.0,male,Bachelor,195718.0,0,RENT,35000.0,VENTURE,7.49,0.18,4.0,684,0
25.0,male,High School,165792.0,4,RENT,34800.0,PERSONAL,16.77,0.21,2.0,662,0
22.0,female,Master,79255.0,0,RENT,34000.0,EDUCATION,17.58,0.43,4.0,691,1
22.0,male,Bachelor,97420.0,1,RENT,33950.0,PERSONAL,14.54,0.35,4.0,691,1
24.0,female,High School,82443.0,0,RENT,33000.0,HOMEIMPROVEMENT,12.68,0.4,3.0,654,1
24.0,female,Bachelor,79054.0,1,RENT,32500.0,HOMEIMPROVEMENT,9.99,0.41,3.0,700,1
25.0,male,Bachelor,144855.0,1,RENT,32000.0,VENTURE,6.62,0.22,2.0,586,0
25.0,female,High School,368115.0,3,RENT,24250.0,DEBTCONSOLIDATION,13.85,0.07,3.0,567,0
22.0,female,Bachelor,58868.0,0,RENT,30000.0,EDUCATION,18.39,0.51,2.0,606,1
24.0,male,High School,78026.0,3,RENT,30000.0,DEBTCONSOLIDATION,14.54,0.38,3.0,582,1
25.0,male,Bachelor,90785.0,4,RENT,30000.0,HOMEIMPROVEMENT,16.89,0.33,4.0,649,1
26.0,male,Bachelor,75503.0,5,RENT,30000.0,MEDICAL,17.99,0.4,2.0,616,1
23.0,male,High School,361547.0,0,OWN,24250.0,EDUCATION,19.41,0.07,2.0,637,0
26.0,male,Bachelor,360977.0,5,MORTGAGE,25000.0,EDUCATION,15.33,0.07,3.0,695,0
23.0,male,High School,94550.0,1,RENT,30000.0,DEBTCONSOLIDATION,18.62,0.32,3.0,570,1
23.0,male,Bachelor,333399.0,1,OWN,35000.0,PERSONAL,11.01,0.1,4.0,609,0
21.0,female,Bachelor,158338.0,0,RENT,30000.0,VENTURE,5.99,0.19,4.0,623,0
25.0,female,Associate,267671.0,0,MORTGAGE,25000.0,MEDICAL,15.7,0.09,2.0,582,1
22.0,male,Master,85191.0,0,RENT,29100.0,EDUCATION,15.99,0.34,3.0,700,1
24.0,male,High School,306897.0,5,MORTGAGE,9600.0,EDUCATION,6.99,0.03,2.0,562,0
22.0,male,Associate,69042.0,0,RENT,28000.0,MEDICAL,11.01,0.41,2.0,598,1
23.0,female,Associate,79183.0,0,RENT,28000.0,EDUCATION,7.9,0.35,2.0,677,1
25.0,female,High School,277017.0,4,MORTGAGE,35000.0,MEDICAL,13.99,0.13,4.0,622,0
25.0,female,Bachelor,271324.0,3,MORTGAGE,30000.0,HOMEIMPROVEMENT,19.91,0.11,2.0,637,0
26.0,male,Associate,256862.0,2,MORTGAGE,35000.0,EDUCATION,10.65,0.14,2.0,643,1
24.0,male,High School,271342.0,0,RENT,6000.0,MEDICAL,11.01,0.02,4.0,508,0
22.0,male,Bachelor,51608.0,0,RENT,25000.0,MEDICAL,14.59,0.48,2.0,593,1
25.0,female,Associate,51747.0,3,RENT,25000.0,EDUCATION,16.35,0.48,3.0,697,1
25.0,male,Master,270972.0,1,MORTGAGE,25000.0,VENTURE,18.67,0.09,2.0,640,0
25.0,male,Bachelor,60829.0,0,RENT,25000.0,HOMEIMPROVEMENT,5.99,0.41,2.0,588,1
23.0,male,Associate,260205.0,2,MORTGAGE,21000.0,DEBTCONSOLIDATION,8.9,0.08,3.0,703,0
23.0,male,Bachelor,258980.0,0,MORTGAGE,35000.0,MEDICAL,14.79,0.14,3.0,618,0
26.0,female,High School,57856.0,0,RENT,25000.0,HOMEIMPROVEMENT,15.28,0.43,2.0,602,1
23.0,male,Associate,57318.0,0,RENT,25000.0,VENTURE,17.93,0.44,2.0,679,1
26.0,male,Bachelor,58602.0,8,RENT,25000.0,VENTURE,18.43,0.43,2.0,595,1
25.0,male,High School,75504.0,4,RENT,25000.0,MEDICAL,12.73,0.33,2.0,484,1
23.0,female,Bachelor,241167.0,2,MORTGAGE,28000.0,EDUCATION,11.01,0.12,2.0,653,0
21.0,male,Bachelor,241060.0,0,MORTGAGE,25000.0,DEBTCONSOLIDATION,13.99,0.1,2.0,699,0
25.0,female,High School,83901.0,3,RENT,25000.0,PERSONAL,17.49,0.3,2.0,597,1
26.0,female,Associate,226744.0,0,MORTGAGE,20000.0,VENTURE,17.74,0.09,2.0,621,1
24.0,male,High School,222629.0,0,MORTGAGE,35000.0,EDUCATION,12.42,0.16,2.0,623,0
22.0,male,High School,220518.0,0,MORTGAGE,1000.0,EDUCATION,11.01,0.0,2.0,551,0
23.0,female,Bachelor,216891.0,0,MORTGAGE,28000.0,PERSONAL,7.51,0.13,3.0,633,0
25.0,male,High School,192351.0,1,RENT,30000.0,PERSONAL,17.27,0.16,4.0,577,1
25.0,female,Master,202525.0,1,MORTGAGE,35000.0,PERSONAL,10.65,0.17,2.0,589,0
25.0,male,Associate,199407.0,0,MORTGAGE,25000.0,HOMEIMPROVEMENT,19.74,0.13,4.0,669,0
22.0,male,High School,193337.0,0,MORTGAGE,35000.0,MEDICAL,10.65,0.18,4.0,602,0
23.0,female,Associate,192873.0,0,MORTGAGE,35000.0,PERSONAL,7.66,0.18,2.0,684,0
26.0,male,High School,68297.0,3,RENT,24250.0,MEDICAL,14.96,0.36,2.0,507,1
23.0,male,High School,193097.0,0,MORTGAGE,25000.0,EDUCATION,15.65,0.13,2.0,564,0
24.0,female,High School,58262.0,1,RENT,24000.0,VENTURE,16.29,0.41,2.0,522,1
21.0,female,Master,55113.0,0,RENT,24000.0,EDUCATION,16.29,0.44,2.0,645,1
24.0,female,Bachelor,57356.0,3,RENT,24000.0,PERSONAL,17.8,0.42,2.0,672,1
22.0,female,High School,59680.0,0,RENT,24000.0,MEDICAL,17.56,0.4,4.0,590,1
23.0,male,High School,71875.0,1,RENT,24000.0,DEBTCONSOLIDATION,19.69,0.33,2.0,585,1
22.0,male,Bachelor,100479.0,0,RENT,24000.0,DEBTCONSOLIDATION,19.69,0.24,3.0,590,1
23.0,male,Master,138731.0,0,RENT,24000.0,MEDICAL,20.0,0.17,3.0,613,1
23.0,male,Master,166378.0,0,RENT,24000.0,DEBTCONSOLIDATION,16.0,0.14,2.0,714,1
26.0,male,Bachelor,178439.0,0,RENT,24000.0,EDUCATION,18.3,0.13,2.0,615,1
21.0,female,Associate,24468.0,0,MORTGAGE,15000.0,EDUCATION,9.64,0.61,2.0,548,1
26.0,male,High School,32325.0,4,RENT,20050.0,EDUCATION,9.76,0.62,2.0,652,1
23.0,female,High School,40632.0,0,RENT,20000.0,EDUCATION,16.0,0.49,2.0,649,1
22.0,male,High School,45716.0,0,RENT,20000.0,DEBTCONSOLIDATION,16.69,0.44,3.0,447,1
24.0,male,Bachelor,27730.0,0,MORTGAGE,8000.0,PERSONAL,5.42,0.29,4.0,477,0
26.0,female,Associate,67267.0,2,RENT,18800.0,DEBTCONSOLIDATION,6.99,0.28,2.0,505,1
26.0,female,Bachelor,36434.0,7,RENT,17000.0,HOMEIMPROVEMENT,12.99,0.47,2.0,724,1
22.0,female,High School,32223.0,0,MORTGAGE,11325.0,VENTURE,10.65,0.35,3.0,465,0
21.0,male,High School,32379.0,1,MORTGAGE,14500.0,MEDICAL,14.61,0.45,2.0,499,1
21.0,male,High School,22735.0,0,RENT,2000.0,EDUCATION,5.42,0.09,3.0,462,0
24.0,male,Bachelor,35833.0,4,MORTGAGE,20000.0,HOMEIMPROVEMENT,10.62,0.56,3.0,717,0
25.0,female,Bachelor,35409.0,2,RENT,14800.0,MEDICAL,7.49,0.42,3.0,448,1
26.0,female,Master,222668.0,3,RENT,13500.0,VENTURE,5.99,0.06,3.0,482,0
26.0,male,Master,241298.0,6,RENT,2500.0,MEDICAL,13.61,0.01,2.0,740,0
25.0,female,Master,39289.0,4,MORTGAGE,22750.0,PERSONAL,6.17,0.58,4.0,703,0
23.0,female,High School,43154.0,1,MORTGAGE,22550.0,EDUCATION,15.96,0.52,3.0,460,0
24.0,female,Master,45514.0,1,MORTGAGE,25000.0,MEDICAL,10.08,0.55,2.0,568,0
26.0,male,High School,39425.0,4,MORTGAGE,15000.0,MEDICAL,15.33,0.38,3.0,480,1
22.0,female,High School,41506.0,0,MORTGAGE,15000.0,VENTURE,15.99,0.36,2.0,531,1
22.0,female,Bachelor,47716.0,2,OWN,25000.0,EDUCATION,16.08,0.52,3.0,685,1
24.0,male,Associate,55979.0,6,MORTGAGE,29100.0,PERSONAL,12.99,0.52,2.0,601,1
23.0,male,Master,57449.0,0,MORTGAGE,25000.0,MEDICAL,7.49,0.44,3.0,705,1
26.0,female,High School,66249.0,1,OWN,24250.0,HOMEIMPROVEMENT,12.18,0.37,4.0,475,0
24.0,female,Bachelor,15935.0,2,RENT,7350.0,VENTURE,6.92,0.46,2.0,710,1
21.0,male,Master,16145.0,0,RENT,7500.0,EDUCATION,7.05,0.46,4.0,521,1
26.0,male,Doctorate,70434.0,5,MORTGAGE,31300.0,MEDICAL,11.71,0.44,3.0,693,0
26.0,female,Master,73064.0,2,MORTGAGE,30000.0,EDUCATION,14.27,0.41,4.0,639,0
23.0,male,Associate,73116.0,5,MORTGAGE,22000.0,MEDICAL,13.06,0.3,3.0,434,0
21.0,male,Associate,12652.0,0,RENT,5000.0,PERSONAL,12.17,0.4,2.0,544,1
23.0,female,Bachelor,74369.0,2,MORTGAGE,18400.0,VENTURE,19.29,0.25,2.0,717,0
23.0,male,High School,67437.0,0,MORTGAGE,25000.0,PERSONAL,19.04,0.37,4.0,647,1
22.0,male,Associate,74832.0,3,MORTGAGE,30000.0,VENTURE,6.62,0.4,3.0,674,0
25.0,male,Bachelor,44351.0,0,RENT,8400.0,PERSONAL,18.64,0.19,4.0,435,0
21.0,female,Bachelor,32394.0,0,RENT,9450.0,DEBTCONSOLIDATION,16.77,0.29,2.0,547,1
21.0,female,High School,34627.0,0,RENT,9700.0,HOMEIMPROVEMENT,11.34,0.28,2.0,489,1
22.0,male,High School,25172.0,0,RENT,10000.0,VENTURE,6.62,0.4,2.0,560,1
22.0,female,High School,24940.0,0,RENT,10000.0,EDUCATION,7.49,0.4,4.0,439,1
26.0,male,Master,81343.0,4,MORTGAGE,29000.0,VENTURE,7.51,0.36,2.0,564,0
21.0,female,Associate,64200.0,0,MORTGAGE,26400.0,MEDICAL,16.49,0.41,3.0,610,1
26.0,female,Bachelor,84924.0,4,MORTGAGE,35000.0,VENTURE,7.9,0.41,2.0,612,0
23.0,male,High School,68512.0,0,MORTGAGE,30000.0,MEDICAL,16.49,0.44,2.0,655,1
24.0,female,Associate,87894.0,3,MORTGAGE,35000.0,HOMEIMPROVEMENT,13.99,0.4,4.0,532,0
21.0,male,Master,81754.0,3,MORTGAGE,20000.0,VENTURE,17.74,0.24,2.0,715,1
26.0,male,High School,89116.0,4,OWN,35000.0,PERSONAL,9.91,0.39,2.0,667,0
23.0,male,Bachelor,90772.0,4,MORTGAGE,31825.0,EDUCATION,7.9,0.35,2.0,541,0
22.0,male,High School,73493.0,0,MORTGAGE,35000.0,MEDICAL,16.89,0.48,3.0,616,1
22.0,male,Associate,95854.0,0,MORTGAGE,35000.0,VENTURE,13.8,0.37,2.0,663,0
22.0,male,Bachelor,97417.0,0,MORTGAGE,35000.0,EDUCATION,11.01,0.36,2.0,571,0
24.0,female,Bachelor,89984.0,2,OWN,35000.0,DEBTCONSOLIDATION,20.0,0.39,3.0,639,1
24.0,female,Master,102793.0,3,MORTGAGE,35000.0,PERSONAL,11.01,0.34,2.0,536,0
23.0,male,Bachelor,51379.0,0,RENT,3000.0,EDUCATION,17.93,0.06,2.0,497,0
23.0,male,Bachelor,88710.0,0,OTHER,25000.0,PERSONAL,17.9,0.28,2.0,554,1
24.0,female,Bachelor,77408.0,1,MORTGAGE,35000.0,MEDICAL,11.01,0.45,3.0,661,1
24.0,male,Associate,80413.0,3,MORTGAGE,30000.0,MEDICAL,19.42,0.37,3.0,611,1
24.0,male,Master,109152.0,1,MORTGAGE,35000.0,EDUCATION,12.68,0.32,2.0,627,0
21.0,male,High School,110283.0,0,MORTGAGE,20000.0,VENTURE,10.62,0.18,2.0,493,0
24.0,male,High School,111224.0,0,MORTGAGE,25000.0,PERSONAL,17.93,0.22,2.0,586,0
22.0,male,Master,114053.0,0,MORTGAGE,35000.0,PERSONAL,15.23,0.31,4.0,658,0
25.0,female,High School,114038.0,7,MORTGAGE,35000.0,PERSONAL,7.49,0.31,3.0,597,0
23.0,female,Associate,115313.0,0,MORTGAGE,35000.0,EDUCATION,7.9,0.3,4.0,492,0
24.0,female,Bachelor,115044.0,4,MORTGAGE,35000.0,DEBTCONSOLIDATION,11.99,0.3,2.0,620,0
23.0,female,Master,115220.0,1,MORTGAGE,25000.0,PERSONAL,18.78,0.22,4.0,541,0
25.0,female,Associate,116543.0,1,MORTGAGE,35000.0,PERSONAL,18.25,0.3,2.0,681,0
23.0,female,High School,87263.0,0,MORTGAGE,35000.0,MEDICAL,15.99,0.4,2.0,571,1
23.0,male,Bachelor,121206.0,3,MORTGAGE,35000.0,PERSONAL,16.77,0.29,3.0,667,0
23.0,male,Associate,120935.0,0,OWN,35000.0,PERSONAL,16.77,0.29,4.0,644,0
24.0,male,Bachelor,121046.0,0,MORTGAGE,30000.0,VENTURE,18.62,0.25,2.0,652,0
23.0,female,Bachelor,123128.0,0,OWN,30000.0,MEDICAL,16.77,0.24,2.0,679,0
23.0,male,Bachelor,123412.0,0,MORTGAGE,35000.0,PERSONAL,7.9,0.28,3.0,685,0
22.0,male,Associate,128097.0,3,MORTGAGE,35000.0,VENTURE,11.01,0.27,2.0,630,0
25.0,female,Associate,123489.0,1,MORTGAGE,25000.0,HOMEIMPROVEMENT,20.0,0.2,4.0,570,1
24.0,male,Master,139108.0,2,OWN,35000.0,DEBTCONSOLIDATION,16.89,0.25,4.0,666,0
25.0,male,Bachelor,140553.0,2,MORTGAGE,35000.0,EDUCATION,17.58,0.25,4.0,619,0
22.0,female,Associate,143948.0,0,MORTGAGE,35000.0,PERSONAL,16.49,0.24,3.0,651,0
22.0,female,Master,129133.0,1,MORTGAGE,24000.0,HOMEIMPROVEMENT,19.69,0.19,2.0,661,1
25.0,female,Bachelor,31124.0,1,OWN,17500.0,MEDICAL,14.22,0.56,2.0,606,0
23.0,male,Bachelor,151219.0,2,MORTGAGE,35000.0,EDUCATION,8.9,0.23,4.0,561,0
25.0,male,High School,116029.0,0,MORTGAGE,35000.0,MEDICAL,19.29,0.3,2.0,650,1
22.0,female,Associate,150688.0,2,MORTGAGE,30000.0,EDUCATION,7.9,0.2,2.0,647,0
22.0,male,Bachelor,154945.0,0,MORTGAGE,30000.0,DEBTCONSOLIDATION,7.29,0.19,2.0,546,0
26.0,male,Master,157279.0,3,MORTGAGE,35000.0,PERSONAL,18.25,0.22,4.0,693,0
25.0,male,Master,156853.0,0,MORTGAGE,3000.0,HOMEIMPROVEMENT,5.42,0.02,2.0,519,0
22.0,female,Associate,28130.0,2,OWN,9000.0,MEDICAL,5.99,0.32,2.0,469,0
24.0,female,Master,164159.0,0,MORTGAGE,25000.0,PERSONAL,19.13,0.15,3.0,606,1
26.0,female,Associate,180880.0,7,MORTGAGE,35000.0,MEDICAL,15.96,0.19,3.0,681,0
23.0,male,Master,180839.0,3,MORTGAGE,30000.0,MEDICAL,9.99,0.17,3.0,689,0
24.0,female,High School,182258.0,2,MORTGAGE,35000.0,HOMEIMPROVEMENT,14.27,0.19,2.0,628,0
24.0,male,Associate,38499.0,2,RENT,15075.0,PERSONAL,15.27,0.39,2.0,515,1
23.0,male,High School,192966.0,1,MORTGAGE,35000.0,VENTURE,15.23,0.18,2.0,654,0
23.0,male,Master,210874.0,1,MORTGAGE,35000.0,EDUCATION,11.01,0.17,3.0,632,0
24.0,female,Associate,172452.0,0,MORTGAGE,25000.0,MEDICAL,14.84,0.14,2.0,550,1
24.0,male,Bachelor,222674.0,0,MORTGAGE,3000.0,MEDICAL,7.88,0.01,2.0,566,0
26.0,male,Bachelor,192835.0,0,MORTGAGE,30000.0,MEDICAL,17.58,0.16,3.0,653,1
21.0,male,Master,192646.0,0,MORTGAGE,30000.0,MEDICAL,15.62,0.16,2.0,631,1
25.0,female,High School,241358.0,1,MORTGAGE,35000.0,VENTURE,17.14,0.15,3.0,607,0
24.0,male,Master,246825.0,2,MORTGAGE,35000.0,EDUCATION,13.99,0.14,2.0,685,0
25.0,male,High School,265085.0,2,MORTGAGE,25000.0,VENTURE,10.75,0.09,2.0,704,0
26.0,female,Associate,37071.0,7,RENT,19075.0,DEBTCONSOLIDATION,7.49,0.51,3.0,588,1
25.0,female,High School,304752.0,4,MORTGAGE,25000.0,HOMEIMPROVEMENT,17.26,0.08,4.0,583,1
24.0,male,Associate,361284.0,3,MORTGAGE,35000.0,DEBTCONSOLIDATION,9.99,0.1,3.0,574,0
23.0,male,Bachelor,361159.0,0,MORTGAGE,10000.0,EDUCATION,15.65,0.03,2.0,546,0
24.0,female,Master,397048.0,0,MORTGAGE,3500.0,PERSONAL,10.36,0.01,4.0,714,0
25.0,male,Associate,438914.0,2,MORTGAGE,35000.0,VENTURE,10.65,0.08,2.0,633,0
24.0,male,Associate,511121.0,2,MORTGAGE,10000.0,EDUCATION,7.88,0.02,2.0,678,0
25.0,male,Bachelor,541131.0,3,MORTGAGE,35000.0,DEBTCONSOLIDATION,11.11,0.06,4.0,532,0
26.0,female,Associate,577186.0,0,MORTGAGE,25000.0,EDUCATION,14.38,0.04,3.0,579,0
24.0,male,High School,55452.0,0,RENT,19650.0,DEBTCONSOLIDATION,15.37,0.35,2.0,512,1
25.0,male,Associate,259923.0,1,MORTGAGE,25000.0,HOMEIMPROVEMENT,16.07,0.1,2.0,686,0
24.0,male,Bachelor,106781.0,2,MORTGAGE,30000.0,DEBTCONSOLIDATION,18.62,0.28,3.0,680,1
24.0,female,Bachelor,52728.0,1,MORTGAGE,24000.0,EDUCATION,10.62,0.46,2.0,493,0
23.0,male,Associate,193046.0,2,MORTGAGE,35000.0,VENTURE,7.66,0.18,3.0,617,0
25.0,female,Master,202600.0,0,MORTGAGE,35000.0,DEBTCONSOLIDATION,10.65,0.17,4.0,618,0
23.0,male,High School,114815.0,3,MORTGAGE,35000.0,EDUCATION,7.9,0.3,2.0,663,0
22.0,male,Associate,129155.0,2,MORTGAGE,35000.0,DEBTCONSOLIDATION,16.49,0.27,3.0,612,1
26.0,female,Bachelor,58694.0,3,RENT,25000.0,DEBTCONSOLIDATION,18.43,0.43,3.0,660,1
21.0,male,Bachelor,241346.0,0,MORTGAGE,16000.0,EDUCATION,14.65,0.07,2.0,528,0
25.0,female,High School,368261.0,2,RENT,24250.0,PERSONAL,13.85,0.07,4.0,558,0
26.0,male,Master,73068.0,3,MORTGAGE,30000.0,PERSONAL,14.27,0.41,3.0,668,0
24.0,male,High School,53912.0,3,MORTGAGE,22800.0,DEBTCONSOLIDATION,17.27,0.42,3.0,606,1
23.0,female,High School,138971.0,2,RENT,35000.0,EDUCATION,7.9,0.25,4.0,571,0
26.0,male,Bachelor,187082.0,0,MORTGAGE,23000.0,HOMEIMPROVEMENT,18.25,0.12,2.0,583,0
24.0,male,Bachelor,164322.0,6,MORTGAGE,25000.0,DEBTCONSOLIDATION,19.13,0.15,3.0,628,1
25.0,male,High School,34368.0,1,OWN,14125.0,EDUCATION,6.99,0.41,2.0,536,0
22.0,female,Master,129241.0,2,MORTGAGE,24000.0,HOMEIMPROVEMENT,19.69,0.19,4.0,608,1
26.0,male,Bachelor,156821.0,0,MORTGAGE,35000.0,EDUCATION,18.25,0.22,3.0,669,0
23.0,female,High School,131204.0,0,RENT,35000.0,HOMEIMPROVEMENT,20.0,0.27,2.0,624,1
25.0,male,High School,42077.0,2,RENT,20000.0,DEBTCONSOLIDATION,8.88,0.48,2.0,538,1
25.0,female,High School,169140.0,4,MORTGAGE,35000.0,PERSONAL,10.59,0.21,4.0,503,0
23.0,female,Bachelor,87553.0,0,RENT,30000.0,MEDICAL,10.65,0.34,2.0,688,1
32.0,female,High School,1440746.0,6,MORTGAGE,12000.0,VENTURE,7.51,0.01,8.0,613,0
34.0,male,Bachelor,1138723.0,12,MORTGAGE,2000.0,PERSONAL,9.99,0.0,7.0,609,0
29.0,female,Associate,85798.0,10,RENT,35000.0,PERSONAL,8.9,0.41,6.0,650,1
33.0,male,Bachelor,93638.0,9,RENT,35000.0,DEBTCONSOLIDATION,8.49,0.37,9.0,564,1
28.0,male,Bachelor,96892.0,0,RENT,35000.0,EDUCATION,15.62,0.36,10.0,660,1
29.0,female,Master,97064.0,7,RENT,35000.0,DEBTCONSOLIDATION,12.68,0.36,10.0,680,1
35.0,female,Associate,778515.0,14,MORTGAGE,10000.0,PERSONAL,17.19,0.01,8.0,705,1
29.0,male,Bachelor,102938.0,7,RENT,35000.0,PERSONAL,11.99,0.34,8.0,671,1
31.0,female,Master,88456.0,8,RENT,35000.0,EDUCATION,19.29,0.4,10.0,656,1
34.0,male,High School,107595.0,10,RENT,35000.0,HOMEIMPROVEMENT,18.25,0.33,8.0,576,1
27.0,male,Associate,120968.0,6,RENT,35000.0,DEBTCONSOLIDATION,16.11,0.29,9.0,645,1
30.0,male,Master,605611.0,9,RENT,3000.0,DEBTCONSOLIDATION,11.36,0.0,9.0,631,0
35.0,male,Master,600779.0,13,MORTGAGE,20000.0,DEBTCONSOLIDATION,13.85,0.03,7.0,670,0
35.0,male,High School,601036.0,12,MORTGAGE,7500.0,DEBTCONSOLIDATION,12.29,0.01,9.0,549,0
33.0,male,Bachelor,562713.0,11,MORTGAGE,3750.0,DEBTCONSOLIDATION,15.62,0.01,10.0,561,1
34.0,male,High School,144851.0,9,RENT,35000.0,VENTURE,10.59,0.24,6.0,655,0
33.0,male,High School,166773.0,10,RENT,35000.0,PERSONAL,18.64,0.21,7.0,664,1
34.0,female,High School,187822.0,13,RENT,35000.0,EDUCATION,11.01,0.19,5.0,598,0
29.0,male,High School,192792.0,5,RENT,35000.0,VENTURE,14.27,0.18,8.0,553,0
31.0,male,Master,181289.0,9,RENT,35000.0,EDUCATION,18.25,0.19,6.0,686,1
33.0,male,High School,481181.0,11,MORTGAGE,15000.0,PERSONAL,6.03,0.03,10.0,606,0
31.0,male,Associate,481018.0,13,MORTGAGE,28000.0,HOMEIMPROVEMENT,7.49,0.06,6.0,700,0
29.0,female,Bachelor,480874.0,9,MORTGAGE,25000.0,EDUCATION,11.12,0.05,8.0,721,0
34.0,male,Bachelor,391934.0,11,MORTGAGE,35000.0,MEDICAL,16.77,0.09,6.0,649,1
33.0,male,High School,469089.0,12,MORTGAGE,35000.0,MEDICAL,10.99,0.07,8.0,568,0
28.0,female,Associate,199236.0,4,RENT,35000.0,DEBTCONSOLIDATION,11.49,0.18,9.0,679,0
30.0,male,Master,204760.0,6,RENT,35000.0,EDUCATION,13.06,0.17,9.0,672,0
33.0,male,Bachelor,300961.0,10,RENT,35000.0,MEDICAL,7.29,0.12,7.0,609,0
30.0,male,Associate,98180.0,10,RENT,34000.0,DEBTCONSOLIDATION,10.59,0.35,8.0,649,1
30.0,male,Associate,420652.0,4,OWN,32000.0,PERSONAL,6.62,0.08,7.0,592,0
33.0,female,High School,421246.0,10,MORTGAGE,10000.0,VENTURE,14.65,0.02,10.0,613,0
28.0,female,High School,421133.0,8,RENT,20000.0,DEBTCONSOLIDATION,11.01,0.05,9.0,575,0
35.0,female,Bachelor,420852.0,11,MORTGAGE,35000.0,VENTURE,17.49,0.08,7.0,676,0
29.0,male,Associate,406668.0,5,RENT,24000.0,HOMEIMPROVEMENT,17.8,0.06,8.0,656,1
32.0,male,Associate,418649.0,9,MORTGAGE,25000.0,MEDICAL,11.83,0.06,8.0,569,0
30.0,male,Bachelor,409028.0,8,MORTGAGE,25000.0,HOMEIMPROVEMENT,18.3,0.06,8.0,668,0
34.0,male,Bachelor,401778.0,14,OWN,18000.0,EDUCATION,12.68,0.04,10.0,699,0
34.0,female,High School,85022.0,11,RENT,32000.0,MEDICAL,10.99,0.38,8.0,593,1
28.0,male,Bachelor,127395.0,5,RENT,31000.0,DEBTCONSOLIDATION,8.49,0.24,9.0,570,0
32.0,female,High School,369446.0,8,OWN,11000.0,VENTURE,14.26,0.03,10.0,643,0
31.0,female,Master,366794.0,8,MORTGAGE,35000.0,HOMEIMPROVEMENT,17.58,0.1,10.0,657,0
30.0,male,Bachelor,360964.0,8,MORTGAGE,4000.0,EDUCATION,10.65,0.01,10.0,643,0
34.0,female,Bachelor,74814.0,13,RENT,30000.0,MEDICAL,11.71,0.4,8.0,719,1
34.0,male,Bachelor,97285.0,9,RENT,30000.0,DEBTCONSOLIDATION,6.62,0.31,5.0,661,1
31.0,male,Associate,361327.0,7,MORTGAGE,25000.0,VENTURE,14.83,0.07,9.0,619,0
32.0,female,High School,346907.0,10,MORTGAGE,25000.0,DEBTCONSOLIDATION,14.83,0.07,10.0,614,1
28.0,male,High School,346404.0,7,RENT,25000.0,DEBTCONSOLIDATION,17.93,0.07,8.0,618,1
34.0,male,Associate,344232.0,13,MORTGAGE,30000.0,VENTURE,6.62,0.09,6.0,594,0
34.0,female,Associate,342851.0,15,RENT,21000.0,EDUCATION,11.71,0.06,10.0,702,0
33.0,male,Bachelor,342947.0,12,MORTGAGE,10000.0,DEBTCONSOLIDATION,13.99,0.03,7.0,671,0
30.0,male,Bachelor,279481.0,8,MORTGAGE,25000.0,MEDICAL,17.93,0.09,9.0,689,1
28.0,female,High School,342893.0,6,MORTGAGE,25000.0,PERSONAL,16.32,0.07,6.0,669,0
31.0,female,Master,342166.0,9,MORTGAGE,5000.0,VENTURE,11.01,0.01,9.0,586,0
35.0,female,High School,337011.0,10,MORTGAGE,21600.0,HOMEIMPROVEMENT,12.99,0.06,8.0,640,0
31.0,male,Associate,330809.0,13,MORTGAGE,25000.0,PERSONAL,13.85,0.08,6.0,697,0
27.0,male,Associate,310859.0,1,RENT,35000.0,EDUCATION,18.64,0.11,7.0,632,1
30.0,male,Bachelor,324650.0,5,MORTGAGE,35000.0,HOMEIMPROVEMENT,19.69,0.11,8.0,601,0
29.0,male,Bachelor,107738.0,6,RENT,28800.0,EDUCATION,7.49,0.27,6.0,481,1
31.0,female,Associate,312794.0,9,MORTGAGE,25000.0,DEBTCONSOLIDATION,13.57,0.08,10.0,694,0
31.0,female,Associate,310624.0,9,MORTGAGE,28000.0,PERSONAL,5.99,0.09,5.0,562,0
28.0,female,Bachelor,300765.0,3,MORTGAGE,35000.0,PERSONAL,11.71,0.12,7.0,690,0
31.0,female,Associate,300675.0,9,MORTGAGE,4000.0,MEDICAL,14.22,0.01,10.0,699,0
35.0,female,Associate,105990.0,8,RENT,28000.0,MEDICAL,18.62,0.26,10.0,591,1
27.0,male,Master,15675.0,4,OWN,8125.0,EDUCATION,14.42,0.52,5.0,505,1
27.0,female,Doctorate,289062.0,4,MORTGAGE,35000.0,EDUCATION,7.9,0.12,7.0,695,0
30.0,female,High School,289262.0,11,MORTGAGE,28000.0,VENTURE,16.49,0.1,7.0,537,0
29.0,male,High School,274421.0,7,MORTGAGE,35000.0,DEBTCONSOLIDATION,14.91,0.13,8.0,645,1
27.0,female,Bachelor,278808.0,2,MORTGAGE,2000.0,DEBTCONSOLIDATION,9.91,0.01,6.0,536,0
32.0,male,Master,276922.0,8,RENT,35000.0,HOMEIMPROVEMENT,11.01,0.13,9.0,713,0
34.0,male,Associate,48619.0,12,RENT,25000.0,MEDICAL,10.25,0.51,8.0,638,1
28.0,female,High School,271082.0,3,MORTGAGE,30000.0,VENTURE,8.49,0.11,6.0,667,0
29.0,female,Bachelor,271063.0,6,OWN,24250.0,PERSONAL,11.01,0.09,7.0,499,0
32.0,male,Master,270797.0,13,MORTGAGE,20000.0,PERSONAL,13.92,0.07,10.0,586,0
27.0,male,Associate,245994.0,1,MORTGAGE,25000.0,HOMEIMPROVEMENT,15.31,0.1,6.0,554,0
32.0,female,Master,243254.0,8,MORTGAGE,28000.0,PERSONAL,10.59,0.12,7.0,551,0
32.0,female,Associate,240961.0,8,RENT,35000.0,HOMEIMPROVEMENT,19.03,0.15,8.0,645,0
31.0,female,High School,240658.0,5,MORTGAGE,30000.0,MEDICAL,8.9,0.12,5.0,680,0
35.0,female,Bachelor,226473.0,13,RENT,5000.0,DEBTCONSOLIDATION,16.49,0.02,9.0,695,1
28.0,female,High School,228801.0,7,MORTGAGE,35000.0,HOMEIMPROVEMENT,17.49,0.15,6.0,542,0
33.0,female,High School,228016.0,10,MORTGAGE,20000.0,DEBTCONSOLIDATION,6.17,0.09,7.0,543,0
27.0,male,Associate,222942.0,3,MORTGAGE,35000.0,PERSONAL,11.01,0.16,8.0,666,0
29.0,female,Bachelor,208716.0,9,MORTGAGE,28000.0,DEBTCONSOLIDATION,17.49,0.13,10.0,614,1
29.0,male,Bachelor,217061.0,3,MORTGAGE,31000.0,PERSONAL,19.42,0.14,8.0,664,0
30.0,female,High School,217126.0,7,MORTGAGE,28000.0,VENTURE,14.91,0.13,5.0,552,0
35.0,male,Associate,210886.0,14,MORTGAGE,2200.0,VENTURE,8.49,0.01,7.0,567,0
29.0,male,Bachelor,205079.0,6,MORTGAGE,35000.0,PERSONAL,12.99,0.17,5.0,574,0
27.0,male,Associate,198932.0,3,MORTGAGE,35000.0,HOMEIMPROVEMENT,12.99,0.18,9.0,606,0
27.0,male,Associate,205080.0,3,RENT,25000.0,PERSONAL,16.32,0.12,10.0,435,0
27.0,female,Associate,268928.0,8,RENT,25000.0,EDUCATION,18.3,0.09,9.0,677,1
33.0,male,Associate,299258.0,10,RENT,25000.0,DEBTCONSOLIDATION,14.11,0.08,6.0,629,1
30.0,male,Bachelor,39324.0,8,RENT,24250.0,PERSONAL,11.12,0.62,5.0,671,1
27.0,male,Master,57560.0,2,RENT,24000.0,DEBTCONSOLIDATION,17.14,0.42,5.0,702,1
35.0,female,Master,59868.0,13,RENT,24000.0,DEBTCONSOLIDATION,15.2,0.4,10.0,594,1
34.0,male,Master,55599.0,11,RENT,23500.0,PERSONAL,11.36,0.42,9.0,723,1
34.0,female,Bachelor,47759.0,10,RENT,22400.0,HOMEIMPROVEMENT,11.01,0.47,9.0,494,1
35.0,male,Bachelor,49179.0,13,RENT,21000.0,VENTURE,19.41,0.43,10.0,671,1
34.0,male,Master,166273.0,10,RENT,21000.0,HOMEIMPROVEMENT,18.79,0.13,10.0,719,1
35.0,male,Bachelor,49977.0,12,RENT,20500.0,EDUCATION,12.53,0.41,6.0,706,1
31.0,male,Associate,37391.0,8,RENT,20200.0,PERSONAL,14.74,0.54,5.0,589,1
27.0,male,Associate,49045.0,5,RENT,20000.0,DEBTCONSOLIDATION,6.91,0.41,8.0,498,1
31.0,female,Bachelor,764203.0,10,RENT,17500.0,DEBTCONSOLIDATION,11.48,0.02,10.0,649,0
35.0,female,Master,613103.0,10,RENT,1800.0,PERSONAL,13.48,0.0,6.0,571,0
32.0,female,Associate,277107.0,9,RENT,15000.0,HOMEIMPROVEMENT,5.99,0.05,5.0,566,0
31.0,female,Master,142825.0,9,RENT,2000.0,PERSONAL,16.89,0.01,8.0,538,1
27.0,female,Associate,42209.0,2,RENT,14000.0,MEDICAL,19.82,0.33,10.0,565,1
34.0,male,Bachelor,36893.0,11,MORTGAGE,18000.0,EDUCATION,12.84,0.49,10.0,590,0
31.0,female,Associate,45256.0,9,MORTGAGE,22000.0,DEBTCONSOLIDATION,12.73,0.49,7.0,708,0
31.0,male,Associate,422825.0,6,RENT,10500.0,VENTURE,15.7,0.02,6.0,587,0
32.0,female,Associate,16631.0,11,RENT,3800.0,PERSONAL,7.29,0.23,9.0,497,1
34.0,male,Bachelor,50979.0,11,OWN,22750.0,VENTURE,6.91,0.45,10.0,679,0
28.0,female,Associate,332241.0,6,RENT,5000.0,PERSONAL,6.62,0.02,10.0,666,0
27.0,male,High School,58793.0,6,OWN,24000.0,VENTURE,9.91,0.41,9.0,508,0
33.0,male,Bachelor,735421.0,11,RENT,5950.0,DEBTCONSOLIDATION,12.73,0.01,9.0,630,0
28.0,female,Associate,61206.0,7,OWN,22000.0,HOMEIMPROVEMENT,7.49,0.36,5.0,495,0
34.0,female,Bachelor,61246.0,15,MORTGAGE,22800.0,VENTURE,18.67,0.37,10.0,712,0
34.0,female,Bachelor,677591.0,15,RENT,6000.0,MEDICAL,7.14,0.01,5.0,719,0
32.0,male,High School,15154.0,9,RENT,6200.0,EDUCATION,6.17,0.41,9.0,571,1
35.0,female,High School,262431.0,13,RENT,7000.0,DEBTCONSOLIDATION,14.11,0.03,9.0,479,1
29.0,male,Bachelor,64009.0,7,MORTGAGE,25475.0,EDUCATION,16.29,0.4,7.0,568,0
34.0,female,Associate,65905.0,11,MORTGAGE,27000.0,HOMEIMPROVEMENT,7.9,0.41,5.0,704,0
33.0,female,Master,65952.0,7,MORTGAGE,32000.0,DEBTCONSOLIDATION,15.23,0.49,7.0,545,1
28.0,male,Bachelor,73059.0,9,MORTGAGE,35000.0,EDUCATION,10.59,0.48,6.0,659,0
29.0,female,Bachelor,65681.0,7,MORTGAGE,25000.0,PERSONAL,20.0,0.38,8.0,665,1
30.0,male,Associate,65674.0,8,MORTGAGE,24000.0,HOMEIMPROVEMENT,18.72,0.37,8.0,611,1
31.0,female,Bachelor,663415.0,10,RENT,8000.0,PERSONAL,7.29,0.01,10.0,587,0
30.0,female,Associate,778815.0,8,RENT,8000.0,DEBTCONSOLIDATION,12.73,0.01,10.0,641,0
31.0,male,Bachelor,78941.0,9,MORTGAGE,30000.0,VENTURE,12.69,0.38,9.0,693,0
35.0,female,Associate,82555.0,15,MORTGAGE,32000.0,PERSONAL,19.03,0.39,7.0,641,0
27.0,male,Master,82921.0,4,MORTGAGE,30000.0,HOMEIMPROVEMENT,15.99,0.36,7.0,639,0
30.0,female,Associate,85262.0,6,MORTGAGE,31825.0,MEDICAL,12.69,0.37,8.0,692,0
27.0,male,High School,85072.0,3,MORTGAGE,33000.0,MEDICAL,11.01,0.39,7.0,555,0
31.0,female,Associate,66125.0,8,MORTGAGE,27050.0,MEDICAL,14.54,0.41,7.0,528,1
28.0,female,Master,87415.0,10,MORTGAGE,28000.0,EDUCATION,15.96,0.32,10.0,549,0
29.0,male,Bachelor,88075.0,7,MORTGAGE,30000.0,PERSONAL,7.49,0.34,7.0,736,0
35.0,female,Bachelor,84100.0,14,MORTGAGE,25500.0,VENTURE,17.27,0.3,5.0,610,1
35.0,female,High School,73413.0,14,MORTGAGE,25000.0,MEDICAL,16.82,0.34,5.0,638,1
28.0,male,Bachelor,87217.0,6,MORTGAGE,25000.0,PERSONAL,20.0,0.29,9.0,725,1
35.0,female,Associate,94669.0,13,MORTGAGE,30000.0,VENTURE,17.58,0.32,8.0,686,0
35.0,male,Master,96756.0,13,MORTGAGE,35000.0,DEBTCONSOLIDATION,11.99,0.36,5.0,675,0
27.0,female,Doctorate,97193.0,1,MORTGAGE,35000.0,PERSONAL,11.01,0.36,8.0,658,0
29.0,female,High School,92211.0,6,OWN,25000.0,HOMEIMPROVEMENT,20.0,0.27,6.0,506,1
29.0,female,Doctorate,102627.0,8,MORTGAGE,35000.0,PERSONAL,8.9,0.34,6.0,692,0
29.0,female,High School,104273.0,9,MORTGAGE,25000.0,HOMEIMPROVEMENT,16.82,0.24,9.0,456,0
27.0,male,Master,94334.0,4,MORTGAGE,35000.0,HOMEIMPROVEMENT,17.27,0.37,5.0,615,1
32.0,male,Bachelor,845636.0,13,RENT,12000.0,MEDICAL,15.33,0.01,9.0,648,1
30.0,male,Associate,110303.0,7,MORTGAGE,33950.0,EDUCATION,7.9,0.31,7.0,692,0
28.0,female,Master,113309.0,6,MORTGAGE,35000.0,PERSONAL,8.49,0.31,6.0,722,0
29.0,male,High School,115055.0,6,MORTGAGE,35000.0,VENTURE,7.9,0.3,8.0,678,0
33.0,male,Associate,123552.0,8,MORTGAGE,35000.0,VENTURE,11.01,0.28,8.0,565,0
27.0,female,Bachelor,125838.0,3,OWN,35000.0,EDUCATION,17.99,0.28,6.0,646,0
32.0,female,Bachelor,124941.0,12,MORTGAGE,33000.0,PERSONAL,18.64,0.26,6.0,712,1
33.0,male,High School,47897.0,12,RENT,15000.0,DEBTCONSOLIDATION,17.56,0.31,5.0,533,1
29.0,male,Master,143442.0,5,MORTGAGE,35000.0,EDUCATION,7.9,0.24,8.0,673,0
34.0,male,Master,130213.0,13,MORTGAGE,25000.0,DEBTCONSOLIDATION,20.0,0.19,8.0,604,1
29.0,female,High School,138406.0,7,MORTGAGE,30000.0,DEBTCONSOLIDATION,19.29,0.22,6.0,547,1
29.0,male,High School,157003.0,4,MORTGAGE,30000.0,EDUCATION,18.79,0.19,8.0,602,0
33.0,male,Associate,142831.0,11,MORTGAGE,35000.0,DEBTCONSOLIDATION,17.49,0.25,7.0,649,1
27.0,male,Bachelor,143893.0,9,MORTGAGE,30000.0,DEBTCONSOLIDATION,18.25,0.21,7.0,618,1
30.0,female,Bachelor,162863.0,11,MORTGAGE,32000.0,DEBTCONSOLIDATION,7.9,0.2,9.0,728,0
34.0,male,Bachelor,163714.0,8,MORTGAGE,1000.0,EDUCATION,5.42,0.01,7.0,711,0
34.0,male,Bachelor,167096.0,14,MORTGAGE,25000.0,PERSONAL,14.59,0.15,8.0,546,0
35.0,female,High School,167901.0,17,MORTGAGE,35000.0,DEBTCONSOLIDATION,12.69,0.21,6.0,665,0
31.0,male,Master,154872.0,8,MORTGAGE,35000.0,DEBTCONSOLIDATION,15.99,0.23,6.0,647,1
28.0,female,Associate,131470.0,6,MORTGAGE,35000.0,MEDICAL,16.4,0.27,7.0,515,1
27.0,female,Associate,168890.0,6,OWN,28000.0,PERSONAL,15.65,0.17,5.0,519,0
28.0,female,High School,174095.0,8,MORTGAGE,35000.0,MEDICAL,8.9,0.2,7.0,564,0
35.0,female,Bachelor,173681.0,11,MORTGAGE,35000.0,EDUCATION,11.01,0.2,9.0,477,0
34.0,female,High School,137684.0,11,MORTGAGE,35000.0,MEDICAL,18.64,0.25,10.0,470,1
34.0,female,Associate,166557.0,13,MORTGAGE,2400.0,HOMEIMPROVEMENT,19.91,0.01,7.0,695,1
31.0,female,Associate,166389.0,5,MORTGAGE,35000.0,PERSONAL,7.49,0.21,5.0,600,1
33.0,male,Associate,166588.0,6,MORTGAGE,25000.0,HOMEIMPROVEMENT,20.0,0.15,10.0,649,1
34.0,male,High School,180828.0,13,MORTGAGE,25000.0,VENTURE,16.7,0.14,6.0,600,0
27.0,female,Bachelor,198701.0,6,MORTGAGE,35000.0,MEDICAL,12.42,0.18,10.0,710,0
33.0,male,Bachelor,197192.0,12,MORTGAGE,10000.0,EDUCATION,18.39,0.05,5.0,723,1
30.0,female,High School,219319.0,6,MORTGAGE,7200.0,PERSONAL,6.62,0.03,5.0,501,0
34.0,female,Bachelor,234988.0,12,MORTGAGE,6000.0,VENTURE,14.27,0.03,8.0,517,0
35.0,male,Master,241005.0,17,MORTGAGE,25000.0,EDUCATION,11.01,0.1,7.0,693,0
30.0,male,Master,240693.0,10,MORTGAGE,21600.0,DEBTCONSOLIDATION,13.11,0.09,8.0,509,0
32.0,male,High School,265048.0,9,MORTGAGE,33000.0,HOMEIMPROVEMENT,20.0,0.12,9.0,661,0
32.0,male,High School,687568.0,14,RENT,16000.0,MEDICAL,9.76,0.02,5.0,687,0
27.0,male,Bachelor,256673.0,8,MORTGAGE,35000.0,DEBTCONSOLIDATION,16.77,0.14,5.0,662,1
34.0,female,High School,271141.0,15,MORTGAGE,3000.0,MEDICAL,13.35,0.01,10.0,703,0
27.0,female,Associate,223381.0,8,MORTGAGE,35000.0,MEDICAL,11.01,0.16,5.0,592,1
29.0,female,Bachelor,262437.0,8,MORTGAGE,25000.0,DEBTCONSOLIDATION,19.04,0.1,9.0,578,1
35.0,male,High School,282277.0,14,MORTGAGE,7500.0,HOMEIMPROVEMENT,15.05,0.03,6.0,592,0
27.0,female,Associate,283178.0,5,MORTGAGE,28000.0,VENTURE,15.96,0.1,5.0,597,0
33.0,male,High School,283273.0,12,MORTGAGE,25000.0,EDUCATION,10.62,0.09,6.0,605,0
29.0,female,Associate,291800.0,6,OWN,35000.0,MEDICAL,10.37,0.12,8.0,672,0
28.0,male,Bachelor,295269.0,10,MORTGAGE,18000.0,PERSONAL,17.39,0.06,9.0,615,0
29.0,male,Associate,300889.0,8,MORTGAGE,25000.0,EDUCATION,6.62,0.08,9.0,671,0
29.0,male,Bachelor,300992.0,7,MORTGAGE,10000.0,PERSONAL,7.49,0.03,10.0,717,0
30.0,male,Bachelor,301156.0,9,OWN,15000.0,MEDICAL,15.99,0.05,8.0,583,0
27.0,male,Bachelor,317610.0,5,MORTGAGE,35000.0,MEDICAL,11.01,0.11,5.0,585,0
30.0,female,Master,304778.0,6,MORTGAGE,24000.0,DEBTCONSOLIDATION,14.96,0.08,7.0,703,1
29.0,male,Associate,319204.0,3,MORTGAGE,25000.0,PERSONAL,11.26,0.08,10.0,597,0
28.0,male,Bachelor,320081.0,4,MORTGAGE,9000.0,PERSONAL,5.42,0.03,10.0,676,0
31.0,female,Bachelor,331294.0,9,MORTGAGE,30000.0,PERSONAL,10.59,0.09,8.0,672,0
27.0,male,High School,330870.0,6,MORTGAGE,35000.0,VENTURE,11.01,0.11,6.0,569,0
34.0,male,Bachelor,330971.0,13,MORTGAGE,25000.0,VENTURE,16.32,0.08,9.0,632,0
30.0,female,Associate,360839.0,9,OWN,35000.0,HOMEIMPROVEMENT,10.59,0.1,10.0,606,0
28.0,female,Associate,360880.0,6,MORTGAGE,9600.0,PERSONAL,15.23,0.03,10.0,678,0
28.0,male,Master,361101.0,7,MORTGAGE,10125.0,EDUCATION,15.23,0.03,6.0,717,0
28.0,female,Bachelor,346815.0,7,MORTGAGE,18000.0,VENTURE,20.0,0.05,9.0,622,1
31.0,female,Associate,360803.0,7,MORTGAGE,35000.0,VENTURE,15.23,0.1,6.0,666,0
27.0,male,Associate,361226.0,5,MORTGAGE,35000.0,DEBTCONSOLIDATION,11.01,0.1,8.0,675,0
28.0,female,High School,360788.0,6,MORTGAGE,10800.0,DEBTCONSOLIDATION,6.92,0.03,5.0,543,0
32.0,male,Bachelor,361150.0,8,MORTGAGE,24000.0,MEDICAL,12.87,0.07,10.0,681,0
30.0,male,Bachelor,360969.0,8,MORTGAGE,6000.0,VENTURE,9.63,0.02,10.0,696,0
30.0,male,High School,361038.0,7,MORTGAGE,20000.0,MEDICAL,11.58,0.06,9.0,565,0
33.0,male,Bachelor,360931.0,9,OWN,25000.0,MEDICAL,14.42,0.07,7.0,589,0
30.0,male,High School,373221.0,5,MORTGAGE,14000.0,DEBTCONSOLIDATION,11.01,0.04,10.0,533,0
27.0,male,High School,384783.0,5,MORTGAGE,28000.0,DEBTCONSOLIDATION,7.9,0.07,9.0,623,0
33.0,male,High School,385074.0,12,MORTGAGE,14000.0,VENTURE,7.91,0.04,5.0,604,0
31.0,male,Bachelor,391303.0,9,MORTGAGE,10000.0,MEDICAL,5.99,0.03,7.0,680,0
28.0,female,Master,325368.0,9,MORTGAGE,25000.0,MEDICAL,17.88,0.08,6.0,614,1
35.0,female,Master,329467.0,14,MORTGAGE,25000.0,MEDICAL,14.59,0.08,6.0,638,1
29.0,female,Master,420896.0,7,MORTGAGE,12000.0,DEBTCONSOLIDATION,7.51,0.03,7.0,710,0
34.0,female,Bachelor,429091.0,12,MORTGAGE,14000.0,HOMEIMPROVEMENT,18.64,0.03,9.0,599,0
31.0,female,Associate,446050.0,9,MORTGAGE,5875.0,HOMEIMPROVEMENT,7.74,0.01,9.0,641,0
30.0,female,Master,447379.0,4,OWN,2400.0,HOMEIMPROVEMENT,10.99,0.01,5.0,594,0
32.0,male,Master,462976.0,11,MORTGAGE,19925.0,VENTURE,7.9,0.04,9.0,650,0
33.0,female,Bachelor,493048.0,10,MORTGAGE,35000.0,HOMEIMPROVEMENT,10.37,0.07,5.0,657,0
35.0,male,Bachelor,498907.0,13,MORTGAGE,15500.0,HOMEIMPROVEMENT,16.45,0.03,10.0,713,0
29.0,female,Bachelor,534783.0,5,MORTGAGE,25000.0,PERSONAL,9.62,0.05,5.0,577,0
29.0,male,Bachelor,541155.0,4,MORTGAGE,25000.0,EDUCATION,15.37,0.05,7.0,683,0
29.0,female,Associate,577111.0,9,MORTGAGE,6500.0,MEDICAL,5.42,0.01,6.0,581,0
34.0,male,Doctorate,478482.0,10,MORTGAGE,14000.0,MEDICAL,14.61,0.03,5.0,604,1
30.0,female,Associate,627222.0,4,MORTGAGE,2500.0,HOMEIMPROVEMENT,7.43,0.0,9.0,637,0
33.0,male,Bachelor,13376.0,8,OWN,7200.0,VENTURE,6.03,0.54,8.0,715,1
28.0,male,Master,725713.0,5,MORTGAGE,25000.0,PERSONAL,9.01,0.03,9.0,735,1
31.0,male,High School,890990.0,10,MORTGAGE,12000.0,MEDICAL,10.25,0.01,6.0,599,0
32.0,male,Bachelor,900803.0,10,MORTGAGE,30000.0,DEBTCONSOLIDATION,9.91,0.03,8.0,647,0
35.0,female,Associate,915386.0,14,OWN,10000.0,MEDICAL,8.94,0.01,10.0,630,0
29.0,male,Bachelor,288930.0,5,MORTGAGE,35000.0,PERSONAL,14.91,0.12,6.0,615,0
31.0,female,High School,330859.0,11,MORTGAGE,25000.0,VENTURE,13.85,0.08,7.0,616,0
28.0,male,Associate,79126.0,5,MORTGAGE,25000.0,DEBTCONSOLIDATION,18.62,0.32,9.0,555,1
28.0,male,High School,271185.0,8,MORTGAGE,9000.0,EDUCATION,16.95,0.03,8.0,543,1
33.0,female,Master,65664.0,10,MORTGAGE,32000.0,MEDICAL,15.23,0.49,7.0,677,1
29.0,male,Bachelor,49080.0,7,MORTGAGE,25000.0,HOMEIMPROVEMENT,11.86,0.51,6.0,714,0
34.0,female,High School,75533.0,12,MORTGAGE,28000.0,VENTURE,11.71,0.37,7.0,700,0
27.0,female,Associate,190083.0,5,MORTGAGE,35000.0,DEBTCONSOLIDATION,12.99,0.18,10.0,689,0
34.0,male,High School,316200.0,11,MORTGAGE,25000.0,DEBTCONSOLIDATION,16.32,0.08,9.0,655,1
35.0,female,Associate,915203.0,10,OWN,10000.0,MEDICAL,8.94,0.01,8.0,676,0
29.0,female,High School,73119.0,9,MORTGAGE,25000.0,DEBTCONSOLIDATION,20.0,0.34,9.0,640,1
30.0,female,Bachelor,263825.0,7,MORTGAGE,35000.0,MEDICAL,19.69,0.13,9.0,670,1
27.0,male,Associate,282681.0,2,MORTGAGE,28000.0,PERSONAL,15.96,0.1,9.0,614,0
32.0,male,High School,124500.0,14,MORTGAGE,33000.0,EDUCATION,18.64,0.27,10.0,706,1
34.0,female,Bachelor,93227.0,11,RENT,35000.0,DEBTCONSOLIDATION,18.25,0.38,10.0,602,1
27.0,male,Bachelor,310552.0,3,RENT,35000.0,EDUCATION,18.64,0.11,10.0,588,1
32.0,male,Bachelor,418378.0,8,MORTGAGE,25000.0,PERSONAL,11.83,0.06,10.0,576,0
29.0,female,Master,142963.0,6,MORTGAGE,35000.0,EDUCATION,7.9,0.24,7.0,674,0
33.0,male,High School,735661.0,10,RENT,5950.0,MEDICAL,12.73,0.01,10.0,643,0
32.0,male,Bachelor,301151.0,12,MORTGAGE,25000.0,VENTURE,14.59,0.08,7.0,565,0
34.0,male,Associate,49030.0,14,RENT,25000.0,EDUCATION,10.25,0.51,5.0,611,1
27.0,male,Master,78734.0,6,RENT,28000.0,PERSONAL,7.9,0.36,10.0,722,1
31.0,female,Bachelor,423202.0,11,RENT,10500.0,HOMEIMPROVEMENT,15.7,0.02,9.0,689,0
31.0,male,High School,37662.0,10,RENT,20200.0,PERSONAL,14.74,0.54,8.0,604,1
30.0,male,Associate,166437.0,9,MORTGAGE,23975.0,EDUCATION,17.93,0.14,6.0,557,1
33.0,female,Associate,481043.0,12,MORTGAGE,15000.0,MEDICAL,6.03,0.03,6.0,618,0
28.0,female,Master,725550.0,4,MORTGAGE,25000.0,PERSONAL,9.01,0.03,9.0,604,1
30.0,male,Associate,360919.0,7,OWN,35000.0,VENTURE,10.59,0.1,5.0,658,0
34.0,female,Bachelor,576874.0,12,MORTGAGE,14000.0,PERSONAL,14.61,0.02,9.0,698,0
27.0,male,Bachelor,94941.0,3,OWN,35000.0,MEDICAL,17.99,0.37,7.0,584,1
30.0,male,Bachelor,72786.0,9,OWN,20000.0,EDUCATION,6.17,0.27,9.0,477,0
29.0,female,Bachelor,577347.0,3,MORTGAGE,6500.0,DEBTCONSOLIDATION,5.42,0.01,9.0,686,0
36.0,male,Doctorate,1440982.0,15,OWN,10000.0,MEDICAL,6.54,0.01,11.0,682,0
40.0,female,Bachelor,1440915.0,19,MORTGAGE,10000.0,MEDICAL,11.01,0.01,16.0,637,0
50.0,male,High School,1081082.0,28,MORTGAGE,30000.0,DEBTCONSOLIDATION,12.69,0.03,15.0,643,0
36.0,female,High School,1081254.0,14,MORTGAGE,6000.0,PERSONAL,11.01,0.01,12.0,600,0
36.0,male,Bachelor,84049.0,13,RENT,35000.0,VENTURE,11.01,0.42,15.0,700,1
45.0,male,Master,96924.0,25,RENT,35000.0,MEDICAL,11.01,0.36,13.0,566,1
37.0,male,Bachelor,97166.0,14,RENT,35000.0,HOMEIMPROVEMENT,11.99,0.36,17.0,637,1
39.0,female,High School,850679.0,18,MORTGAGE,25000.0,DEBTCONSOLIDATION,12.18,0.03,12.0,668,0
44.0,male,High School,703125.0,24,MORTGAGE,20000.0,MEDICAL,11.01,0.03,16.0,563,1
36.0,female,Associate,840912.0,14,MORTGAGE,25000.0,MEDICAL,12.53,0.03,13.0,629,0
40.0,male,Bachelor,649823.0,16,MORTGAGE,35000.0,MEDICAL,15.99,0.05,11.0,614,1
37.0,female,Associate,103064.0,11,RENT,35000.0,HOMEIMPROVEMENT,8.9,0.34,17.0,656,1
43.0,female,Master,600812.0,22,MORTGAGE,25000.0,VENTURE,12.61,0.04,14.0,685,0
39.0,male,Master,485461.0,16,MORTGAGE,35000.0,MEDICAL,11.01,0.07,11.0,668,1
41.0,male,Associate,577228.0,17,MORTGAGE,16000.0,DEBTCONSOLIDATION,7.9,0.03,17.0,660,0
40.0,female,High School,160447.0,13,RENT,35000.0,EDUCATION,14.54,0.22,17.0,630,1
36.0,male,Master,490811.0,15,MORTGAGE,35000.0,HOMEIMPROVEMENT,7.9,0.07,13.0,654,0
37.0,male,Bachelor,490621.0,16,RENT,6000.0,EDUCATION,12.61,0.01,13.0,699,0
43.0,female,Master,480854.0,20,MORTGAGE,28000.0,VENTURE,9.91,0.06,11.0,619,0
43.0,male,Bachelor,421260.0,19,MORTGAGE,18000.0,MEDICAL,11.49,0.04,16.0,702,0
46.0,male,Bachelor,404111.0,25,OWN,9000.0,VENTURE,11.49,0.02,13.0,679,0
44.0,male,Associate,82056.0,20,RENT,32400.0,HOMEIMPROVEMENT,11.01,0.39,13.0,638,1
43.0,female,High School,89491.0,19,RENT,30600.0,DEBTCONSOLIDATION,18.79,0.34,17.0,648,1
38.0,female,High School,368127.0,16,MORTGAGE,15000.0,VENTURE,10.62,0.04,17.0,693,0
47.0,female,High School,366927.0,24,MORTGAGE,10000.0,HOMEIMPROVEMENT,13.43,0.03,12.0,665,0
46.0,female,High School,367057.0,25,MORTGAGE,20000.0,VENTURE,17.93,0.05,13.0,564,0
42.0,female,High School,360959.0,23,MORTGAGE,10000.0,PERSONAL,17.27,0.03,14.0,710,0
37.0,female,High School,67412.0,13,RENT,30000.0,DEBTCONSOLIDATION,9.91,0.45,15.0,637,1
47.0,male,Bachelor,15590.0,23,OWN,1950.0,MEDICAL,12.69,0.13,12.0,645,1
37.0,female,Bachelor,361023.0,16,MORTGAGE,25000.0,EDUCATION,11.49,0.07,14.0,650,0
36.0,female,Associate,108834.0,12,RENT,30000.0,PERSONAL,15.99,0.28,11.0,610,1
38.0,male,High School,15693.0,16,OWN,4800.0,DEBTCONSOLIDATION,7.29,0.31,12.0,587,1
36.0,female,Associate,336807.0,12,RENT,5000.0,DEBTCONSOLIDATION,14.26,0.01,16.0,652,0
37.0,female,High School,264810.0,11,RENT,30000.0,EDUCATION,9.91,0.11,17.0,583,0
41.0,female,Master,322597.0,18,MORTGAGE,24000.0,PERSONAL,10.37,0.07,11.0,683,0
43.0,male,High School,321399.0,20,MORTGAGE,21000.0,DEBTCONSOLIDATION,12.69,0.07,13.0,645,0
37.0,female,Associate,313076.0,13,MORTGAGE,20000.0,VENTURE,14.96,0.06,12.0,673,0
36.0,female,Associate,300870.0,12,MORTGAGE,31400.0,PERSONAL,14.27,0.1,16.0,561,0
40.0,male,Associate,68772.0,16,RENT,28000.0,HOMEIMPROVEMENT,18.62,0.41,14.0,635,1
44.0,male,High School,15209.0,20,OWN,2000.0,HOMEIMPROVEMENT,9.88,0.13,11.0,553,1
41.0,female,Doctorate,301153.0,21,MORTGAGE,5000.0,EDUCATION,9.99,0.02,12.0,721,0
36.0,female,Associate,301178.0,15,RENT,20000.0,DEBTCONSOLIDATION,7.88,0.07,17.0,690,0
41.0,female,High School,301161.0,23,MORTGAGE,4200.0,DEBTCONSOLIDATION,13.11,0.01,14.0,690,0
36.0,male,High School,300926.0,13,MORTGAGE,4000.0,VENTURE,7.14,0.01,12.0,679,0
48.0,male,Associate,274744.0,19,MORTGAGE,25000.0,HOMEIMPROVEMENT,15.31,0.09,13.0,673,1
45.0,male,Bachelor,103185.0,23,RENT,26000.0,PERSONAL,14.27,0.25,15.0,590,1
40.0,female,High School,280535.0,18,MORTGAGE,15000.0,MEDICAL,11.83,0.05,15.0,667,0
43.0,male,High School,276859.0,21,MORTGAGE,25000.0,HOMEIMPROVEMENT,15.58,0.09,15.0,640,0
42.0,male,Bachelor,57664.0,23,RENT,25000.0,MEDICAL,12.18,0.43,15.0,610,1
45.0,male,High School,271448.0,22,RENT,22200.0,PERSONAL,12.69,0.08,12.0,512,0
41.0,female,High School,270601.0,16,MORTGAGE,35000.0,HOMEIMPROVEMENT,15.62,0.13,14.0,548,0
45.0,female,Master,271200.0,25,MORTGAGE,10000.0,PERSONAL,11.01,0.04,11.0,632,0
40.0,male,High School,213196.0,19,RENT,25000.0,MEDICAL,10.99,0.12,17.0,674,1
44.0,male,High School,252856.0,23,MORTGAGE,25000.0,VENTURE,10.37,0.1,14.0,685,0
40.0,male,Master,253004.0,15,MORTGAGE,20000.0,EDUCATION,6.17,0.08,17.0,655,0
42.0,female,Bachelor,253243.0,21,MORTGAGE,16000.0,VENTURE,13.47,0.06,11.0,642,0
45.0,male,Associate,252929.0,22,MORTGAGE,12000.0,DEBTCONSOLIDATION,9.63,0.05,12.0,542,0
41.0,male,High School,59760.0,20,RENT,25000.0,HOMEIMPROVEMENT,17.04,0.42,13.0,606,1
38.0,female,Associate,243428.0,14,MORTGAGE,15000.0,VENTURE,12.04,0.06,13.0,561,0
40.0,male,Associate,242687.0,18,RENT,12450.0,EDUCATION,12.23,0.05,15.0,692,0
45.0,female,Master,72728.0,22,RENT,25000.0,DEBTCONSOLIDATION,9.99,0.34,16.0,696,1
38.0,female,High School,240896.0,15,MORTGAGE,25000.0,PERSONAL,7.9,0.1,13.0,640,0
50.0,female,Associate,240876.0,31,RENT,7000.0,PERSONAL,10.99,0.03,15.0,676,0
37.0,male,Associate,240948.0,15,MORTGAGE,6000.0,DEBTCONSOLIDATION,5.42,0.02,14.0,627,0
39.0,female,Associate,241153.0,19,MORTGAGE,4800.0,PERSONAL,7.49,0.02,13.0,689,0
36.0,female,Associate,241150.0,15,MORTGAGE,14000.0,MEDICAL,7.49,0.06,15.0,618,0
37.0,male,High School,241002.0,15,MORTGAGE,25000.0,EDUCATION,15.57,0.1,14.0,579,0
36.0,female,Bachelor,240800.0,16,OWN,25000.0,HOMEIMPROVEMENT,15.2,0.1,13.0,707,0
41.0,male,High School,241503.0,20,MORTGAGE,1000.0,VENTURE,10.38,0.0,13.0,611,0
39.0,female,High School,241019.0,18,MORTGAGE,18000.0,EDUCATION,10.99,0.07,13.0,590,0
41.0,male,High School,80801.0,18,RENT,25000.0,EDUCATION,17.56,0.31,15.0,725,1
38.0,female,High School,240826.0,17,MORTGAGE,20000.0,PERSONAL,11.48,0.08,15.0,653,0
47.0,male,Associate,67887.0,26,RENT,25000.0,MEDICAL,11.01,0.37,13.0,658,1
44.0,male,High School,87472.0,20,RENT,25000.0,HOMEIMPROVEMENT,19.41,0.29,17.0,605,1
38.0,female,High School,231498.0,16,MORTGAGE,5600.0,HOMEIMPROVEMENT,7.9,0.02,14.0,661,0
37.0,male,High School,231922.0,14,MORTGAGE,25600.0,DEBTCONSOLIDATION,5.99,0.11,17.0,620,0
46.0,female,Associate,231159.0,21,MORTGAGE,25000.0,VENTURE,14.79,0.11,14.0,665,0
36.0,female,Doctorate,231135.0,13,OTHER,20000.0,VENTURE,11.48,0.09,17.0,688,0
44.0,female,Associate,229542.0,26,MORTGAGE,8000.0,PERSONAL,13.16,0.03,15.0,648,0
36.0,male,High School,18192.0,14,OWN,7000.0,DEBTCONSOLIDATION,5.42,0.38,16.0,694,1
36.0,female,Bachelor,210062.0,11,RENT,20000.0,VENTURE,17.04,0.1,16.0,685,1
37.0,male,High School,223839.0,18,OWN,3000.0,VENTURE,6.39,0.01,17.0,675,0
46.0,female,High School,223521.0,24,MORTGAGE,20000.0,VENTURE,11.36,0.09,15.0,708,0
43.0,female,Associate,216774.0,19,MORTGAGE,6000.0,HOMEIMPROVEMENT,14.27,0.03,17.0,663,0
42.0,male,Doctorate,18097.0,19,OWN,3500.0,MEDICAL,11.01,0.19,11.0,569,1
36.0,female,High School,216829.0,12,RENT,24000.0,EDUCATION,9.99,0.11,15.0,565,0
45.0,female,Associate,217025.0,24,MORTGAGE,10000.0,MEDICAL,5.99,0.05,11.0,708,0
49.0,male,Associate,172318.0,24,MORTGAGE,24000.0,MEDICAL,11.01,0.14,14.0,591,1
39.0,female,Associate,94734.0,16,RENT,25000.0,HOMEIMPROVEMENT,16.02,0.26,17.0,660,1
45.0,male,High School,100737.0,22,RENT,25000.0,EDUCATION,12.87,0.25,14.0,689,1
38.0,male,Associate,210811.0,14,MORTGAGE,21000.0,EDUCATION,9.99,0.1,14.0,590,0
37.0,male,High School,117692.0,19,RENT,25000.0,HOMEIMPROVEMENT,19.41,0.21,11.0,698,0
37.0,male,High School,106548.0,16,RENT,25000.0,PERSONAL,19.66,0.23,12.0,626,1
47.0,female,High School,108864.0,26,RENT,25000.0,VENTURE,15.65,0.23,17.0,630,1
37.0,male,Master,211043.0,12,RENT,15000.0,HOMEIMPROVEMENT,9.76,0.07,17.0,708,0
37.0,male,Associate,211146.0,15,MORTGAGE,6500.0,MEDICAL,13.35,0.03,17.0,699,0
37.0,female,Master,113863.0,16,RENT,25000.0,HOMEIMPROVEMENT,13.11,0.22,16.0,741,1
44.0,female,High School,207311.0,24,MORTGAGE,25000.0,VENTURE,9.62,0.12,11.0,600,0
41.0,female,High School,206452.0,14,MORTGAGE,25000.0,HOMEIMPROVEMENT,11.12,0.12,14.0,646,0
37.0,male,Associate,205043.0,14,MORTGAGE,25000.0,HOMEIMPROVEMENT,16.45,0.12,13.0,652,0
40.0,male,High School,118587.0,16,RENT,25000.0,DEBTCONSOLIDATION,19.04,0.21,16.0,584,1
46.0,female,Master,204842.0,21,MORTGAGE,7200.0,HOMEIMPROVEMENT,9.91,0.04,12.0,691,0
39.0,male,Associate,205054.0,14,MORTGAGE,32000.0,MEDICAL,7.49,0.16,13.0,647,0
36.0,male,Bachelor,124581.0,13,RENT,25000.0,VENTURE,12.53,0.2,15.0,529,1
38.0,female,High School,150371.0,18,RENT,25000.0,EDUCATION,13.06,0.17,13.0,720,0
39.0,female,High School,121238.0,17,RENT,25000.0,MEDICAL,15.7,0.21,16.0,572,1
36.0,male,Bachelor,174926.0,14,RENT,25000.0,MEDICAL,11.01,0.14,15.0,572,0
47.0,male,Associate,198785.0,26,MORTGAGE,19800.0,HOMEIMPROVEMENT,15.65,0.1,16.0,665,0
40.0,female,Associate,190794.0,19,RENT,25000.0,HOMEIMPROVEMENT,16.82,0.13,16.0,567,1
36.0,male,Associate,516892.0,18,RENT,25000.0,VENTURE,13.8,0.05,16.0,663,0
48.0,female,High School,20945.0,26,OWN,3300.0,HOMEIMPROVEMENT,10.99,0.16,14.0,668,1
37.0,male,Associate,192877.0,15,MORTGAGE,24000.0,PERSONAL,6.54,0.12,15.0,694,0
42.0,female,High School,83295.0,18,RENT,24250.0,MEDICAL,15.58,0.29,14.0,601,1
39.0,male,Bachelor,94548.0,19,RENT,24250.0,MEDICAL,16.0,0.26,13.0,601,1
40.0,female,Associate,151121.0,15,RENT,24250.0,DEBTCONSOLIDATION,11.01,0.16,17.0,653,0
50.0,female,High School,142680.0,25,RENT,24250.0,EDUCATION,13.92,0.17,12.0,630,1
40.0,male,Associate,55150.0,18,RENT,24000.0,EDUCATION,10.65,0.44,11.0,621,1
38.0,female,Associate,21423.0,14,MORTGAGE,4375.0,EDUCATION,7.51,0.2,17.0,527,1
39.0,male,Associate,67096.0,13,RENT,24000.0,DEBTCONSOLIDATION,12.53,0.36,15.0,592,1
38.0,female,Bachelor,72896.0,16,RENT,24000.0,PERSONAL,13.85,0.33,16.0,658,1
39.0,male,Master,22704.0,17,OWN,4375.0,MEDICAL,5.42,0.19,17.0,640,1
39.0,male,High School,81617.0,17,RENT,24000.0,VENTURE,15.31,0.29,11.0,709,1
38.0,male,High School,98472.0,17,RENT,24000.0,HOMEIMPROVEMENT,8.49,0.24,13.0,564,0
43.0,female,Associate,118110.0,24,RENT,24000.0,VENTURE,10.99,0.2,11.0,720,0
47.0,female,Bachelor,22873.0,26,MORTGAGE,3000.0,PERSONAL,5.42,0.13,12.0,678,1
48.0,female,Associate,156972.0,24,RENT,24000.0,EDUCATION,9.91,0.15,15.0,650,0
41.0,male,Doctorate,72894.0,17,RENT,23800.0,HOMEIMPROVEMENT,6.91,0.33,15.0,755,1
37.0,male,High School,47293.0,12,RENT,23500.0,EDUCATION,11.01,0.5,16.0,509,1
42.0,male,High School,81443.0,18,RENT,22400.0,MEDICAL,14.11,0.28,11.0,712,1
38.0,female,Bachelor,100459.0,16,RENT,22250.0,HOMEIMPROVEMENT,20.0,0.22,12.0,629,1
47.0,male,Master,46967.0,27,RENT,22000.0,MEDICAL,18.78,0.47,17.0,661,1
43.0,female,Master,87392.0,17,RENT,22000.0,EDUCATION,10.62,0.25,11.0,699,1
42.0,male,Doctorate,99557.0,18,RENT,22000.0,DEBTCONSOLIDATION,10.99,0.22,12.0,608,0
46.0,male,Associate,109827.0,25,RENT,22000.0,HOMEIMPROVEMENT,18.79,0.2,16.0,642,1
39.0,female,Associate,143808.0,15,RENT,22000.0,DEBTCONSOLIDATION,11.49,0.15,12.0,693,0
40.0,male,High School,201063.0,17,RENT,22000.0,VENTURE,10.99,0.11,13.0,591,0
48.0,male,Master,23868.0,28,OWN,7000.0,EDUCATION,11.01,0.29,12.0,747,1
37.0,female,Bachelor,49035.0,17,RENT,21250.0,VENTURE,12.99,0.43,16.0,654,1
36.0,male,Associate,51526.0,12,RENT,21000.0,EDUCATION,7.49,0.41,11.0,681,1
36.0,female,Master,71863.0,14,RENT,21000.0,MEDICAL,14.11,0.29,16.0,576,1
39.0,female,Associate,133027.0,18,RENT,21000.0,MEDICAL,11.11,0.16,16.0,695,0
39.0,male,Associate,24588.0,21,MORTGAGE,6000.0,MEDICAL,11.14,0.24,13.0,565,1
38.0,male,Master,240894.0,15,RENT,21000.0,HOMEIMPROVEMENT,10.37,0.09,11.0,566,0
39.0,female,Associate,58488.0,16,RENT,20500.0,MEDICAL,14.59,0.35,16.0,654,1
36.0,female,Bachelor,46506.0,11,RENT,20000.0,VENTURE,12.41,0.43,16.0,669,1
48.0,female,High School,48805.0,24,RENT,20000.0,VENTURE,7.49,0.41,12.0,687,1
45.0,male,Doctorate,45165.0,25,RENT,20000.0,HOMEIMPROVEMENT,11.71,0.44,15.0,579,1
36.0,male,Master,58605.0,14,RENT,20000.0,MEDICAL,13.61,0.34,14.0,503,1
37.0,male,High School,51012.0,15,RENT,20000.0,PERSONAL,14.25,0.39,17.0,632,1
50.0,female,Bachelor,53673.0,26,RENT,20000.0,MEDICAL,20.0,0.37,11.0,593,1
40.0,male,Associate,60495.0,17,RENT,20000.0,DEBTCONSOLIDATION,11.01,0.33,17.0,649,1
43.0,female,Associate,25238.0,19,OWN,5000.0,EDUCATION,7.14,0.2,15.0,704,0
40.0,male,Bachelor,56040.0,20,RENT,20000.0,DEBTCONSOLIDATION,14.61,0.36,11.0,704,1
39.0,female,High School,78884.0,18,RENT,20000.0,VENTURE,10.74,0.25,17.0,627,1
37.0,male,High School,79134.0,14,RENT,20000.0,HOMEIMPROVEMENT,16.71,0.25,17.0,635,1
39.0,female,Associate,87371.0,17,RENT,20000.0,MEDICAL,12.69,0.23,14.0,553,0
50.0,female,Doctorate,92903.0,29,RENT,20000.0,PERSONAL,11.99,0.22,17.0,730,0
36.0,male,Associate,27434.0,15,MORTGAGE,8000.0,EDUCATION,6.99,0.29,17.0,590,0
36.0,male,High School,124428.0,15,RENT,20000.0,DEBTCONSOLIDATION,13.79,0.16,17.0,545,0
38.0,male,Associate,132850.0,17,RENT,20000.0,HOMEIMPROVEMENT,6.91,0.15,13.0,600,0
41.0,female,Associate,133500.0,20,RENT,20000.0,HOMEIMPROVEMENT,6.91,0.15,16.0,572,0
41.0,male,High School,181078.0,20,RENT,20000.0,PERSONAL,19.47,0.11,15.0,620,0
39.0,female,Associate,180805.0,19,RENT,20000.0,HOMEIMPROVEMENT,10.08,0.11,17.0,635,0
45.0,male,High School,28432.0,25,OWN,7000.0,PERSONAL,7.29,0.25,15.0,714,0
40.0,female,Bachelor,208554.0,15,RENT,20000.0,DEBTCONSOLIDATION,11.01,0.1,13.0,706,0
42.0,male,High School,1067921.0,20,RENT,20000.0,EDUCATION,11.01,0.02,17.0,529,0
40.0,male,Master,28911.0,18,OWN,7750.0,MEDICAL,7.88,0.27,16.0,660,0
41.0,female,Associate,29165.0,18,OWN,10000.0,HOMEIMPROVEMENT,10.38,0.34,16.0,628,0
47.0,female,Doctorate,22823.0,23,RENT,1000.0,HOMEIMPROVEMENT,14.84,0.04,16.0,654,1
42.0,male,High School,181300.0,19,RENT,18400.0,MEDICAL,11.01,0.1,17.0,683,0
38.0,female,Associate,48932.0,14,RENT,18225.0,EDUCATION,12.42,0.37,17.0,625,1
42.0,female,Master,55147.0,24,RENT,18200.0,DEBTCONSOLIDATION,10.83,0.33,14.0,719,1
43.0,female,High School,44969.0,18,RENT,18000.0,PERSONAL,11.71,0.4,16.0,611,1
37.0,male,High School,52926.0,17,RENT,18000.0,VENTURE,8.88,0.34,16.0,722,1
43.0,male,Master,60933.0,21,RENT,18000.0,PERSONAL,14.35,0.3,16.0,705,1
45.0,female,High School,59340.0,26,RENT,18000.0,MEDICAL,13.85,0.3,15.0,568,1
40.0,female,Master,67232.0,17,RENT,18000.0,HOMEIMPROVEMENT,7.88,0.27,14.0,724,1
44.0,male,Bachelor,29677.0,21,MORTGAGE,7750.0,HOMEIMPROVEMENT,15.58,0.26,13.0,557,0
43.0,female,High School,76870.0,19,RENT,18000.0,MEDICAL,17.27,0.23,14.0,684,1
48.0,male,High School,100112.0,25,RENT,18000.0,HOMEIMPROVEMENT,7.51,0.18,16.0,611,0
47.0,female,High School,29778.0,23,MORTGAGE,5100.0,HOMEIMPROVEMENT,11.01,0.17,16.0,710,0
44.0,female,High School,29953.0,20,OWN,5000.0,EDUCATION,14.74,0.17,15.0,597,0
39.0,male,High School,202824.0,19,RENT,18000.0,HOMEIMPROVEMENT,17.93,0.09,11.0,689,1
50.0,female,Bachelor,102920.0,28,RENT,17500.0,HOMEIMPROVEMENT,13.49,0.17,17.0,653,0
49.0,female,Bachelor,85030.0,25,RENT,17000.0,EDUCATION,11.71,0.2,16.0,693,0
46.0,female,Associate,87268.0,26,RENT,17000.0,PERSONAL,8.88,0.19,15.0,573,0
42.0,male,Associate,90990.0,22,RENT,17000.0,MEDICAL,7.9,0.19,15.0,558,0
49.0,female,High School,104625.0,26,RENT,16875.0,PERSONAL,7.51,0.16,14.0,657,0
43.0,female,High School,30948.0,23,MORTGAGE,10000.0,EDUCATION,9.62,0.32,17.0,678,0
48.0,male,Master,111439.0,23,RENT,16500.0,DEBTCONSOLIDATION,12.69,0.15,15.0,630,0
36.0,female,Doctorate,44266.0,17,RENT,16000.0,PERSONAL,8.9,0.36,17.0,663,1
44.0,male,High School,44211.0,20,RENT,16000.0,PERSONAL,11.49,0.36,13.0,610,1
50.0,female,Bachelor,61500.0,24,RENT,16000.0,PERSONAL,7.9,0.26,17.0,663,1
42.0,male,Associate,66014.0,21,RENT,16000.0,DEBTCONSOLIDATION,12.87,0.24,14.0,711,1
48.0,female,Doctorate,86302.0,23,RENT,16000.0,PERSONAL,9.25,0.19,17.0,650,0
49.0,male,High School,83706.0,27,RENT,16000.0,HOMEIMPROVEMENT,14.96,0.19,12.0,692,1
42.0,male,Associate,27464.0,20,RENT,1000.0,DEBTCONSOLIDATION,7.29,0.04,13.0,675,0
38.0,male,High School,30807.0,20,RENT,1000.0,EDUCATION,8.0,0.03,16.0,656,0
46.0,male,Master,42945.0,23,RENT,1000.0,VENTURE,7.9,0.02,12.0,633,0
41.0,female,Associate,32925.0,21,MORTGAGE,10300.0,PERSONAL,16.29,0.31,14.0,661,1
45.0,male,Bachelor,47061.0,22,RENT,1000.0,DEBTCONSOLIDATION,14.72,0.02,12.0,706,0
40.0,female,Associate,48924.0,19,RENT,1000.0,EDUCATION,15.23,0.02,14.0,582,0
38.0,male,Associate,73546.0,17,RENT,1000.0,PERSONAL,9.45,0.01,17.0,653,0
41.0,male,Associate,33032.0,18,MORTGAGE,6000.0,DEBTCONSOLIDATION,12.21,0.18,16.0,507,1
44.0,female,Associate,33180.0,22,MORTGAGE,6200.0,DEBTCONSOLIDATION,6.03,0.19,16.0,691,0
45.0,male,Associate,33084.0,21,OWN,4000.0,MEDICAL,7.88,0.12,12.0,577,0
44.0,male,Bachelor,21033.0,23,RENT,1200.0,DEBTCONSOLIDATION,7.66,0.06,14.0,657,0
41.0,male,Associate,69596.0,18,RENT,1200.0,PERSONAL,15.99,0.02,12.0,708,0
45.0,female,High School,33430.0,20,MORTGAGE,6000.0,PERSONAL,5.99,0.18,13.0,649,1
48.0,female,High School,35430.0,26,RENT,1500.0,MEDICAL,7.51,0.04,15.0,596,0
50.0,female,Associate,35408.0,26,RENT,1500.0,PERSONAL,10.39,0.04,15.0,704,1
42.0,female,Associate,43092.0,21,RENT,1500.0,MEDICAL,7.37,0.03,12.0,692,0
41.0,male,Bachelor,43489.0,21,RENT,1500.0,VENTURE,12.87,0.03,14.0,715,0
41.0,male,Master,39621.0,15,RENT,1500.0,HOMEIMPROVEMENT,14.74,0.04,17.0,702,1
48.0,male,High School,41204.0,22,RENT,1500.0,HOMEIMPROVEMENT,14.74,0.04,11.0,627,1
43.0,male,Doctorate,62757.0,22,RENT,1500.0,VENTURE,11.86,0.02,11.0,696,0
45.0,female,Bachelor,63513.0,24,RENT,1500.0,MEDICAL,8.94,0.02,13.0,674,0
48.0,female,High School,34748.0,22,MORTGAGE,7500.0,HOMEIMPROVEMENT,7.74,0.22,16.0,673,0
41.0,male,Associate,76680.0,19,RENT,1500.0,PERSONAL,8.0,0.02,17.0,536,0
45.0,female,Associate,90464.0,22,RENT,1500.0,MEDICAL,13.61,0.02,13.0,710,0
38.0,male,Bachelor,97036.0,14,RENT,1500.0,EDUCATION,11.49,0.02,16.0,503,0
44.0,female,Associate,33160.0,22,RENT,1700.0,EDUCATION,6.99,0.05,15.0,708,0
49.0,male,Master,35683.0,27,MORTGAGE,12000.0,MEDICAL,11.01,0.34,16.0,645,0
48.0,male,Associate,19058.0,26,RENT,2000.0,DEBTCONSOLIDATION,12.84,0.1,14.0,667,0
47.0,female,Master,22693.0,24,RENT,2000.0,EDUCATION,7.29,0.09,11.0,680,0
48.0,male,High School,24526.0,26,RENT,2000.0,PERSONAL,13.47,0.08,12.0,508,0
42.0,female,Associate,25540.0,18,RENT,2000.0,PERSONAL,20.0,0.08,13.0,713,0
46.0,male,Associate,35456.0,25,MORTGAGE,10000.0,PERSONAL,11.58,0.28,11.0,577,0
48.0,male,Bachelor,37097.0,28,MORTGAGE,2100.0,HOMEIMPROVEMENT,12.42,0.06,14.0,701,0
44.0,male,Associate,123674.0,24,RENT,15000.0,MEDICAL,8.94,0.12,12.0,623,0
46.0,male,Bachelor,123209.0,19,RENT,15000.0,PERSONAL,13.22,0.12,17.0,716,0
44.0,male,High School,130571.0,23,RENT,15000.0,MEDICAL,13.57,0.11,12.0,568,0
39.0,male,Associate,37327.0,19,MORTGAGE,10375.0,EDUCATION,8.9,0.28,13.0,699,0
38.0,male,High School,270988.0,14,RENT,15000.0,EDUCATION,15.62,0.06,17.0,571,0
37.0,male,Bachelor,634797.0,15,RENT,15000.0,VENTURE,11.01,0.02,12.0,747,0
48.0,female,Associate,39842.0,28,RENT,2000.0,VENTURE,17.27,0.05,16.0,652,1
45.0,male,Associate,37619.0,22,MORTGAGE,1000.0,MEDICAL,15.23,0.03,11.0,689,0
43.0,male,Associate,72723.0,19,RENT,2000.0,DEBTCONSOLIDATION,12.53,0.03,17.0,697,0
44.0,female,Bachelor,79027.0,23,RENT,2000.0,MEDICAL,7.9,0.03,14.0,651,0
43.0,female,Associate,84085.0,25,RENT,2000.0,DEBTCONSOLIDATION,8.9,0.02,17.0,676,0
36.0,female,Associate,447300.0,16,RENT,2000.0,DEBTCONSOLIDATION,11.01,0.0,14.0,638,1
39.0,male,Bachelor,41724.0,16,RENT,14000.0,HOMEIMPROVEMENT,17.58,0.34,16.0,740,1
46.0,female,Bachelor,37057.0,25,MORTGAGE,3050.0,VENTURE,7.88,0.08,14.0,650,0
49.0,female,Associate,19237.0,24,RENT,2400.0,EDUCATION,9.91,0.12,17.0,607,1
47.0,male,Associate,37113.0,23,OWN,8000.0,EDUCATION,11.01,0.22,17.0,591,0
44.0,female,Bachelor,121035.0,21,RENT,13500.0,EDUCATION,8.9,0.11,17.0,600,0
39.0,male,Bachelor,242263.0,16,RENT,13500.0,VENTURE,11.49,0.06,14.0,605,0
40.0,female,High School,76433.0,20,RENT,13050.0,HOMEIMPROVEMENT,11.48,0.17,15.0,539,0
42.0,female,Master,44235.0,15,RENT,13000.0,MEDICAL,12.73,0.29,16.0,706,1
45.0,male,Associate,27752.0,25,RENT,2500.0,VENTURE,5.99,0.09,11.0,614,0
42.0,male,Bachelor,39655.0,19,RENT,2500.0,DEBTCONSOLIDATION,7.49,0.06,17.0,739,1
47.0,male,High School,58536.0,26,RENT,2500.0,MEDICAL,14.65,0.04,17.0,659,0
39.0,male,High School,71669.0,17,RENT,2500.0,PERSONAL,18.78,0.03,13.0,656,1
47.0,female,Associate,87173.0,24,RENT,2500.0,VENTURE,15.05,0.03,11.0,616,0
44.0,female,High School,142342.0,21,RENT,2500.0,MEDICAL,7.29,0.02,11.0,657,1
48.0,male,Doctorate,39711.0,23,MORTGAGE,15000.0,MEDICAL,9.63,0.38,17.0,723,0
40.0,female,High School,26927.0,16,RENT,3000.0,HOMEIMPROVEMENT,14.09,0.11,13.0,508,1
47.0,female,High School,37154.0,24,RENT,3000.0,PERSONAL,12.23,0.08,16.0,564,0
41.0,male,High School,40562.0,18,OWN,1000.0,MEDICAL,7.29,0.02,17.0,642,0
42.0,male,Associate,46911.0,23,RENT,3000.0,MEDICAL,17.56,0.06,15.0,636,1
36.0,female,Master,41155.0,14,OWN,15000.0,VENTURE,18.39,0.36,16.0,704,0
47.0,male,High School,41163.0,21,MORTGAGE,10000.0,PERSONAL,5.42,0.24,12.0,556,0
47.0,female,Associate,41671.0,25,MORTGAGE,7000.0,PERSONAL,7.49,0.17,13.0,620,0
47.0,male,Bachelor,63290.0,24,RENT,12000.0,EDUCATION,11.99,0.19,14.0,651,0
38.0,male,High School,41719.0,17,OWN,11000.0,HOMEIMPROVEMENT,13.98,0.26,17.0,564,0
43.0,male,Associate,41724.0,20,MORTGAGE,9800.0,HOMEIMPROVEMENT,11.01,0.23,17.0,684,0
43.0,male,Master,65706.0,24,RENT,3000.0,DEBTCONSOLIDATION,8.94,0.05,14.0,746,0
50.0,female,Associate,79178.0,27,RENT,3000.0,VENTURE,10.99,0.04,14.0,490,0
44.0,female,High School,96092.0,23,RENT,3000.0,HOMEIMPROVEMENT,5.79,0.03,11.0,632,0
41.0,male,High School,102867.0,21,RENT,3000.0,PERSONAL,13.49,0.03,17.0,632,0
39.0,female,High School,432824.0,16,RENT,3000.0,PERSONAL,11.48,0.01,12.0,650,0
47.0,female,Associate,78803.0,27,RENT,3100.0,DEBTCONSOLIDATION,13.49,0.04,12.0,661,0
41.0,male,Bachelor,43295.0,19,MORTGAGE,1500.0,PERSONAL,10.38,0.03,16.0,570,0
42.0,female,Bachelor,42923.0,18,OWN,2000.0,PERSONAL,7.37,0.05,14.0,719,0
49.0,female,High School,28851.0,25,RENT,3250.0,PERSONAL,15.21,0.11,12.0,681,0
43.0,male,High School,150908.0,25,RENT,3250.0,EDUCATION,7.49,0.02,16.0,700,0
45.0,female,Associate,43265.0,24,MORTGAGE,10000.0,DEBTCONSOLIDATION,11.01,0.23,17.0,686,0
48.0,male,Doctorate,43036.0,25,MORTGAGE,3300.0,PERSONAL,6.39,0.08,13.0,742,0
43.0,female,Doctorate,43444.0,22,MORTGAGE,10000.0,MEDICAL,10.25,0.23,13.0,724,0
48.0,male,Associate,44289.0,26,OWN,8000.0,VENTURE,6.99,0.18,15.0,594,0
44.0,male,Bachelor,36859.0,24,MORTGAGE,4500.0,DEBTCONSOLIDATION,15.62,0.12,15.0,664,1
44.0,male,High School,44532.0,20,MORTGAGE,12000.0,HOMEIMPROVEMENT,13.99,0.27,12.0,709,0
38.0,male,High School,44433.0,16,MORTGAGE,18000.0,VENTURE,10.38,0.41,13.0,697,0
44.0,male,High School,44192.0,22,MORTGAGE,1000.0,EDUCATION,7.51,0.02,14.0,541,0
44.0,male,High School,44321.0,22,MORTGAGE,1000.0,VENTURE,11.48,0.02,15.0,647,0
46.0,male,High School,73371.0,25,RENT,11000.0,DEBTCONSOLIDATION,9.91,0.15,13.0,595,0
44.0,male,Associate,74202.0,22,RENT,11000.0,DEBTCONSOLIDATION,16.02,0.15,15.0,707,1
44.0,female,Master,150663.0,19,RENT,10875.0,PERSONAL,7.14,0.07,14.0,712,0
44.0,male,Associate,43059.0,26,RENT,10825.0,DEBTCONSOLIDATION,10.65,0.25,12.0,702,1
47.0,female,High School,68467.0,26,RENT,10800.0,VENTURE,10.36,0.16,11.0,614,0
40.0,male,Associate,35760.0,17,RENT,10500.0,PERSONAL,7.51,0.29,16.0,610,1
47.0,female,Doctorate,45169.0,24,MORTGAGE,7400.0,PERSONAL,8.0,0.16,13.0,727,0
43.0,female,Master,44050.0,23,RENT,10400.0,PERSONAL,7.66,0.24,14.0,715,0
43.0,male,High School,109118.0,21,RENT,10400.0,DEBTCONSOLIDATION,11.49,0.1,14.0,573,0
46.0,female,High School,66163.0,24,RENT,3600.0,PERSONAL,10.0,0.05,14.0,693,0
41.0,male,Master,38175.0,22,RENT,3700.0,MEDICAL,16.32,0.1,17.0,632,1
46.0,male,Associate,168702.0,26,RENT,3725.0,VENTURE,11.01,0.02,17.0,727,0
50.0,male,Bachelor,45168.0,27,RENT,3800.0,DEBTCONSOLIDATION,12.53,0.08,15.0,648,0
45.0,male,High School,24255.0,24,RENT,4000.0,VENTURE,10.0,0.16,15.0,665,1
50.0,female,Associate,23698.0,27,RENT,4000.0,EDUCATION,11.01,0.17,12.0,721,1
41.0,male,Doctorate,26727.0,23,RENT,4000.0,MEDICAL,7.51,0.15,14.0,737,0
45.0,male,Master,46656.0,24,MORTGAGE,8400.0,PERSONAL,12.18,0.18,11.0,721,0
45.0,male,Bachelor,38539.0,24,RENT,4000.0,PERSONAL,14.96,0.1,17.0,697,0
47.0,male,Master,47919.0,26,MORTGAGE,5600.0,EDUCATION,8.59,0.12,11.0,658,0
46.0,female,High School,40759.0,25,MORTGAGE,12000.0,MEDICAL,11.01,0.29,14.0,634,1
48.0,female,High School,60715.0,28,RENT,4000.0,EDUCATION,7.68,0.07,11.0,647,0
42.0,female,Associate,48939.0,19,MORTGAGE,2500.0,HOMEIMPROVEMENT,5.42,0.05,12.0,713,0
41.0,female,Bachelor,49018.0,17,MORTGAGE,1200.0,VENTURE,15.21,0.02,16.0,726,0
49.0,male,High School,104432.0,27,RENT,4000.0,MEDICAL,11.01,0.04,17.0,708,0
44.0,male,High School,49399.0,23,MORTGAGE,8000.0,VENTURE,6.62,0.16,13.0,726,0
39.0,male,Associate,48948.0,18,OWN,15000.0,HOMEIMPROVEMENT,5.42,0.31,13.0,696,0
39.0,male,Associate,49049.0,20,OWN,1000.0,VENTURE,10.37,0.02,16.0,563,0
45.0,female,Bachelor,39357.0,25,RENT,4500.0,PERSONAL,7.51,0.11,12.0,708,0
46.0,male,High School,48824.0,24,MORTGAGE,12000.0,EDUCATION,6.91,0.25,11.0,667,0
44.0,male,High School,43471.0,16,RENT,4500.0,DEBTCONSOLIDATION,14.59,0.1,11.0,455,1
43.0,male,High School,81547.0,19,RENT,4500.0,MEDICAL,5.42,0.06,13.0,590,0
50.0,female,Master,43578.0,28,RENT,4600.0,MEDICAL,12.23,0.11,13.0,677,0
50.0,male,Associate,49258.0,32,OWN,8000.0,HOMEIMPROVEMENT,7.88,0.16,14.0,666,0
47.0,male,Associate,49136.0,22,MORTGAGE,6000.0,PERSONAL,7.74,0.12,11.0,603,0
43.0,male,Associate,48824.0,19,MORTGAGE,18000.0,MEDICAL,11.83,0.37,15.0,613,0
46.0,male,Associate,49752.0,23,OWN,4000.0,EDUCATION,11.71,0.08,17.0,618,0
42.0,male,Bachelor,49638.0,21,MORTGAGE,10400.0,DEBTCONSOLIDATION,7.51,0.21,14.0,705,0
46.0,male,High School,72899.0,24,RENT,4800.0,MEDICAL,12.12,0.07,16.0,671,0
49.0,female,High School,97223.0,27,RENT,4800.0,HOMEIMPROVEMENT,7.88,0.05,15.0,547,0
48.0,female,Associate,111685.0,25,RENT,4800.0,PERSONAL,7.88,0.04,17.0,701,0
39.0,male,Master,101281.0,15,RENT,10000.0,EDUCATION,16.4,0.1,14.0,733,1
49.0,female,High School,139059.0,25,RENT,10000.0,PERSONAL,10.37,0.07,17.0,608,0
40.0,female,Associate,51404.0,17,MORTGAGE,18000.0,MEDICAL,5.79,0.35,14.0,707,0
49.0,male,Master,51204.0,28,MORTGAGE,8000.0,EDUCATION,7.14,0.16,15.0,529,0
47.0,male,Associate,151897.0,23,RENT,10000.0,MEDICAL,6.91,0.07,17.0,662,0
47.0,male,Master,168908.0,24,RENT,10000.0,VENTURE,11.01,0.06,13.0,708,0
42.0,male,High School,51612.0,22,OWN,12000.0,VENTURE,6.03,0.23,15.0,636,0
49.0,female,Master,51589.0,26,MORTGAGE,3000.0,MEDICAL,8.9,0.06,15.0,743,0
36.0,male,High School,200240.0,17,RENT,10000.0,MEDICAL,7.88,0.05,17.0,696,0
43.0,male,Bachelor,51505.0,21,MORTGAGE,7775.0,MEDICAL,5.99,0.15,16.0,657,0
47.0,male,Master,35328.0,23,RENT,5000.0,EDUCATION,5.42,0.14,15.0,670,0
44.0,male,Associate,37076.0,22,RENT,5000.0,VENTURE,13.98,0.13,11.0,730,0
44.0,male,Bachelor,51835.0,19,MORTGAGE,13200.0,MEDICAL,6.17,0.25,14.0,609,0
50.0,male,Bachelor,37028.0,28,RENT,5000.0,VENTURE,12.84,0.14,15.0,703,0
43.0,female,Associate,51164.0,20,MORTGAGE,20000.0,VENTURE,11.01,0.39,13.0,614,0
50.0,male,Bachelor,51334.0,29,MORTGAGE,10000.0,HOMEIMPROVEMENT,14.84,0.19,13.0,631,0
50.0,male,Bachelor,41760.0,30,RENT,5000.0,VENTURE,5.79,0.12,12.0,613,0
49.0,male,Associate,51301.0,27,MORTGAGE,16750.0,EDUCATION,10.99,0.33,12.0,580,0
50.0,male,Bachelor,44140.0,26,RENT,5000.0,VENTURE,10.37,0.11,16.0,617,0
39.0,male,Associate,45392.0,16,RENT,5000.0,PERSONAL,11.01,0.11,17.0,508,0
45.0,male,Associate,51711.0,27,MORTGAGE,7475.0,VENTURE,13.49,0.14,15.0,672,0
48.0,female,Associate,44952.0,28,MORTGAGE,15000.0,HOMEIMPROVEMENT,12.69,0.33,16.0,591,1
42.0,male,Bachelor,48949.0,20,RENT,5000.0,MEDICAL,6.17,0.1,12.0,743,0
48.0,male,High School,50434.0,27,RENT,5000.0,MEDICAL,7.29,0.1,16.0,602,0
43.0,male,High School,52602.0,23,MORTGAGE,15000.0,MEDICAL,8.88,0.29,12.0,682,0
38.0,female,High School,48157.0,18,RENT,5000.0,EDUCATION,17.74,0.1,17.0,635,1
41.0,male,Associate,52607.0,19,OWN,22800.0,VENTURE,12.21,0.43,11.0,651,0
50.0,male,Master,50500.0,26,RENT,5000.0,DEBTCONSOLIDATION,15.31,0.1,16.0,712,1
47.0,female,High School,52745.0,22,MORTGAGE,13750.0,HOMEIMPROVEMENT,14.84,0.26,13.0,622,0
47.0,male,Associate,85012.0,25,RENT,9000.0,EDUCATION,12.87,0.11,14.0,658,0
47.0,female,Master,54005.0,25,OWN,4000.0,HOMEIMPROVEMENT,11.14,0.07,16.0,638,0
47.0,female,Bachelor,293584.0,20,RENT,9000.0,HOMEIMPROVEMENT,13.61,0.03,11.0,679,0
41.0,female,High School,37031.0,20,RENT,8875.0,MEDICAL,5.42,0.24,15.0,657,0
42.0,male,High School,39907.0,19,RENT,8875.0,DEBTCONSOLIDATION,16.29,0.22,16.0,673,1
41.0,male,High School,46469.0,18,RENT,8875.0,MEDICAL,19.03,0.19,11.0,603,0
46.0,male,Master,54748.0,22,MORTGAGE,6000.0,PERSONAL,13.67,0.11,12.0,706,0
48.0,male,Doctorate,39247.0,24,RENT,8800.0,MEDICAL,15.62,0.22,11.0,597,1
45.0,male,Associate,54847.0,24,MORTGAGE,15625.0,PERSONAL,8.9,0.28,13.0,591,0
47.0,female,High School,55032.0,25,OWN,11200.0,MEDICAL,6.62,0.2,12.0,661,0
48.0,male,Associate,60801.0,24,RENT,5000.0,HOMEIMPROVEMENT,11.49,0.08,12.0,742,0
45.0,male,High School,54811.0,22,MORTGAGE,14000.0,HOMEIMPROVEMENT,6.62,0.26,12.0,672,0
39.0,male,Associate,37125.0,16,RENT,8450.0,VENTURE,5.99,0.23,16.0,525,0
42.0,male,High School,2448661.0,16,RENT,8450.0,VENTURE,12.29,0.0,15.0,635,0
46.0,female,Master,54825.0,23,MORTGAGE,12250.0,MEDICAL,6.54,0.22,16.0,691,0
50.0,male,Associate,67201.0,26,RENT,5000.0,DEBTCONSOLIDATION,13.47,0.07,14.0,660,0
43.0,male,High School,55119.0,21,OWN,2000.0,MEDICAL,11.49,0.04,17.0,646,0
39.0,male,High School,55190.0,18,MORTGAGE,12000.0,DEBTCONSOLIDATION,14.72,0.22,15.0,476,0
41.0,female,Associate,73109.0,17,RENT,5000.0,PERSONAL,5.42,0.07,17.0,658,0
50.0,male,High School,90968.0,27,RENT,5000.0,VENTURE,13.23,0.05,15.0,608,0
50.0,male,Bachelor,55772.0,26,MORTGAGE,5000.0,PERSONAL,7.9,0.09,16.0,687,0
40.0,female,High School,56039.0,22,MORTGAGE,7000.0,HOMEIMPROVEMENT,6.62,0.12,17.0,660,0
36.0,male,Associate,55879.0,17,MORTGAGE,10000.0,MEDICAL,13.49,0.18,16.0,507,0
41.0,male,Bachelor,109235.0,21,RENT,5000.0,VENTURE,14.26,0.05,13.0,702,0
44.0,male,High School,118400.0,21,RENT,5000.0,HOMEIMPROVEMENT,15.96,0.04,13.0,683,0
43.0,female,Associate,119326.0,22,RENT,5000.0,VENTURE,14.84,0.04,14.0,651,0
50.0,male,High School,56099.0,29,MORTGAGE,8600.0,EDUCATION,14.09,0.15,12.0,653,0
36.0,male,Associate,18005.0,16,RENT,5500.0,EDUCATION,17.56,0.31,11.0,677,1
41.0,male,Master,26391.0,18,RENT,5500.0,MEDICAL,5.79,0.21,14.0,662,0
47.0,male,Master,57577.0,23,MORTGAGE,7500.0,PERSONAL,6.62,0.13,12.0,683,0
43.0,male,Doctorate,58727.0,23,RENT,5500.0,MEDICAL,12.61,0.09,17.0,756,0
46.0,male,Associate,57581.0,21,MORTGAGE,6000.0,PERSONAL,7.14,0.1,15.0,574,0
46.0,male,High School,72993.0,28,RENT,5500.0,PERSONAL,14.22,0.08,17.0,563,0
44.0,male,Master,76897.0,24,RENT,5500.0,MEDICAL,7.51,0.07,13.0,685,0
38.0,female,Master,205089.0,15,RENT,5500.0,VENTURE,11.01,0.03,13.0,722,0
46.0,male,Master,58618.0,24,OWN,27175.0,VENTURE,8.49,0.46,13.0,659,0
45.0,male,Bachelor,88565.0,23,RENT,5600.0,EDUCATION,15.27,0.06,11.0,584,1
43.0,female,Associate,58357.0,22,MORTGAGE,10400.0,VENTURE,5.99,0.18,17.0,593,0
44.0,male,Associate,58235.0,24,MORTGAGE,5000.0,DEBTCONSOLIDATION,9.99,0.09,15.0,498,0
42.0,female,High School,102828.0,21,RENT,5750.0,VENTURE,12.99,0.06,15.0,540,0
48.0,male,Bachelor,47999.0,28,RENT,5800.0,MEDICAL,14.54,0.12,15.0,606,1
38.0,male,High School,58336.0,14,MORTGAGE,6200.0,PERSONAL,7.29,0.11,14.0,499,0
48.0,female,Master,53545.0,26,RENT,5850.0,MEDICAL,9.99,0.11,13.0,741,0
44.0,male,Bachelor,143826.0,20,RENT,5900.0,DEBTCONSOLIDATION,6.17,0.04,14.0,650,0
47.0,male,High School,58753.0,20,MORTGAGE,16750.0,MEDICAL,10.62,0.29,12.0,582,0
48.0,male,Associate,51736.0,25,MORTGAGE,14400.0,DEBTCONSOLIDATION,12.87,0.28,17.0,724,1
44.0,male,Master,58638.0,21,MORTGAGE,17500.0,DEBTCONSOLIDATION,12.18,0.3,15.0,605,0
46.0,female,Associate,58915.0,24,MORTGAGE,9600.0,PERSONAL,11.01,0.16,17.0,647,0
50.0,male,Associate,44399.0,29,RENT,6000.0,MEDICAL,11.01,0.14,11.0,712,0
44.0,male,Associate,59881.0,24,MORTGAGE,3600.0,VENTURE,16.29,0.06,14.0,675,0
43.0,female,Master,60747.0,18,MORTGAGE,16000.0,PERSONAL,13.49,0.26,13.0,706,0
44.0,male,Doctorate,52771.0,23,RENT,6000.0,MEDICAL,5.42,0.11,11.0,669,0
39.0,male,Doctorate,51260.0,18,RENT,6000.0,PERSONAL,17.58,0.12,12.0,550,1
44.0,male,Bachelor,61058.0,26,MORTGAGE,6000.0,DEBTCONSOLIDATION,11.99,0.1,17.0,629,0
47.0,male,Associate,63096.0,25,RENT,6000.0,PERSONAL,10.99,0.1,16.0,685,0
45.0,female,High School,66581.0,23,RENT,6000.0,MEDICAL,11.01,0.09,17.0,621,0
48.0,female,Bachelor,59975.0,25,RENT,6000.0,EDUCATION,14.09,0.1,11.0,565,1
37.0,male,Bachelor,61151.0,13,MORTGAGE,20000.0,EDUCATION,6.17,0.33,12.0,704,0
48.0,male,High School,71782.0,25,RENT,6000.0,EDUCATION,5.99,0.08,12.0,604,0
49.0,male,High School,60930.0,28,MORTGAGE,15850.0,PERSONAL,14.26,0.26,17.0,689,0
48.0,male,Associate,80110.0,27,RENT,6000.0,VENTURE,11.89,0.07,11.0,579,0
47.0,male,High School,84913.0,24,RENT,6000.0,HOMEIMPROVEMENT,8.49,0.07,12.0,688,0
44.0,male,Bachelor,85268.0,19,RENT,6000.0,DEBTCONSOLIDATION,5.79,0.07,16.0,537,0
49.0,male,High School,60899.0,25,MORTGAGE,10000.0,DEBTCONSOLIDATION,9.07,0.16,15.0,684,0
43.0,male,High School,87348.0,23,RENT,6000.0,MEDICAL,12.42,0.07,17.0,624,0
50.0,male,Associate,68295.0,25,RENT,6000.0,MEDICAL,16.49,0.09,14.0,682,1
36.0,male,High School,96917.0,18,RENT,6000.0,HOMEIMPROVEMENT,12.87,0.06,16.0,469,0
48.0,male,High School,60864.0,25,OTHER,10400.0,MEDICAL,11.58,0.17,11.0,609,0
46.0,male,Bachelor,127099.0,20,RENT,6000.0,EDUCATION,7.14,0.05,16.0,617,0
42.0,male,High School,132624.0,22,RENT,6000.0,MEDICAL,8.9,0.05,14.0,701,0
42.0,female,Associate,192974.0,21,RENT,6000.0,VENTURE,10.65,0.03,17.0,680,0
42.0,male,Associate,62219.0,14,OWN,18000.0,VENTURE,9.91,0.29,13.0,553,0
42.0,male,High School,62353.0,21,MORTGAGE,20000.0,DEBTCONSOLIDATION,8.49,0.32,14.0,671,0
40.0,female,High School,53863.0,18,RENT,6200.0,MEDICAL,5.42,0.12,17.0,722,0
43.0,female,Associate,41227.0,19,RENT,6225.0,PERSONAL,14.79,0.15,17.0,712,0
48.0,male,Associate,70291.0,27,RENT,7000.0,HOMEIMPROVEMENT,13.61,0.1,12.0,675,0
50.0,male,Associate,62984.0,28,OWN,10875.0,VENTURE,7.49,0.17,14.0,663,0
46.0,female,Associate,62512.0,25,MORTGAGE,10000.0,PERSONAL,7.51,0.16,17.0,628,0
47.0,male,High School,63332.0,23,MORTGAGE,12000.0,MEDICAL,7.29,0.19,16.0,654,0
43.0,female,Bachelor,211614.0,19,RENT,7000.0,HOMEIMPROVEMENT,5.99,0.03,12.0,688,0
37.0,male,Doctorate,18468.0,18,RENT,6950.0,PERSONAL,7.66,0.38,13.0,640,1
47.0,male,Doctorate,38638.0,23,RENT,6500.0,VENTURE,9.32,0.17,16.0,672,0
45.0,male,Associate,63731.0,25,MORTGAGE,14000.0,EDUCATION,11.01,0.22,16.0,648,0
41.0,male,High School,63791.0,20,MORTGAGE,1500.0,DEBTCONSOLIDATION,8.32,0.02,14.0,587,0
42.0,female,Associate,63584.0,19,MORTGAGE,21000.0,HOMEIMPROVEMENT,10.38,0.33,13.0,674,0
46.0,male,Bachelor,64475.0,21,MORTGAGE,2800.0,MEDICAL,6.76,0.04,14.0,700,0
45.0,female,Doctorate,24085.0,22,RENT,6700.0,HOMEIMPROVEMENT,12.92,0.28,15.0,735,1
42.0,male,Doctorate,26011.0,20,RENT,6400.0,VENTURE,11.14,0.25,14.0,614,0
47.0,female,Bachelor,65383.0,27,MORTGAGE,15000.0,VENTURE,11.71,0.23,17.0,646,0
48.0,female,High School,65937.0,26,MORTGAGE,2000.0,HOMEIMPROVEMENT,5.99,0.03,16.0,666,0
43.0,male,High School,97077.0,23,RENT,6400.0,HOMEIMPROVEMENT,11.71,0.07,11.0,551,0
39.0,female,High School,65825.0,16,MORTGAGE,25000.0,PERSONAL,11.49,0.38,16.0,618,0
46.0,female,High School,65966.0,24,MORTGAGE,4500.0,VENTURE,11.49,0.07,14.0,692,0
36.0,male,Associate,66472.0,12,MORTGAGE,20500.0,VENTURE,6.91,0.31,17.0,618,0
47.0,female,High School,67044.0,24,MORTGAGE,9000.0,MEDICAL,10.38,0.13,16.0,656,0
43.0,male,Associate,67088.0,17,MORTGAGE,10000.0,VENTURE,6.03,0.15,17.0,610,0
45.0,male,Associate,59682.0,25,OWN,24250.0,MEDICAL,19.03,0.41,11.0,659,1
41.0,female,High School,67060.0,19,MORTGAGE,9000.0,PERSONAL,5.99,0.13,17.0,601,0
46.0,male,Bachelor,67063.0,24,MORTGAGE,15000.0,VENTURE,10.37,0.22,11.0,681,0
41.0,male,Associate,71026.0,21,RENT,7150.0,PERSONAL,15.99,0.1,16.0,701,1
44.0,male,Doctorate,66699.0,22,MORTGAGE,5000.0,EDUCATION,7.51,0.07,11.0,567,0
38.0,male,High School,29770.0,15,RENT,7200.0,MEDICAL,10.65,0.24,14.0,490,0
48.0,female,High School,66983.0,27,MORTGAGE,10000.0,HOMEIMPROVEMENT,11.01,0.15,11.0,734,0
42.0,male,High School,48981.0,20,RENT,7200.0,DEBTCONSOLIDATION,10.75,0.15,17.0,563,0
39.0,male,Master,60791.0,19,MORTGAGE,12600.0,DEBTCONSOLIDATION,16.89,0.21,15.0,729,1
48.0,male,Master,68371.0,26,MORTGAGE,15000.0,DEBTCONSOLIDATION,6.99,0.22,14.0,629,0
43.0,male,Master,24111.0,20,RENT,7500.0,HOMEIMPROVEMENT,9.01,0.31,11.0,589,1
43.0,female,Associate,69316.0,22,MORTGAGE,2725.0,EDUCATION,11.01,0.04,12.0,724,0
44.0,male,Associate,58915.0,21,RENT,7500.0,MEDICAL,11.49,0.13,15.0,717,0
50.0,female,High School,60770.0,24,RENT,7500.0,HOMEIMPROVEMENT,11.01,0.12,16.0,710,0
42.0,male,Bachelor,70453.0,22,RENT,7500.0,DEBTCONSOLIDATION,12.99,0.11,17.0,693,0
46.0,male,High School,69838.0,25,MORTGAGE,9000.0,DEBTCONSOLIDATION,6.92,0.13,14.0,545,0
50.0,female,High School,83271.0,30,RENT,7500.0,VENTURE,10.33,0.09,15.0,685,0
48.0,male,Bachelor,154484.0,24,RENT,7500.0,EDUCATION,17.49,0.05,11.0,676,1
41.0,male,Associate,252898.0,18,RENT,7500.0,PERSONAL,6.03,0.03,14.0,592,0
37.0,female,Associate,936964.0,11,RENT,7500.0,HOMEIMPROVEMENT,12.18,0.01,15.0,652,0
44.0,male,Bachelor,70552.0,22,MORTGAGE,6400.0,VENTURE,16.29,0.09,13.0,677,0
41.0,male,High School,42539.0,20,RENT,7550.0,DEBTCONSOLIDATION,16.89,0.18,14.0,713,1
40.0,female,Bachelor,70677.0,18,MORTGAGE,8000.0,EDUCATION,18.79,0.11,12.0,717,0
36.0,male,High School,70889.0,14,MORTGAGE,21600.0,PERSONAL,6.54,0.3,14.0,603,0
42.0,male,Associate,22697.0,23,RENT,8000.0,VENTURE,6.91,0.35,17.0,655,1
45.0,female,Associate,71621.0,25,MORTGAGE,9000.0,MEDICAL,7.9,0.13,16.0,615,0
43.0,female,Associate,30903.0,16,RENT,8000.0,MEDICAL,11.99,0.26,17.0,603,1
44.0,female,Bachelor,34686.0,24,RENT,8000.0,EDUCATION,7.49,0.23,11.0,700,0
42.0,female,High School,36781.0,19,RENT,8000.0,VENTURE,14.96,0.22,15.0,592,0
48.0,female,Master,39678.0,25,RENT,8000.0,MEDICAL,6.62,0.2,14.0,673,0
45.0,male,Associate,39263.0,26,RENT,8000.0,DEBTCONSOLIDATION,10.99,0.2,12.0,682,0
47.0,male,Associate,37069.0,23,RENT,8000.0,DEBTCONSOLIDATION,12.18,0.22,11.0,655,1
42.0,male,High School,73029.0,22,MORTGAGE,8000.0,MEDICAL,5.42,0.11,13.0,677,0
40.0,male,Bachelor,72968.0,20,MORTGAGE,14400.0,HOMEIMPROVEMENT,5.42,0.2,12.0,731,0
50.0,male,Bachelor,73090.0,27,MORTGAGE,2000.0,DEBTCONSOLIDATION,7.49,0.03,15.0,605,0
41.0,male,Associate,73224.0,20,MORTGAGE,16800.0,PERSONAL,17.99,0.23,16.0,694,0
46.0,male,High School,73139.0,24,MORTGAGE,3600.0,EDUCATION,6.99,0.05,12.0,699,0
43.0,male,High School,73024.0,24,MORTGAGE,18000.0,VENTURE,10.99,0.25,11.0,696,0
48.0,female,High School,72884.0,24,MORTGAGE,8000.0,MEDICAL,10.37,0.11,17.0,714,0
48.0,male,High School,72993.0,25,MORTGAGE,2500.0,DEBTCONSOLIDATION,7.29,0.03,11.0,702,0
43.0,female,High School,61066.0,21,RENT,8000.0,HOMEIMPROVEMENT,7.49,0.13,16.0,503,0
37.0,male,Associate,65620.0,13,MORTGAGE,25000.0,DEBTCONSOLIDATION,15.57,0.38,16.0,663,1
43.0,female,Associate,72986.0,22,MORTGAGE,9250.0,MEDICAL,5.79,0.13,17.0,713,0
39.0,female,Master,72867.0,18,MORTGAGE,15000.0,VENTURE,6.91,0.21,14.0,724,0
41.0,male,High School,70116.0,20,RENT,8000.0,PERSONAL,6.03,0.11,12.0,569,0
45.0,female,High School,66066.0,25,MORTGAGE,7750.0,EDUCATION,16.07,0.12,13.0,639,1
44.0,female,High School,73067.0,21,MORTGAGE,15000.0,HOMEIMPROVEMENT,11.01,0.21,13.0,696,0
38.0,female,High School,73060.0,17,MORTGAGE,16000.0,EDUCATION,16.35,0.22,17.0,581,0
43.0,female,High School,28562.0,24,RENT,5075.0,MEDICAL,10.59,0.18,12.0,711,0
49.0,female,Associate,72865.0,26,OWN,7000.0,PERSONAL,11.01,0.1,13.0,647,0
40.0,female,High School,21379.0,16,RENT,5000.0,PERSONAL,8.94,0.23,17.0,672,1
47.0,male,Associate,26387.0,26,RENT,5000.0,DEBTCONSOLIDATION,15.99,0.19,16.0,655,1
44.0,male,Associate,73000.0,24,OWN,11800.0,PERSONAL,8.63,0.16,12.0,581,0
39.0,male,High School,74362.0,15,MORTGAGE,14000.0,VENTURE,16.29,0.19,17.0,568,0
38.0,male,High School,66814.0,17,MORTGAGE,25000.0,DEBTCONSOLIDATION,11.01,0.37,14.0,603,1
42.0,female,High School,74300.0,21,OWN,14400.0,PERSONAL,7.51,0.19,17.0,625,0
45.0,male,Associate,74221.0,25,OWN,20000.0,MEDICAL,13.22,0.27,17.0,716,0
49.0,female,Master,75149.0,27,MORTGAGE,12000.0,PERSONAL,12.21,0.16,12.0,753,0
45.0,male,High School,68463.0,26,MORTGAGE,7000.0,DEBTCONSOLIDATION,16.29,0.1,12.0,565,1
49.0,male,High School,87281.0,27,RENT,8000.0,DEBTCONSOLIDATION,7.49,0.09,17.0,630,0
43.0,male,Bachelor,75254.0,22,MORTGAGE,20000.0,EDUCATION,10.25,0.27,14.0,656,0
45.0,male,Associate,105485.0,26,RENT,8000.0,DEBTCONSOLIDATION,13.11,0.08,15.0,683,0
46.0,male,Master,162912.0,21,RENT,8000.0,VENTURE,11.01,0.05,14.0,652,0
40.0,female,Associate,198068.0,19,RENT,8000.0,DEBTCONSOLIDATION,11.01,0.04,17.0,673,0
40.0,female,Associate,75481.0,17,MORTGAGE,7000.0,EDUCATION,19.13,0.09,12.0,703,0
48.0,male,Associate,48801.0,27,RENT,8050.0,DEBTCONSOLIDATION,12.98,0.16,13.0,646,0
45.0,male,Bachelor,169566.0,20,RENT,8175.0,EDUCATION,5.99,0.05,17.0,629,0
48.0,female,High School,69069.0,26,MORTGAGE,15000.0,DEBTCONSOLIDATION,11.14,0.22,11.0,611,1
45.0,male,Associate,76647.0,26,MORTGAGE,12000.0,VENTURE,9.91,0.16,13.0,618,0
46.0,male,Associate,58647.0,22,RENT,8400.0,EDUCATION,18.54,0.14,16.0,662,1
45.0,male,Master,77786.0,22,MORTGAGE,6000.0,MEDICAL,7.29,0.08,14.0,593,0
43.0,female,Bachelor,77793.0,22,MORTGAGE,15000.0,MEDICAL,7.88,0.19,17.0,692,0
42.0,male,High School,27556.0,18,RENT,9000.0,PERSONAL,7.66,0.33,11.0,712,1
49.0,female,Associate,70552.0,29,MORTGAGE,16000.0,PERSONAL,15.33,0.23,13.0,626,1
45.0,female,Master,30216.0,26,RENT,9000.0,EDUCATION,10.65,0.3,14.0,632,1
42.0,female,Associate,33684.0,17,RENT,9000.0,MEDICAL,11.11,0.27,16.0,701,1
36.0,female,Bachelor,36911.0,16,RENT,9000.0,EDUCATION,12.18,0.24,17.0,545,0
49.0,male,Master,78229.0,26,MORTGAGE,6625.0,HOMEIMPROVEMENT,18.25,0.08,16.0,714,0
43.0,male,High School,44004.0,20,RENT,9000.0,MEDICAL,5.79,0.2,17.0,636,0
50.0,female,Bachelor,71472.0,25,MORTGAGE,22000.0,DEBTCONSOLIDATION,17.74,0.31,15.0,702,1
42.0,female,Bachelor,78733.0,22,OWN,22750.0,EDUCATION,8.9,0.29,12.0,613,0
43.0,male,Associate,78916.0,19,MORTGAGE,7200.0,VENTURE,16.29,0.09,17.0,662,0
43.0,female,High School,78961.0,20,MORTGAGE,6000.0,VENTURE,7.49,0.08,17.0,685,0
49.0,female,Master,60981.0,26,RENT,9200.0,DEBTCONSOLIDATION,11.01,0.15,16.0,646,0
47.0,male,Associate,79125.0,26,MORTGAGE,7000.0,HOMEIMPROVEMENT,14.35,0.09,11.0,651,0
43.0,female,Associate,79035.0,17,MORTGAGE,24000.0,EDUCATION,10.99,0.3,13.0,702,0
49.0,female,High School,79001.0,25,MORTGAGE,12000.0,PERSONAL,10.62,0.15,17.0,662,0
43.0,female,High School,60828.0,15,RENT,9500.0,HOMEIMPROVEMENT,9.88,0.16,15.0,490,0
41.0,male,High School,78896.0,19,MORTGAGE,20000.0,HOMEIMPROVEMENT,12.21,0.25,13.0,596,0
47.0,male,High School,78842.0,26,RENT,9500.0,EDUCATION,11.89,0.12,14.0,635,0
44.0,female,High School,79300.0,22,MORTGAGE,25000.0,EDUCATION,11.86,0.32,17.0,681,0
43.0,male,Master,71659.0,23,MORTGAGE,15000.0,PERSONAL,11.01,0.21,13.0,727,1
47.0,male,High School,72825.0,26,MORTGAGE,6000.0,EDUCATION,15.58,0.08,15.0,642,1
45.0,male,Bachelor,80390.0,24,MORTGAGE,9000.0,EDUCATION,14.59,0.11,15.0,731,0
40.0,male,Associate,79960.0,17,OWN,6125.0,MEDICAL,14.65,0.08,17.0,712,0
48.0,male,Bachelor,80016.0,23,MORTGAGE,12475.0,HOMEIMPROVEMENT,6.62,0.16,11.0,712,0
44.0,male,Master,30460.0,20,RENT,9750.0,VENTURE,16.77,0.32,15.0,671,1
48.0,male,High School,81580.0,27,MORTGAGE,24000.0,VENTURE,10.62,0.29,12.0,703,0
37.0,female,Bachelor,24889.0,16,RENT,10000.0,EDUCATION,17.14,0.4,11.0,716,1
42.0,male,High School,28403.0,22,RENT,10000.0,EDUCATION,10.99,0.35,17.0,650,1
38.0,female,Bachelor,28294.0,14,RENT,10000.0,EDUCATION,13.48,0.35,16.0,691,1
43.0,female,Associate,74283.0,21,MORTGAGE,16000.0,DEBTCONSOLIDATION,11.01,0.22,17.0,661,1
42.0,female,High School,31142.0,18,RENT,10000.0,MEDICAL,6.99,0.32,17.0,627,1
42.0,female,High School,31116.0,18,RENT,10000.0,HOMEIMPROVEMENT,14.84,0.32,14.0,671,1
45.0,male,Associate,32255.0,19,RENT,10000.0,MEDICAL,8.49,0.31,13.0,620,1
37.0,female,Bachelor,32594.0,16,RENT,10000.0,MEDICAL,19.03,0.31,12.0,488,1
37.0,female,Bachelor,82358.0,15,MORTGAGE,33000.0,EDUCATION,9.99,0.4,15.0,696,0
45.0,female,Doctorate,63889.0,23,MORTGAGE,10400.0,MEDICAL,19.47,0.16,12.0,666,1
46.0,male,High School,37405.0,23,RENT,10000.0,DEBTCONSOLIDATION,13.49,0.27,12.0,529,1
50.0,male,High School,82777.0,26,MORTGAGE,10000.0,PERSONAL,11.49,0.12,13.0,697,0
42.0,male,Master,82866.0,21,MORTGAGE,5000.0,VENTURE,7.51,0.06,17.0,720,0
40.0,female,High School,39099.0,20,RENT,10000.0,MEDICAL,11.01,0.26,13.0,518,1
42.0,female,High School,39711.0,23,RENT,10000.0,PERSONAL,11.71,0.25,11.0,679,1
44.0,male,High School,83209.0,23,MORTGAGE,14300.0,PERSONAL,15.31,0.17,17.0,527,0
45.0,male,High School,43060.0,20,RENT,10000.0,DEBTCONSOLIDATION,8.49,0.23,11.0,614,0
38.0,female,High School,35752.0,13,RENT,10000.0,DEBTCONSOLIDATION,11.01,0.28,16.0,711,1
47.0,male,Master,83736.0,25,MORTGAGE,20000.0,VENTURE,6.54,0.24,12.0,698,0
41.0,male,Associate,44217.0,20,RENT,10000.0,DEBTCONSOLIDATION,6.03,0.23,15.0,670,0
45.0,male,Associate,43970.0,25,RENT,10000.0,MEDICAL,11.11,0.23,11.0,719,0
43.0,male,Master,43972.0,20,RENT,10000.0,MEDICAL,8.94,0.23,11.0,713,0
50.0,female,Associate,84934.0,29,OWN,8000.0,VENTURE,9.32,0.09,17.0,645,0
50.0,female,Bachelor,47988.0,27,RENT,10000.0,VENTURE,5.99,0.21,12.0,686,0
45.0,female,High School,78188.0,24,MORTGAGE,4800.0,PERSONAL,8.9,0.06,17.0,690,1
48.0,male,Associate,84772.0,28,MORTGAGE,21600.0,HOMEIMPROVEMENT,7.51,0.25,11.0,664,0
37.0,female,Associate,85089.0,14,MORTGAGE,30000.0,VENTURE,10.65,0.35,14.0,601,0
39.0,female,High School,84798.0,14,MORTGAGE,19500.0,MEDICAL,7.9,0.23,14.0,710,0
48.0,female,High School,49164.0,23,RENT,10000.0,MEDICAL,11.01,0.2,17.0,619,0
47.0,male,Associate,50316.0,20,RENT,10000.0,MEDICAL,13.79,0.2,16.0,507,0
48.0,female,Master,85032.0,25,MORTGAGE,9000.0,HOMEIMPROVEMENT,14.54,0.11,17.0,694,0
46.0,female,Bachelor,85109.0,25,MORTGAGE,8000.0,PERSONAL,7.29,0.09,13.0,618,0
49.0,male,High School,54883.0,27,RENT,10000.0,PERSONAL,14.22,0.18,12.0,716,0
45.0,male,Bachelor,44378.0,22,RENT,4300.0,VENTURE,10.91,0.1,17.0,634,0
45.0,female,Associate,85211.0,25,MORTGAGE,10000.0,MEDICAL,8.59,0.12,12.0,703,0
48.0,female,Master,15353.0,27,RENT,4200.0,MEDICAL,11.01,0.27,14.0,650,1
40.0,female,High School,66440.0,15,MORTGAGE,25000.0,MEDICAL,18.09,0.38,12.0,607,1
42.0,female,Associate,48871.0,20,RENT,10000.0,PERSONAL,16.0,0.2,12.0,706,1
41.0,male,Associate,84993.0,21,MORTGAGE,20800.0,DEBTCONSOLIDATION,12.21,0.24,11.0,600,0
42.0,male,Bachelor,84622.0,22,MORTGAGE,2825.0,MEDICAL,9.64,0.03,17.0,687,0
40.0,male,Associate,85083.0,20,MORTGAGE,14000.0,EDUCATION,9.99,0.16,14.0,475,0
41.0,male,High School,50662.0,20,RENT,10000.0,MEDICAL,16.45,0.2,17.0,691,1
49.0,male,High School,87666.0,29,MORTGAGE,14825.0,VENTURE,6.03,0.17,12.0,703,0
45.0,female,Master,58750.0,26,RENT,10000.0,DEBTCONSOLIDATION,11.86,0.17,16.0,692,0
39.0,male,High School,58418.0,16,RENT,10000.0,VENTURE,13.22,0.17,16.0,510,0
37.0,female,Associate,80064.0,18,MORTGAGE,25000.0,EDUCATION,11.86,0.31,13.0,611,1
50.0,female,Bachelor,87049.0,26,MORTGAGE,8000.0,MEDICAL,11.49,0.09,14.0,735,0
48.0,male,Bachelor,61156.0,26,RENT,10000.0,HOMEIMPROVEMENT,9.63,0.16,14.0,679,0
49.0,female,Associate,68231.0,29,MORTGAGE,15000.0,MEDICAL,11.01,0.22,13.0,576,1
48.0,male,Doctorate,87294.0,25,MORTGAGE,7000.0,HOMEIMPROVEMENT,14.96,0.08,17.0,733,0
43.0,female,Master,87161.0,24,MORTGAGE,10000.0,MEDICAL,11.01,0.11,11.0,743,0
44.0,female,Bachelor,87268.0,21,MORTGAGE,4200.0,VENTURE,14.17,0.05,14.0,589,0
41.0,male,Doctorate,65605.0,23,RENT,10000.0,MEDICAL,13.23,0.15,17.0,600,0
43.0,female,High School,88581.0,21,MORTGAGE,20000.0,HOMEIMPROVEMENT,12.84,0.23,12.0,706,0
37.0,male,Bachelor,88417.0,16,MORTGAGE,23000.0,EDUCATION,11.58,0.26,17.0,709,0
48.0,male,Bachelor,88835.0,23,MORTGAGE,10000.0,VENTURE,7.29,0.11,12.0,581,0
44.0,female,Associate,89271.0,26,OWN,20000.0,VENTURE,12.18,0.22,17.0,738,0
46.0,female,Bachelor,65814.0,24,RENT,10000.0,PERSONAL,11.71,0.15,15.0,698,1
46.0,male,Associate,89812.0,22,MORTGAGE,20000.0,VENTURE,12.68,0.22,16.0,602,0
50.0,male,Associate,73079.0,31,RENT,10000.0,VENTURE,13.49,0.14,12.0,730,0
50.0,male,High School,89963.0,26,MORTGAGE,7000.0,VENTURE,7.49,0.08,14.0,628,0
46.0,male,High School,73557.0,25,RENT,10000.0,PERSONAL,8.94,0.14,17.0,681,0
44.0,male,Bachelor,74278.0,24,RENT,10000.0,PERSONAL,15.96,0.13,15.0,657,0
45.0,female,Doctorate,90905.0,19,MORTGAGE,10000.0,MEDICAL,14.27,0.11,17.0,693,0
37.0,male,High School,48132.0,14,RENT,4000.0,EDUCATION,14.65,0.08,15.0,470,1
42.0,male,Doctorate,75488.0,18,RENT,10000.0,VENTURE,8.49,0.13,14.0,507,0
45.0,female,High School,75742.0,22,RENT,10000.0,DEBTCONSOLIDATION,10.39,0.13,11.0,501,0
38.0,male,Associate,91019.0,16,MORTGAGE,25000.0,HOMEIMPROVEMENT,10.59,0.27,16.0,659,0
44.0,male,Associate,71785.0,22,RENT,10000.0,EDUCATION,15.62,0.14,13.0,691,1
44.0,female,Bachelor,74291.0,25,RENT,10000.0,DEBTCONSOLIDATION,14.11,0.13,12.0,720,1
44.0,female,High School,81365.0,22,RENT,10000.0,DEBTCONSOLIDATION,11.66,0.12,15.0,724,0
49.0,male,Master,83663.0,24,RENT,10000.0,VENTURE,13.48,0.12,16.0,633,0
46.0,female,Associate,85122.0,23,RENT,10000.0,MEDICAL,8.59,0.12,14.0,747,0
47.0,male,Bachelor,90963.0,26,OTHER,12000.0,DEBTCONSOLIDATION,12.84,0.13,11.0,577,0
37.0,male,High School,91564.0,14,MORTGAGE,28000.0,DEBTCONSOLIDATION,7.49,0.31,15.0,565,0
49.0,male,Associate,86105.0,28,MORTGAGE,15000.0,DEBTCONSOLIDATION,14.84,0.17,11.0,705,1
47.0,male,High School,112776.0,24,RENT,10000.0,PERSONAL,11.01,0.09,16.0,661,0
41.0,male,Associate,114975.0,17,RENT,10000.0,VENTURE,16.49,0.09,16.0,508,0
48.0,male,Master,66910.0,24,RENT,10200.0,MEDICAL,13.92,0.15,16.0,755,0
48.0,female,High School,100996.0,26,RENT,10200.0,EDUCATION,5.79,0.1,14.0,505,0
47.0,female,High School,93640.0,25,MORTGAGE,25000.0,EDUCATION,10.99,0.27,14.0,669,0
49.0,male,Bachelor,94392.0,23,MORTGAGE,8000.0,DEBTCONSOLIDATION,6.03,0.08,17.0,660,0
42.0,male,High School,44251.0,23,RENT,11000.0,MEDICAL,11.97,0.25,16.0,669,1
42.0,male,Associate,95032.0,17,MORTGAGE,25000.0,MEDICAL,10.36,0.26,16.0,604,0
50.0,male,Associate,180806.0,25,RENT,11200.0,HOMEIMPROVEMENT,11.14,0.06,11.0,668,0
45.0,female,High School,41000.0,21,RENT,11300.0,VENTURE,12.17,0.28,11.0,650,1
47.0,female,Associate,96169.0,25,MORTGAGE,16000.0,EDUCATION,7.51,0.17,13.0,685,0
41.0,male,Associate,96842.0,19,OWN,17000.0,VENTURE,11.01,0.18,16.0,557,0
43.0,male,High School,37011.0,21,RENT,11525.0,PERSONAL,13.57,0.31,17.0,588,1
43.0,female,Associate,67028.0,20,RENT,11750.0,MEDICAL,10.99,0.18,17.0,587,0
48.0,female,High School,25622.0,27,RENT,12000.0,MEDICAL,7.49,0.47,12.0,656,1
43.0,male,Doctorate,96704.0,21,MORTGAGE,9800.0,VENTURE,5.99,0.1,17.0,706,0
47.0,male,Associate,33090.0,24,RENT,12000.0,PERSONAL,13.3,0.36,12.0,686,1
44.0,female,Master,37012.0,18,RENT,12000.0,DEBTCONSOLIDATION,11.11,0.32,15.0,697,1
42.0,male,High School,96956.0,21,MORTGAGE,5000.0,PERSONAL,11.99,0.05,17.0,638,0
44.0,male,High School,36999.0,26,RENT,12000.0,MEDICAL,11.83,0.32,11.0,658,1
49.0,male,High School,90256.0,28,MORTGAGE,12000.0,DEBTCONSOLIDATION,17.99,0.13,15.0,611,1
46.0,male,Associate,97254.0,24,MORTGAGE,20000.0,HOMEIMPROVEMENT,14.54,0.21,13.0,643,0
46.0,female,Master,96735.0,27,MORTGAGE,10000.0,HOMEIMPROVEMENT,6.17,0.1,13.0,661,0
47.0,female,Associate,97114.0,22,MORTGAGE,10000.0,EDUCATION,6.54,0.1,13.0,670,0
38.0,male,High School,44604.0,12,RENT,12000.0,EDUCATION,7.51,0.27,11.0,515,1
44.0,male,High School,96748.0,23,MORTGAGE,15000.0,DEBTCONSOLIDATION,13.11,0.16,16.0,609,0
44.0,female,Bachelor,97317.0,17,MORTGAGE,25000.0,VENTURE,15.33,0.26,17.0,694,0
48.0,female,High School,96955.0,30,MORTGAGE,7700.0,DEBTCONSOLIDATION,9.63,0.08,11.0,586,0
47.0,female,Associate,97136.0,22,MORTGAGE,7000.0,EDUCATION,11.01,0.07,15.0,696,0
40.0,female,Associate,98174.0,18,MORTGAGE,20000.0,HOMEIMPROVEMENT,6.17,0.2,14.0,686,0
40.0,male,High School,98347.0,19,MORTGAGE,24000.0,EDUCATION,9.25,0.24,15.0,610,0
50.0,male,Bachelor,99105.0,30,MORTGAGE,5000.0,MEDICAL,11.01,0.05,14.0,713,0
48.0,male,High School,78397.0,26,MORTGAGE,15000.0,MEDICAL,11.01,0.19,12.0,685,1
42.0,female,Bachelor,78231.0,20,MORTGAGE,30000.0,MEDICAL,19.03,0.38,17.0,640,1
42.0,male,High School,99779.0,22,MORTGAGE,26800.0,HOMEIMPROVEMENT,11.01,0.27,15.0,655,0
39.0,female,Master,99642.0,18,MORTGAGE,8000.0,HOMEIMPROVEMENT,19.42,0.08,17.0,690,0
49.0,male,High School,99537.0,27,MORTGAGE,10000.0,PERSONAL,16.49,0.1,12.0,629,0
46.0,male,High School,99856.0,24,MORTGAGE,6600.0,PERSONAL,7.66,0.07,13.0,546,0
43.0,female,Associate,100713.0,22,MORTGAGE,3000.0,HOMEIMPROVEMENT,9.91,0.03,17.0,631,0
37.0,male,Master,101786.0,13,MORTGAGE,24000.0,VENTURE,11.01,0.24,17.0,606,0
48.0,female,High School,35800.0,28,RENT,3000.0,DEBTCONSOLIDATION,12.49,0.08,14.0,692,1
43.0,male,High School,101973.0,20,MORTGAGE,12000.0,DEBTCONSOLIDATION,5.42,0.12,16.0,648,0
40.0,male,Associate,101912.0,18,MORTGAGE,17925.0,HOMEIMPROVEMENT,14.26,0.18,16.0,605,0
39.0,male,High School,101992.0,15,MORTGAGE,4000.0,EDUCATION,9.63,0.04,12.0,504,0
49.0,female,High School,102124.0,27,MORTGAGE,14000.0,MEDICAL,11.89,0.14,17.0,717,0
47.0,male,Master,78547.0,22,RENT,12000.0,EDUCATION,5.42,0.15,17.0,597,0
42.0,male,Doctorate,102641.0,20,MORTGAGE,8500.0,HOMEIMPROVEMENT,15.58,0.08,12.0,731,0
48.0,female,High School,103461.0,24,MORTGAGE,10000.0,EDUCATION,7.51,0.1,13.0,629,0
47.0,female,High School,103143.0,27,MORTGAGE,5500.0,DEBTCONSOLIDATION,6.76,0.05,12.0,580,0
43.0,male,High School,90946.0,20,RENT,12000.0,HOMEIMPROVEMENT,7.9,0.13,16.0,721,0
37.0,male,High School,102770.0,15,OWN,10000.0,EDUCATION,18.43,0.1,16.0,575,0
45.0,male,High School,45076.0,22,OWN,2000.0,PERSONAL,7.51,0.04,16.0,664,0
46.0,male,Master,102922.0,26,OTHER,1000.0,HOMEIMPROVEMENT,7.68,0.01,12.0,747,0
47.0,male,High School,102980.0,23,MORTGAGE,10000.0,HOMEIMPROVEMENT,8.07,0.1,15.0,610,0
48.0,female,Doctorate,100658.0,20,RENT,12000.0,VENTURE,10.99,0.12,17.0,729,0
44.0,male,Master,43953.0,23,OWN,4000.0,EDUCATION,16.29,0.09,11.0,722,0
47.0,male,High School,104667.0,26,MORTGAGE,24000.0,MEDICAL,11.01,0.23,17.0,706,0
49.0,female,Associate,90896.0,31,MORTGAGE,15600.0,DEBTCONSOLIDATION,17.27,0.17,11.0,717,1
41.0,male,Doctorate,91057.0,18,MORTGAGE,4800.0,DEBTCONSOLIDATION,15.58,0.05,15.0,730,1
49.0,male,Associate,106720.0,26,RENT,12000.0,VENTURE,6.62,0.11,17.0,712,0
47.0,female,Associate,105385.0,27,MORTGAGE,10000.0,PERSONAL,11.01,0.09,11.0,603,0
46.0,male,High School,105155.0,26,MORTGAGE,20000.0,PERSONAL,12.41,0.19,17.0,648,0
49.0,female,Associate,109015.0,23,RENT,12000.0,EDUCATION,11.01,0.11,16.0,649,0
41.0,male,High School,106476.0,23,MORTGAGE,4000.0,HOMEIMPROVEMENT,7.14,0.04,17.0,633,0
49.0,male,Associate,107230.0,25,MORTGAGE,20000.0,MEDICAL,13.92,0.19,14.0,724,0
49.0,male,Associate,93545.0,27,MORTGAGE,16000.0,DEBTCONSOLIDATION,14.09,0.17,12.0,643,1
50.0,female,High School,144907.0,28,RENT,12000.0,MEDICAL,9.62,0.08,12.0,653,0
38.0,female,Bachelor,109211.0,17,MORTGAGE,25000.0,EDUCATION,11.01,0.23,17.0,674,0
41.0,male,Bachelor,108986.0,23,MORTGAGE,13200.0,VENTURE,6.62,0.12,13.0,555,0
38.0,male,High School,94173.0,14,MORTGAGE,15000.0,HOMEIMPROVEMENT,15.27,0.16,17.0,598,1
39.0,male,Bachelor,330854.0,12,RENT,12000.0,PERSONAL,8.49,0.04,14.0,687,0
45.0,female,Associate,108839.0,22,MORTGAGE,2500.0,VENTURE,11.99,0.02,13.0,736,0
42.0,female,Associate,94319.0,19,MORTGAGE,7000.0,DEBTCONSOLIDATION,5.42,0.07,15.0,704,1
46.0,female,Master,108819.0,24,MORTGAGE,20000.0,DEBTCONSOLIDATION,6.91,0.18,16.0,764,0
45.0,male,Bachelor,57685.0,24,RENT,2800.0,MEDICAL,9.62,0.05,11.0,557,0
46.0,female,Associate,59740.0,23,RENT,2800.0,MEDICAL,10.59,0.05,13.0,566,0
50.0,male,High School,108660.0,28,MORTGAGE,24000.0,VENTURE,11.36,0.22,13.0,676,0
45.0,female,High School,36771.0,20,RENT,2700.0,EDUCATION,12.84,0.07,17.0,563,0
40.0,female,Associate,110379.0,14,MORTGAGE,22000.0,HOMEIMPROVEMENT,6.17,0.2,14.0,669,0
42.0,male,High School,100105.0,19,RENT,2575.0,DEBTCONSOLIDATION,6.76,0.03,11.0,699,0
46.0,male,Bachelor,111253.0,24,MORTGAGE,12925.0,EDUCATION,11.01,0.12,17.0,687,0
47.0,female,Master,111379.0,23,OWN,12000.0,HOMEIMPROVEMENT,14.11,0.11,12.0,719,0
39.0,male,Associate,219667.0,19,RENT,12500.0,DEBTCONSOLIDATION,5.42,0.06,14.0,672,0
44.0,female,Associate,99289.0,21,MORTGAGE,8400.0,DEBTCONSOLIDATION,12.84,0.08,17.0,714,1
44.0,female,Doctorate,113791.0,22,MORTGAGE,4400.0,DEBTCONSOLIDATION,7.29,0.04,13.0,722,0
47.0,male,Associate,115008.0,27,MORTGAGE,5000.0,EDUCATION,6.03,0.04,16.0,704,0
49.0,male,Doctorate,115237.0,28,MORTGAGE,7500.0,DEBTCONSOLIDATION,6.03,0.07,13.0,581,0
44.0,male,High School,114867.0,24,MORTGAGE,21200.0,PERSONAL,9.91,0.18,14.0,651,0
44.0,male,High School,61037.0,23,RENT,13000.0,VENTURE,13.16,0.21,13.0,719,0
45.0,male,Master,64062.0,23,RENT,13000.0,MEDICAL,6.92,0.2,15.0,648,0
49.0,male,Doctorate,114922.0,25,MORTGAGE,3000.0,HOMEIMPROVEMENT,5.42,0.03,12.0,638,0
39.0,male,Associate,114652.0,17,MORTGAGE,20000.0,HOMEIMPROVEMENT,14.84,0.17,11.0,546,0
41.0,female,High School,114769.0,19,MORTGAGE,25000.0,PERSONAL,11.01,0.22,12.0,648,0
38.0,male,Doctorate,115162.0,18,OWN,14000.0,HOMEIMPROVEMENT,17.74,0.12,17.0,632,0
44.0,female,Associate,100604.0,22,OTHER,12000.0,EDUCATION,16.0,0.12,15.0,725,1
42.0,female,Associate,116164.0,21,MORTGAGE,5100.0,PERSONAL,5.42,0.04,14.0,641,0
45.0,female,Doctorate,80023.0,24,RENT,13650.0,HOMEIMPROVEMENT,12.42,0.17,11.0,669,0
43.0,female,Associate,33461.0,21,RENT,13750.0,PERSONAL,15.31,0.41,15.0,676,1
41.0,female,High School,40490.0,20,RENT,13750.0,MEDICAL,13.79,0.34,11.0,668,1
40.0,male,Bachelor,40201.0,17,RENT,13775.0,VENTURE,12.98,0.34,14.0,560,1
42.0,male,Bachelor,117375.0,18,MORTGAGE,1500.0,PERSONAL,15.96,0.01,16.0,683,0
39.0,male,Associate,49797.0,14,RENT,14000.0,MEDICAL,16.0,0.28,17.0,712,1
41.0,male,High School,118503.0,16,MORTGAGE,5000.0,MEDICAL,10.99,0.04,17.0,539,0
39.0,male,Bachelor,118804.0,18,MORTGAGE,35000.0,HOMEIMPROVEMENT,15.99,0.29,15.0,705,0
42.0,male,Bachelor,118491.0,21,MORTGAGE,18000.0,EDUCATION,11.58,0.15,11.0,710,0
44.0,male,High School,120906.0,24,MORTGAGE,14400.0,VENTURE,12.23,0.12,16.0,675,0
48.0,male,High School,75541.0,26,RENT,14000.0,EDUCATION,12.69,0.19,12.0,663,0
38.0,male,High School,121157.0,17,OWN,25000.0,HOMEIMPROVEMENT,14.96,0.21,13.0,594,0
45.0,male,Doctorate,120705.0,22,MORTGAGE,16000.0,PERSONAL,6.62,0.13,16.0,722,0
46.0,female,Associate,85255.0,25,RENT,14000.0,HOMEIMPROVEMENT,11.26,0.16,16.0,652,0
37.0,male,High School,88454.0,14,RENT,14000.0,DEBTCONSOLIDATION,16.02,0.16,17.0,570,1
47.0,male,High School,121076.0,22,MORTGAGE,2500.0,EDUCATION,9.99,0.02,15.0,664,0
45.0,male,High School,150994.0,25,RENT,14000.0,EDUCATION,12.61,0.09,12.0,693,0
45.0,male,High School,148367.0,18,RENT,14000.0,EDUCATION,11.01,0.09,17.0,643,1
50.0,male,High School,180681.0,27,RENT,14000.0,DEBTCONSOLIDATION,6.91,0.08,12.0,634,0
41.0,male,Bachelor,216986.0,18,RENT,14000.0,DEBTCONSOLIDATION,6.03,0.06,15.0,544,0
42.0,male,Associate,121181.0,19,MORTGAGE,5000.0,EDUCATION,14.26,0.04,15.0,487,0
47.0,female,High School,144056.0,26,RENT,14250.0,PERSONAL,7.66,0.1,16.0,629,0
49.0,male,Bachelor,91096.0,27,RENT,14300.0,MEDICAL,7.51,0.16,16.0,683,0
38.0,male,Associate,37078.0,15,RENT,14400.0,HOMEIMPROVEMENT,12.8,0.39,17.0,654,1
46.0,male,Master,122864.0,24,MORTGAGE,15000.0,DEBTCONSOLIDATION,11.14,0.12,14.0,710,0
45.0,male,High School,58814.0,22,RENT,14400.0,PERSONAL,8.49,0.24,15.0,702,0
50.0,female,High School,123368.0,27,MORTGAGE,12000.0,HOMEIMPROVEMENT,14.96,0.1,11.0,670,0
49.0,male,Bachelor,125200.0,25,MORTGAGE,12600.0,DEBTCONSOLIDATION,9.32,0.1,11.0,686,0
42.0,male,Associate,126686.0,20,MORTGAGE,2400.0,EDUCATION,13.06,0.02,17.0,728,0
42.0,male,High School,51055.0,21,RENT,14500.0,EDUCATION,15.57,0.28,14.0,654,1
49.0,male,Associate,126735.0,28,MORTGAGE,11000.0,DEBTCONSOLIDATION,9.32,0.09,13.0,690,0
41.0,male,High School,56661.0,20,RENT,14525.0,PERSONAL,11.11,0.26,16.0,507,1
46.0,male,High School,97461.0,24,RENT,14550.0,EDUCATION,8.94,0.15,11.0,577,0
39.0,female,High School,127383.0,18,MORTGAGE,15000.0,VENTURE,6.91,0.12,15.0,503,0
46.0,female,Doctorate,127658.0,25,MORTGAGE,20700.0,HOMEIMPROVEMENT,17.43,0.16,12.0,713,0
50.0,female,High School,128164.0,29,MORTGAGE,10200.0,MEDICAL,9.32,0.08,15.0,709,0
48.0,male,High School,113815.0,24,MORTGAGE,23000.0,DEBTCONSOLIDATION,14.96,0.2,16.0,567,1
46.0,male,High School,129529.0,23,OWN,4000.0,VENTURE,13.49,0.03,14.0,669,0
48.0,female,Associate,36538.0,27,OWN,10000.0,EDUCATION,11.01,0.27,12.0,663,0
47.0,female,High School,131883.0,22,OWN,16000.0,VENTURE,7.05,0.12,14.0,693,0
44.0,female,Master,131867.0,21,MORTGAGE,12800.0,MEDICAL,13.79,0.1,12.0,704,0
41.0,male,Associate,133045.0,17,MORTGAGE,20000.0,DEBTCONSOLIDATION,13.35,0.15,17.0,710,0
42.0,male,Associate,132575.0,23,MORTGAGE,10800.0,VENTURE,14.27,0.08,17.0,664,0
41.0,female,High School,132836.0,20,MORTGAGE,30000.0,VENTURE,9.91,0.23,11.0,624,0
38.0,male,High School,133334.0,15,MORTGAGE,3000.0,MEDICAL,8.49,0.02,17.0,695,0
45.0,male,High School,133106.0,20,MORTGAGE,20000.0,PERSONAL,11.11,0.15,16.0,670,0
49.0,male,Associate,132921.0,25,MORTGAGE,3000.0,HOMEIMPROVEMENT,7.51,0.02,16.0,701,0
48.0,male,Master,133449.0,26,MORTGAGE,6000.0,EDUCATION,8.94,0.04,14.0,695,0
37.0,male,High School,37218.0,15,RENT,15000.0,PERSONAL,11.01,0.4,12.0,707,1
38.0,male,Associate,37120.0,16,RENT,15000.0,PERSONAL,14.61,0.4,15.0,639,1
41.0,female,High School,133273.0,17,MORTGAGE,25000.0,EDUCATION,12.73,0.19,14.0,711,0
40.0,female,Associate,35041.0,18,OWN,12000.0,PERSONAL,16.0,0.34,14.0,654,0
43.0,female,High School,135558.0,24,MORTGAGE,25000.0,PERSONAL,14.96,0.18,15.0,641,0
45.0,male,Bachelor,120721.0,23,MORTGAGE,10000.0,DEBTCONSOLIDATION,16.0,0.08,13.0,673,1
38.0,female,Associate,135606.0,19,MORTGAGE,25000.0,EDUCATION,6.99,0.18,13.0,581,0
42.0,female,Associate,122194.0,20,MORTGAGE,25000.0,DEBTCONSOLIDATION,16.15,0.2,17.0,581,1
40.0,female,High School,137915.0,18,MORTGAGE,6000.0,MEDICAL,5.42,0.04,17.0,675,0
40.0,male,Associate,138034.0,18,MORTGAGE,35000.0,DEBTCONSOLIDATION,8.9,0.25,14.0,598,0
46.0,female,High School,138354.0,23,MORTGAGE,3000.0,EDUCATION,8.59,0.02,17.0,700,0
49.0,female,Associate,55029.0,25,RENT,15000.0,DEBTCONSOLIDATION,13.49,0.27,12.0,705,1
44.0,male,High School,139036.0,20,MORTGAGE,12000.0,HOMEIMPROVEMENT,11.01,0.09,14.0,699,0
46.0,female,Associate,47781.0,23,RENT,15000.0,DEBTCONSOLIDATION,10.99,0.31,12.0,692,1
39.0,male,Bachelor,138776.0,15,MORTGAGE,25000.0,VENTURE,15.58,0.18,17.0,667,0
41.0,female,High School,139079.0,21,MORTGAGE,20000.0,PERSONAL,14.61,0.14,11.0,554,0
46.0,male,Master,140462.0,19,MORTGAGE,10000.0,DEBTCONSOLIDATION,6.03,0.07,15.0,642,0
46.0,male,Bachelor,125725.0,25,MORTGAGE,30000.0,EDUCATION,18.39,0.24,15.0,704,1
39.0,female,High School,106935.0,19,MORTGAGE,25000.0,MEDICAL,18.3,0.23,13.0,644,1
45.0,male,Bachelor,57744.0,25,RENT,15000.0,MEDICAL,16.4,0.26,11.0,712,1
50.0,male,Associate,139989.0,27,MORTGAGE,5000.0,PERSONAL,10.25,0.04,17.0,694,0
42.0,male,Associate,50178.0,16,RENT,15000.0,HOMEIMPROVEMENT,16.95,0.3,15.0,678,1
45.0,male,Associate,142438.0,21,MORTGAGE,25000.0,HOMEIMPROVEMENT,12.18,0.18,12.0,659,0
43.0,female,Bachelor,58391.0,21,RENT,15000.0,PERSONAL,12.42,0.26,12.0,735,1
41.0,male,Doctorate,142960.0,18,MORTGAGE,28000.0,MEDICAL,11.71,0.2,13.0,707,0
45.0,female,Master,143412.0,24,MORTGAGE,20000.0,VENTURE,11.01,0.14,15.0,732,0
45.0,female,High School,143749.0,23,MORTGAGE,5000.0,PERSONAL,11.49,0.03,13.0,587,0
44.0,male,High School,145173.0,25,MORTGAGE,4000.0,HOMEIMPROVEMENT,11.01,0.03,14.0,706,0
41.0,male,Associate,53245.0,22,RENT,15000.0,MEDICAL,12.73,0.28,15.0,729,1
36.0,female,Bachelor,145274.0,15,MORTGAGE,30000.0,MEDICAL,6.62,0.21,11.0,578,0
39.0,male,High School,130864.0,16,MORTGAGE,30000.0,EDUCATION,16.49,0.23,11.0,684,1
48.0,female,Bachelor,145269.0,26,MORTGAGE,3600.0,DEBTCONSOLIDATION,11.01,0.02,17.0,659,0
47.0,male,Associate,145033.0,24,MORTGAGE,15000.0,EDUCATION,10.99,0.1,12.0,703,0
39.0,male,Master,130377.0,18,MORTGAGE,20000.0,HOMEIMPROVEMENT,14.54,0.15,14.0,718,1
50.0,male,High School,145232.0,32,MORTGAGE,5575.0,HOMEIMPROVEMENT,15.2,0.04,13.0,730,0
41.0,female,Associate,145169.0,20,MORTGAGE,20000.0,MEDICAL,10.25,0.14,11.0,700,0
49.0,female,Doctorate,144902.0,26,MORTGAGE,12000.0,MEDICAL,10.99,0.08,12.0,717,0
40.0,male,Master,145052.0,18,OWN,20000.0,MEDICAL,11.01,0.14,11.0,733,0
47.0,female,High School,31040.0,21,OWN,10750.0,PERSONAL,14.22,0.35,16.0,569,0
39.0,female,Associate,146696.0,16,MORTGAGE,1450.0,VENTURE,6.76,0.01,17.0,669,0
43.0,male,High School,147882.0,21,MORTGAGE,9150.0,EDUCATION,6.03,0.06,12.0,608,0
37.0,female,Bachelor,148338.0,15,MORTGAGE,35000.0,PERSONAL,14.27,0.24,16.0,679,0
46.0,male,Master,22080.0,23,RENT,1500.0,HOMEIMPROVEMENT,11.14,0.07,13.0,700,1
38.0,female,Associate,149530.0,18,MORTGAGE,12000.0,EDUCATION,6.92,0.08,14.0,736,0
42.0,female,Associate,149604.0,16,MORTGAGE,6400.0,DEBTCONSOLIDATION,6.99,0.04,16.0,724,0
37.0,male,Doctorate,150122.0,16,MORTGAGE,30000.0,HOMEIMPROVEMENT,17.99,0.2,12.0,627,0
42.0,male,Bachelor,151000.0,20,MORTGAGE,35000.0,MEDICAL,7.9,0.23,12.0,742,0
45.0,male,Associate,150821.0,26,MORTGAGE,12000.0,HOMEIMPROVEMENT,6.03,0.08,14.0,712,0
41.0,female,High School,150888.0,20,MORTGAGE,14975.0,VENTURE,6.03,0.1,16.0,646,0
43.0,female,Master,150933.0,22,MORTGAGE,8800.0,HOMEIMPROVEMENT,7.88,0.06,13.0,632,0
45.0,male,Associate,150976.0,24,MORTGAGE,10000.0,PERSONAL,11.01,0.07,12.0,697,0
50.0,female,High School,68289.0,25,RENT,15000.0,HOMEIMPROVEMENT,13.47,0.22,15.0,659,0
42.0,male,High School,136643.0,20,MORTGAGE,24000.0,EDUCATION,15.31,0.18,15.0,634,1
42.0,male,Bachelor,69457.0,20,RENT,15000.0,MEDICAL,13.43,0.22,12.0,704,0
40.0,female,Associate,63307.0,19,RENT,15000.0,EDUCATION,18.62,0.24,17.0,664,1
42.0,male,Associate,119453.0,20,MORTGAGE,24250.0,MEDICAL,14.22,0.2,14.0,639,1
46.0,male,Associate,73266.0,22,RENT,15000.0,MEDICAL,13.49,0.2,17.0,609,0
38.0,female,Associate,156881.0,15,MORTGAGE,30000.0,HOMEIMPROVEMENT,9.91,0.19,14.0,702,0
46.0,male,Bachelor,73002.0,24,RENT,15000.0,VENTURE,16.32,0.21,13.0,627,0
45.0,male,Doctorate,142320.0,22,MORTGAGE,9600.0,EDUCATION,13.99,0.07,12.0,745,1
40.0,female,High School,120916.0,15,MORTGAGE,25000.0,MEDICAL,14.83,0.21,16.0,514,1
40.0,male,Associate,156752.0,18,MORTGAGE,24250.0,DEBTCONSOLIDATION,6.17,0.15,16.0,668,0
39.0,female,Associate,157007.0,15,OWN,25000.0,HOMEIMPROVEMENT,16.07,0.16,14.0,695,0
37.0,male,Doctorate,28124.0,11,OWN,7000.0,EDUCATION,6.03,0.25,15.0,729,0
41.0,male,Associate,159406.0,19,MORTGAGE,8000.0,DEBTCONSOLIDATION,13.49,0.05,17.0,714,0
39.0,male,Bachelor,161945.0,16,MORTGAGE,25000.0,VENTURE,10.25,0.15,17.0,609,0
41.0,male,High School,162862.0,20,MORTGAGE,20000.0,MEDICAL,9.25,0.12,13.0,591,0
41.0,male,Associate,82826.0,19,RENT,15000.0,EDUCATION,13.47,0.18,12.0,715,0
40.0,male,High School,164525.0,18,MORTGAGE,21000.0,HOMEIMPROVEMENT,9.99,0.13,16.0,612,0
42.0,male,Master,164134.0,19,MORTGAGE,8000.0,EDUCATION,6.62,0.05,15.0,728,0
50.0,male,Master,165457.0,25,MORTGAGE,23000.0,MEDICAL,7.9,0.14,13.0,605,0
43.0,male,Associate,166768.0,23,MORTGAGE,9900.0,HOMEIMPROVEMENT,6.99,0.06,14.0,604,0
45.0,male,Bachelor,168573.0,25,OWN,9000.0,HOMEIMPROVEMENT,7.51,0.05,12.0,631,0
45.0,male,Doctorate,169115.0,20,MORTGAGE,7500.0,HOMEIMPROVEMENT,6.62,0.04,15.0,635,0
48.0,female,Bachelor,169175.0,26,MORTGAGE,18000.0,EDUCATION,9.99,0.11,11.0,672,0
45.0,female,Master,168861.0,25,MORTGAGE,7000.0,HOMEIMPROVEMENT,7.29,0.04,17.0,732,0
41.0,female,Associate,131359.0,19,MORTGAGE,15000.0,MEDICAL,17.88,0.11,16.0,577,1
41.0,male,High School,169150.0,18,MORTGAGE,25000.0,VENTURE,13.8,0.15,12.0,530,0
38.0,male,Master,168999.0,15,MORTGAGE,25000.0,HOMEIMPROVEMENT,9.99,0.15,12.0,699,0
50.0,male,High School,83774.0,28,RENT,15000.0,DEBTCONSOLIDATION,11.01,0.18,17.0,693,1
39.0,female,High School,154624.0,18,MORTGAGE,20000.0,HOMEIMPROVEMENT,13.11,0.13,15.0,610,1
44.0,male,Bachelor,169197.0,19,OWN,21500.0,VENTURE,11.83,0.13,14.0,645,0
38.0,female,High School,168901.0,14,OWN,24000.0,VENTURE,12.18,0.14,15.0,682,0
43.0,male,Master,170084.0,21,MORTGAGE,15000.0,VENTURE,12.53,0.09,16.0,688,0
47.0,female,High School,91062.0,23,RENT,15000.0,HOMEIMPROVEMENT,13.48,0.16,17.0,575,0
40.0,male,High School,171573.0,21,MORTGAGE,25000.0,PERSONAL,15.31,0.15,14.0,686,0
43.0,male,Master,171866.0,20,MORTGAGE,20000.0,MEDICAL,11.49,0.12,15.0,670,0
41.0,female,Associate,173710.0,18,MORTGAGE,25000.0,HOMEIMPROVEMENT,10.08,0.14,11.0,656,0
43.0,female,Associate,175010.0,18,MORTGAGE,20000.0,VENTURE,6.91,0.11,17.0,689,0
40.0,male,High School,179081.0,20,MORTGAGE,5000.0,HOMEIMPROVEMENT,6.03,0.03,16.0,520,0
39.0,female,High School,180673.0,19,MORTGAGE,30000.0,EDUCATION,8.9,0.17,15.0,703,0
40.0,female,Master,180802.0,17,MORTGAGE,24000.0,MEDICAL,6.62,0.13,14.0,724,0
42.0,male,Associate,181197.0,23,MORTGAGE,16000.0,HOMEIMPROVEMENT,8.49,0.09,12.0,559,0
44.0,female,High School,181130.0,24,MORTGAGE,25000.0,PERSONAL,13.43,0.14,17.0,614,0
36.0,male,High School,181229.0,17,MORTGAGE,3000.0,EDUCATION,7.29,0.02,17.0,706,0
45.0,male,High School,107204.0,22,RENT,15000.0,HOMEIMPROVEMENT,14.83,0.14,12.0,658,0
41.0,female,Associate,181465.0,20,OWN,24500.0,VENTURE,11.83,0.14,17.0,679,0
38.0,male,High School,180767.0,17,OWN,24000.0,VENTURE,11.83,0.13,13.0,620,0
39.0,female,Master,166743.0,19,MORTGAGE,20000.0,HOMEIMPROVEMENT,11.14,0.12,12.0,571,1
49.0,male,Associate,180926.0,23,MORTGAGE,20000.0,EDUCATION,16.95,0.11,16.0,643,0
42.0,female,High School,181718.0,21,OWN,8150.0,PERSONAL,6.99,0.04,17.0,628,0
38.0,male,Doctorate,182476.0,15,MORTGAGE,35000.0,DEBTCONSOLIDATION,8.9,0.19,12.0,700,0
41.0,female,High School,170147.0,17,MORTGAGE,25000.0,DEBTCONSOLIDATION,14.96,0.15,13.0,641,1
42.0,male,Bachelor,185816.0,21,OWN,20000.0,PERSONAL,11.01,0.11,15.0,683,0
36.0,female,Associate,186879.0,13,MORTGAGE,30000.0,DEBTCONSOLIDATION,7.9,0.16,17.0,658,0
37.0,male,Associate,186823.0,14,MORTGAGE,20000.0,HOMEIMPROVEMENT,6.54,0.11,15.0,623,0
42.0,male,High School,45049.0,23,RENT,15200.0,EDUCATION,14.26,0.34,16.0,686,1
47.0,female,Bachelor,187927.0,23,MORTGAGE,18000.0,EDUCATION,11.99,0.1,17.0,677,0
40.0,male,High School,192484.0,19,MORTGAGE,12000.0,EDUCATION,14.27,0.06,17.0,679,0
42.0,male,High School,192642.0,21,MORTGAGE,22000.0,MEDICAL,6.99,0.11,16.0,691,0
44.0,male,Master,54837.0,22,RENT,15775.0,VENTURE,10.99,0.29,12.0,602,1
39.0,female,High School,197813.0,16,MORTGAGE,35000.0,VENTURE,13.99,0.18,14.0,647,0
42.0,male,Associate,184252.0,20,MORTGAGE,25000.0,EDUCATION,20.0,0.14,14.0,664,1
47.0,female,Master,202441.0,24,MORTGAGE,8775.0,EDUCATION,8.49,0.04,12.0,615,0
36.0,male,Master,205106.0,14,MORTGAGE,25000.0,VENTURE,7.51,0.12,13.0,694,0
41.0,female,High School,205172.0,17,MORTGAGE,20000.0,MEDICAL,11.11,0.1,11.0,610,0
46.0,male,Associate,98855.0,24,RENT,16000.0,EDUCATION,10.99,0.16,16.0,671,0
42.0,male,Master,211215.0,20,MORTGAGE,7000.0,PERSONAL,12.99,0.03,13.0,663,0
44.0,male,High School,211336.0,22,MORTGAGE,15000.0,HOMEIMPROVEMENT,7.66,0.07,17.0,684,0
41.0,male,High School,167170.0,17,MORTGAGE,23000.0,MEDICAL,14.96,0.14,12.0,573,1
44.0,female,Bachelor,169912.0,19,MORTGAGE,35000.0,MEDICAL,16.49,0.21,15.0,634,1
47.0,male,Bachelor,214334.0,23,OWN,9000.0,VENTURE,10.99,0.04,17.0,695,0
46.0,female,High School,216903.0,24,MORTGAGE,18000.0,VENTURE,9.91,0.08,11.0,649,0
41.0,male,Associate,216865.0,18,OWN,14000.0,MEDICAL,5.99,0.06,11.0,694,0
37.0,male,Associate,218362.0,13,MORTGAGE,20000.0,DEBTCONSOLIDATION,13.85,0.09,17.0,695,0
40.0,male,High School,219227.0,20,MORTGAGE,25000.0,HOMEIMPROVEMENT,16.07,0.11,12.0,651,0
48.0,male,Doctorate,223150.0,25,MORTGAGE,10000.0,VENTURE,20.0,0.04,14.0,620,0
47.0,male,Associate,225202.0,25,MORTGAGE,14000.0,HOMEIMPROVEMENT,8.9,0.06,16.0,649,0
40.0,female,High School,225051.0,17,MORTGAGE,10000.0,DEBTCONSOLIDATION,7.9,0.04,17.0,706,0
43.0,male,Master,235207.0,23,MORTGAGE,10000.0,EDUCATION,12.73,0.04,12.0,643,0
44.0,female,High School,240858.0,23,MORTGAGE,20000.0,VENTURE,7.51,0.08,11.0,705,0
40.0,male,Associate,18474.0,18,OWN,8000.0,HOMEIMPROVEMENT,7.14,0.43,12.0,487,1
37.0,male,Associate,241378.0,19,MORTGAGE,10000.0,EDUCATION,13.8,0.04,16.0,684,0
38.0,male,Bachelor,240888.0,14,MORTGAGE,3000.0,EDUCATION,7.68,0.01,15.0,677,0
47.0,male,Bachelor,245751.0,25,MORTGAGE,10000.0,EDUCATION,13.06,0.04,13.0,573,0
37.0,male,Associate,246751.0,17,MORTGAGE,18000.0,EDUCATION,10.39,0.07,14.0,598,0
36.0,male,High School,207280.0,13,MORTGAGE,9400.0,MEDICAL,15.62,0.05,11.0,521,1
42.0,male,Associate,360723.0,20,RENT,16000.0,MEDICAL,9.63,0.04,15.0,639,0
42.0,male,Associate,269846.0,20,MORTGAGE,25000.0,EDUCATION,11.86,0.09,15.0,667,0
43.0,female,High School,84739.0,24,RENT,19200.0,MEDICAL,11.01,0.23,11.0,681,0
40.0,female,High School,301183.0,18,MORTGAGE,28000.0,EDUCATION,7.9,0.09,13.0,714,0
39.0,female,Bachelor,301107.0,17,MORTGAGE,4000.0,VENTURE,15.23,0.01,13.0,613,0
37.0,female,High School,300843.0,15,MORTGAGE,34000.0,EDUCATION,14.79,0.11,16.0,658,0
36.0,female,Associate,286397.0,15,MORTGAGE,25000.0,DEBTCONSOLIDATION,15.95,0.09,17.0,673,1
45.0,female,Associate,108083.0,21,RENT,19200.0,PERSONAL,11.01,0.18,12.0,574,0
40.0,female,High School,330700.0,20,MORTGAGE,24500.0,MEDICAL,10.99,0.07,13.0,704,0
36.0,male,High School,348890.0,16,MORTGAGE,25000.0,PERSONAL,15.65,0.07,16.0,564,0
37.0,female,Associate,294457.0,12,MORTGAGE,35000.0,MEDICAL,18.39,0.12,14.0,630,1
40.0,male,Associate,361012.0,18,MORTGAGE,16000.0,VENTURE,14.17,0.04,14.0,579,0
40.0,female,Associate,41577.0,17,RENT,19275.0,EDUCATION,14.5,0.46,11.0,664,1
38.0,female,Bachelor,376616.0,18,MORTGAGE,21600.0,DEBTCONSOLIDATION,11.01,0.06,16.0,630,0
42.0,female,Associate,381264.0,20,MORTGAGE,19400.0,PERSONAL,11.01,0.05,13.0,695,0
36.0,male,High School,314855.0,14,MORTGAGE,24000.0,MEDICAL,10.62,0.08,16.0,611,1
39.0,female,Associate,373545.0,17,MORTGAGE,15000.0,DEBTCONSOLIDATION,15.65,0.04,11.0,569,1
39.0,male,High School,390999.0,18,MORTGAGE,18000.0,PERSONAL,14.96,0.05,14.0,663,0
42.0,male,High School,433052.0,21,MORTGAGE,25000.0,EDUCATION,9.99,0.06,14.0,575,0
45.0,female,Bachelor,65948.0,24,RENT,19425.0,DEBTCONSOLIDATION,11.99,0.29,17.0,640,1
41.0,male,Associate,458696.0,17,MORTGAGE,35000.0,MEDICAL,13.49,0.08,14.0,558,0
41.0,male,High School,533530.0,19,MORTGAGE,2500.0,EDUCATION,15.31,0.0,11.0,667,0
40.0,male,Bachelor,660785.0,17,MORTGAGE,18000.0,VENTURE,11.12,0.03,12.0,739,0
40.0,female,Associate,661036.0,17,MORTGAGE,8000.0,MEDICAL,10.75,0.01,14.0,643,0
37.0,female,High School,721223.0,12,OWN,16000.0,HOMEIMPROVEMENT,10.25,0.02,14.0,599,0
42.0,male,High School,600928.0,17,OWN,24000.0,MEDICAL,18.43,0.04,11.0,667,1
42.0,male,Bachelor,721514.0,19,OTHER,25000.0,EDUCATION,14.74,0.03,11.0,696,0
43.0,male,High School,936880.0,21,MORTGAGE,1000.0,HOMEIMPROVEMENT,8.94,0.0,11.0,657,0
38.0,male,Associate,46000.0,15,RENT,19750.0,VENTURE,13.92,0.43,16.0,585,1
37.0,female,High School,961176.0,12,MORTGAGE,15000.0,DEBTCONSOLIDATION,11.36,0.02,17.0,655,0
36.0,female,Associate,994533.0,11,MORTGAGE,4200.0,HOMEIMPROVEMENT,11.01,0.0,16.0,649,0
42.0,female,Master,47899.0,21,RENT,19750.0,HOMEIMPROVEMENT,10.65,0.41,14.0,674,1
37.0,male,Associate,1081139.0,15,MORTGAGE,25000.0,PERSONAL,12.87,0.02,13.0,625,0
47.0,male,High School,1635757.0,24,MORTGAGE,6600.0,VENTURE,7.74,0.0,17.0,591,0
44.0,male,High School,1728974.0,20,MORTGAGE,6400.0,DEBTCONSOLIDATION,7.4,0.0,15.0,573,0
40.0,female,Doctorate,11372.0,22,OWN,2500.0,DEBTCONSOLIDATION,11.01,0.22,17.0,727,1
46.0,female,High School,10510.0,24,RENT,1600.0,MEDICAL,14.42,0.15,11.0,677,1
37.0,female,High School,9850.0,15,RENT,1000.0,VENTURE,11.14,0.1,13.0,473,0
37.0,male,High School,8104.0,16,OWN,1300.0,VENTURE,6.03,0.16,11.0,561,1
41.0,female,Master,8000.0,15,RENT,2000.0,MEDICAL,13.22,0.25,15.0,737,1
47.0,female,Master,96414.0,22,MORTGAGE,16000.0,MEDICAL,7.51,0.17,14.0,676,0
44.0,male,Bachelor,44165.0,23,MORTGAGE,1000.0,EDUCATION,7.51,0.02,17.0,691,0
47.0,male,Master,58865.0,24,RENT,2500.0,DEBTCONSOLIDATION,14.65,0.04,17.0,728,0
44.0,male,Associate,113951.0,23,MORTGAGE,4400.0,MEDICAL,7.29,0.04,11.0,722,0
46.0,male,Associate,57369.0,25,MORTGAGE,6000.0,PERSONAL,7.14,0.1,14.0,726,0
44.0,female,Bachelor,106684.0,25,RENT,8000.0,EDUCATION,10.38,0.07,11.0,702,0
38.0,male,High School,192784.0,13,MORTGAGE,14000.0,EDUCATION,6.62,0.07,16.0,609,0
48.0,male,Associate,23925.0,25,OWN,7000.0,MEDICAL,11.01,0.29,16.0,669,1
41.0,male,Associate,132989.0,19,MORTGAGE,30000.0,VENTURE,9.91,0.23,17.0,687,0
38.0,female,Associate,156842.0,17,MORTGAGE,30000.0,DEBTCONSOLIDATION,9.91,0.19,11.0,619,0
36.0,male,Associate,186926.0,15,MORTGAGE,30000.0,MEDICAL,7.9,0.16,14.0,636,0
47.0,female,High School,78901.0,26,RENT,3100.0,MEDICAL,13.49,0.04,16.0,573,0
50.0,male,Associate,71311.0,29,MORTGAGE,22000.0,MEDICAL,17.74,0.31,13.0,630,1
43.0,male,Associate,117832.0,22,RENT,24000.0,PERSONAL,10.99,0.2,16.0,673,0
46.0,male,High School,108938.0,27,MORTGAGE,20000.0,DEBTCONSOLIDATION,6.91,0.18,15.0,708,0
42.0,female,High School,432619.0,23,MORTGAGE,25000.0,HOMEIMPROVEMENT,9.99,0.06,17.0,692,0
50.0,male,Master,51223.0,27,RENT,5000.0,MEDICAL,15.31,0.1,12.0,644,1
50.0,female,High School,82734.0,26,MORTGAGE,10000.0,PERSONAL,11.49,0.12,16.0,594,0
48.0,male,Master,50732.0,26,RENT,5000.0,MEDICAL,7.29,0.1,14.0,669,0
36.0,female,Master,46976.0,15,RENT,2400.0,EDUCATION,18.39,0.05,13.0,562,0
37.0,female,High School,97006.0,15,RENT,25000.0,MEDICAL,13.11,0.26,16.0,700,1
37.0,male,Associate,130610.0,16,RENT,20000.0,VENTURE,16.32,0.15,13.0,705,1
38.0,male,Doctorate,21134.0,19,MORTGAGE,4375.0,EDUCATION,7.51,0.21,13.0,715,1
44.0,male,Associate,168723.0,20,OWN,21500.0,MEDICAL,11.83,0.13,11.0,541,0
41.0,female,High School,83847.0,15,RENT,4000.0,DEBTCONSOLIDATION,16.29,0.05,13.0,540,1
47.0,male,Associate,53796.0,24,RENT,8000.0,PERSONAL,11.01,0.15,15.0,662,1
47.0,male,Bachelor,45358.0,26,MORTGAGE,7400.0,HOMEIMPROVEMENT,8.0,0.16,15.0,717,0
38.0,female,High School,241072.0,19,MORTGAGE,20000.0,MEDICAL,11.48,0.08,11.0,487,0
44.0,female,High School,72869.0,25,MORTGAGE,15000.0,HOMEIMPROVEMENT,11.01,0.21,11.0,611,0
42.0,female,Associate,48590.0,17,MORTGAGE,2500.0,HOMEIMPROVEMENT,5.42,0.05,12.0,564,0
40.0,male,Associate,60932.0,21,MORTGAGE,6000.0,PERSONAL,14.96,0.1,15.0,746,0
39.0,male,High School,67282.0,18,RENT,24000.0,HOMEIMPROVEMENT,12.53,0.36,11.0,655,1
45.0,female,Associate,54908.0,26,MORTGAGE,14000.0,EDUCATION,6.62,0.25,12.0,581,0
38.0,female,Associate,89972.0,17,MORTGAGE,18000.0,DEBTCONSOLIDATION,14.35,0.2,17.0,537,0
39.0,male,High School,220363.0,16,RENT,12500.0,HOMEIMPROVEMENT,5.42,0.06,11.0,544,0
47.0,male,Master,78586.0,25,MORTGAGE,7000.0,VENTURE,14.35,0.09,17.0,659,0
36.0,female,Associate,258024.0,15,MORTGAGE,9400.0,HOMEIMPROVEMENT,15.62,0.04,12.0,699,0
41.0,male,High School,47141.0,16,RENT,7500.0,DEBTCONSOLIDATION,8.49,0.16,12.0,461,0
40.0,male,High School,52490.0,21,OWN,15000.0,EDUCATION,16.0,0.29,17.0,677,0
36.0,female,High School,994605.0,13,MORTGAGE,4200.0,MEDICAL,11.01,0.0,13.0,481,0
47.0,male,High School,22924.0,22,RENT,2000.0,MEDICAL,7.29,0.09,11.0,674,0
42.0,female,Bachelor,137533.0,20,MORTGAGE,19200.0,DEBTCONSOLIDATION,11.36,0.14,17.0,617,0
42.0,male,High School,78441.0,19,OWN,22750.0,VENTURE,8.9,0.29,17.0,562,0
48.0,male,Master,34607.0,23,MORTGAGE,7500.0,EDUCATION,7.74,0.22,17.0,679,0
36.0,male,Associate,301158.0,11,RENT,20000.0,DEBTCONSOLIDATION,7.88,0.07,17.0,665,0
47.0,female,Doctorate,22639.0,26,MORTGAGE,3000.0,DEBTCONSOLIDATION,5.42,0.13,13.0,679,1
43.0,male,Bachelor,44328.0,20,RENT,9000.0,MEDICAL,5.79,0.2,14.0,690,0
39.0,female,Associate,242374.0,16,RENT,13500.0,VENTURE,11.49,0.06,16.0,605,0
50.0,female,Associate,24124.0,26,RENT,4000.0,DEBTCONSOLIDATION,11.01,0.17,11.0,705,1
48.0,male,Associate,37224.0,24,MORTGAGE,2100.0,VENTURE,12.42,0.06,16.0,693,0
42.0,male,Associate,151217.0,22,MORTGAGE,35000.0,VENTURE,7.9,0.23,17.0,675,0
40.0,female,High School,40615.0,19,RENT,13775.0,HOMEIMPROVEMENT,12.98,0.34,11.0,685,1
37.0,male,Bachelor,937126.0,14,RENT,7500.0,VENTURE,12.18,0.01,13.0,692,0
37.0,female,Bachelor,106582.0,18,RENT,25000.0,EDUCATION,19.66,0.23,15.0,750,1
40.0,female,Associate,84922.0,13,MORTGAGE,18000.0,EDUCATION,7.9,0.21,14.0,727,0
49.0,male,High School,92822.0,26,MORTGAGE,15000.0,PERSONAL,14.84,0.16,11.0,668,0
43.0,male,Bachelor,480837.0,21,MORTGAGE,28000.0,HOMEIMPROVEMENT,9.91,0.06,11.0,702,0
40.0,female,Bachelor,151146.0,17,MORTGAGE,10200.0,HOMEIMPROVEMENT,7.49,0.07,14.0,721,0
47.0,female,Master,63234.0,24,MORTGAGE,12000.0,DEBTCONSOLIDATION,7.29,0.19,13.0,513,0
42.0,female,Master,94822.0,21,MORTGAGE,20000.0,VENTURE,10.99,0.21,12.0,721,0
42.0,female,Associate,58876.0,19,OWN,3500.0,EDUCATION,14.35,0.06,17.0,564,0
44.0,female,Associate,75908.0,20,RENT,10000.0,PERSONAL,16.82,0.13,15.0,697,1
40.0,female,Associate,56680.0,14,RENT,20000.0,DEBTCONSOLIDATION,14.61,0.35,13.0,540,1
47.0,female,Associate,63675.0,26,RENT,6000.0,MEDICAL,10.99,0.09,14.0,658,0
45.0,male,Associate,143857.0,23,MORTGAGE,5000.0,VENTURE,11.49,0.03,13.0,718,0
43.0,female,Doctorate,55997.0,23,RENT,13000.0,MEDICAL,15.7,0.23,15.0,617,1
41.0,female,High School,46963.0,20,RENT,8875.0,MEDICAL,19.03,0.19,11.0,698,0
42.0,female,Associate,38544.0,22,MORTGAGE,7200.0,DEBTCONSOLIDATION,11.99,0.19,16.0,734,0
48.0,male,Associate,72975.0,24,MORTGAGE,2500.0,VENTURE,7.29,0.03,13.0,701,0
41.0,male,Associate,124600.0,20,MORTGAGE,20000.0,DEBTCONSOLIDATION,14.61,0.16,16.0,652,1
37.0,male,High School,16000.0,16,RENT,4000.0,VENTURE,9.99,0.25,13.0,724,1
36.0,male,Associate,88307.0,16,RENT,24000.0,HOMEIMPROVEMENT,14.09,0.27,16.0,699,1
44.0,female,High School,144912.0,20,MORTGAGE,4000.0,VENTURE,11.01,0.03,14.0,699,0
42.0,male,High School,36995.0,23,RENT,8000.0,VENTURE,14.96,0.22,12.0,727,0
39.0,male,Associate,58602.0,21,MORTGAGE,3000.0,MEDICAL,5.42,0.05,16.0,663,0
37.0,male,High School,224131.0,15,OWN,3000.0,VENTURE,6.39,0.01,13.0,695,0
39.0,female,Bachelor,42877.0,19,RENT,8000.0,MEDICAL,13.22,0.19,16.0,527,0
41.0,female,High School,36718.0,17,RENT,8875.0,PERSONAL,5.42,0.24,16.0,609,0
41.0,male,High School,458692.0,18,MORTGAGE,35000.0,PERSONAL,13.49,0.08,16.0,676,0
45.0,male,Associate,52002.0,25,MORTGAGE,7475.0,HOMEIMPROVEMENT,13.49,0.14,13.0,690,0
50.0,male,Associate,145406.0,29,MORTGAGE,5575.0,VENTURE,15.2,0.04,17.0,651,0
37.0,female,High School,70806.0,14,RENT,18200.0,VENTURE,10.99,0.26,17.0,528,1
42.0,male,Associate,64118.0,21,MORTGAGE,21000.0,PERSONAL,10.38,0.33,15.0,687,0
46.0,male,Master,404281.0,21,OWN,9000.0,EDUCATION,11.49,0.02,14.0,673,0
40.0,male,High School,27049.0,21,MORTGAGE,1500.0,MEDICAL,11.12,0.06,17.0,621,0
44.0,female,Associate,96947.0,20,MORTGAGE,25000.0,HOMEIMPROVEMENT,15.33,0.26,11.0,721,0
47.0,male,Associate,65551.0,26,MORTGAGE,15000.0,HOMEIMPROVEMENT,11.71,0.23,16.0,613,0
37.0,male,Associate,103314.0,11,RENT,35000.0,DEBTCONSOLIDATION,8.9,0.34,17.0,642,1
47.0,female,High School,61094.0,29,MORTGAGE,4000.0,VENTURE,11.01,0.07,17.0,685,0
44.0,female,High School,74194.0,21,RENT,11000.0,DEBTCONSOLIDATION,16.02,0.15,12.0,619,1
46.0,male,Associate,87513.0,23,RENT,17000.0,HOMEIMPROVEMENT,8.88,0.19,14.0,678,0
49.0,female,Associate,145191.0,25,MORTGAGE,12000.0,MEDICAL,10.99,0.08,12.0,680,0
40.0,female,Associate,179191.0,20,MORTGAGE,5000.0,VENTURE,6.03,0.03,11.0,708,0
48.0,female,Bachelor,169005.0,27,MORTGAGE,18000.0,EDUCATION,9.99,0.11,12.0,652,0
46.0,female,Associate,106941.0,25,MORTGAGE,30000.0,MEDICAL,18.39,0.28,16.0,744,1
49.0,female,High School,18921.0,26,RENT,2400.0,MEDICAL,9.91,0.13,13.0,626,1
49.0,female,Bachelor,78671.0,31,MORTGAGE,10000.0,MEDICAL,16.49,0.13,12.0,562,1
38.0,male,Associate,21480.0,16,OWN,1000.0,VENTURE,16.29,0.05,13.0,587,0
36.0,male,High School,216811.0,15,OTHER,20000.0,PERSONAL,11.48,0.09,15.0,561,1
42.0,male,Associate,85056.0,21,RENT,12000.0,PERSONAL,11.01,0.14,17.0,703,0
47.0,male,High School,121130.0,24,MORTGAGE,2500.0,VENTURE,9.99,0.02,16.0,585,0
38.0,male,Bachelor,114955.0,19,OWN,14000.0,VENTURE,17.74,0.12,17.0,686,0
44.0,male,High School,58555.0,23,MORTGAGE,17500.0,HOMEIMPROVEMENT,12.18,0.3,11.0,638,0
40.0,female,High School,104057.0,21,RENT,20000.0,EDUCATION,14.54,0.19,13.0,586,1
39.0,female,High School,29344.0,15,RENT,8500.0,DEBTCONSOLIDATION,7.49,0.29,12.0,547,1
43.0,male,Associate,65475.0,22,RENT,9000.0,PERSONAL,15.65,0.14,14.0,721,1
43.0,female,Associate,166589.0,20,MORTGAGE,9900.0,EDUCATION,6.99,0.06,14.0,624,0
42.0,female,High School,90878.0,18,RENT,17000.0,MEDICAL,7.9,0.19,13.0,686,0
41.0,male,High School,111331.0,21,MORTGAGE,12000.0,EDUCATION,7.66,0.11,13.0,705,0
36.0,female,Bachelor,516694.0,15,RENT,25000.0,EDUCATION,13.8,0.05,11.0,513,0
38.0,male,High School,168975.0,17,MORTGAGE,25000.0,VENTURE,9.99,0.15,13.0,578,0
43.0,male,Associate,52223.0,17,MORTGAGE,15000.0,PERSONAL,8.88,0.29,15.0,678,0
43.0,female,Associate,421034.0,17,MORTGAGE,18000.0,PERSONAL,11.49,0.04,14.0,697,0
39.0,female,Bachelor,54891.0,20,MORTGAGE,12000.0,PERSONAL,14.72,0.22,13.0,725,0
47.0,female,Associate,57415.0,25,MORTGAGE,7500.0,MEDICAL,6.62,0.13,13.0,655,0
39.0,male,Associate,22955.0,19,RENT,1200.0,EDUCATION,14.74,0.05,17.0,721,1
36.0,male,Associate,163068.0,14,MORTGAGE,2500.0,VENTURE,14.91,0.02,17.0,701,0
36.0,male,High School,193168.0,15,OWN,24000.0,VENTURE,14.96,0.12,15.0,635,0
42.0,male,Associate,55221.0,19,RENT,18200.0,MEDICAL,10.83,0.33,16.0,597,1
39.0,female,Bachelor,391019.0,15,MORTGAGE,18000.0,PERSONAL,14.96,0.05,17.0,692,0
39.0,male,Associate,49280.0,14,OWN,1000.0,VENTURE,10.37,0.02,16.0,521,0
48.0,male,High School,145015.0,26,MORTGAGE,3600.0,HOMEIMPROVEMENT,11.01,0.02,16.0,667,0
46.0,male,Master,217194.0,24,MORTGAGE,18000.0,MEDICAL,9.91,0.08,12.0,585,0
43.0,male,Associate,62482.0,23,RENT,1500.0,VENTURE,11.86,0.02,12.0,692,0
42.0,female,Bachelor,78378.0,19,MORTGAGE,30000.0,MEDICAL,19.03,0.38,14.0,687,1
39.0,male,High School,180785.0,19,MORTGAGE,30000.0,MEDICAL,8.9,0.17,11.0,678,0
41.0,male,Master,108893.0,17,MORTGAGE,3000.0,PERSONAL,7.14,0.03,17.0,589,0
45.0,male,Master,73300.0,27,RENT,25000.0,EDUCATION,9.99,0.34,14.0,711,1
48.0,male,Master,80158.0,24,RENT,6000.0,HOMEIMPROVEMENT,11.89,0.07,16.0,608,0
38.0,female,High School,48756.0,18,MORTGAGE,10000.0,PERSONAL,5.99,0.21,17.0,616,0
46.0,male,High School,73021.0,20,RENT,15000.0,HOMEIMPROVEMENT,16.32,0.21,16.0,629,0
46.0,female,Doctorate,68149.0,23,MORTGAGE,6000.0,MEDICAL,11.01,0.09,13.0,759,0
36.0,male,High School,65529.0,17,MORTGAGE,18200.0,DEBTCONSOLIDATION,18.25,0.28,12.0,602,1
42.0,female,Associate,47263.0,17,RENT,13000.0,MEDICAL,11.01,0.28,17.0,674,1
45.0,male,Associate,78193.0,26,MORTGAGE,6000.0,PERSONAL,7.29,0.08,12.0,555,0
43.0,male,Associate,135511.0,24,MORTGAGE,25000.0,PERSONAL,14.96,0.18,16.0,562,0
38.0,female,High School,15187.0,15,OWN,4800.0,EDUCATION,7.29,0.32,12.0,540,1
42.0,female,Associate,721408.0,18,OTHER,25000.0,HOMEIMPROVEMENT,14.74,0.03,16.0,656,0
38.0,female,Bachelor,241127.0,17,MORTGAGE,3000.0,DEBTCONSOLIDATION,7.68,0.01,12.0,684,0
38.0,male,Associate,132929.0,17,MORTGAGE,16000.0,MEDICAL,11.99,0.12,13.0,535,0
42.0,female,Associate,121647.0,16,MORTGAGE,25000.0,DEBTCONSOLIDATION,16.15,0.21,14.0,693,1
40.0,female,Associate,63352.0,17,RENT,15000.0,EDUCATION,18.62,0.24,16.0,617,1
58.0,male,Master,1080918.0,40,RENT,19600.0,DEBTCONSOLIDATION,13.98,0.02,28.0,688,0
65.0,female,Associate,92502.0,43,RENT,35000.0,EDUCATION,10.99,0.38,27.0,735,1
51.0,female,Doctorate,802050.0,26,MORTGAGE,10000.0,PERSONAL,13.98,0.01,22.0,760,0
53.0,male,High School,103338.0,30,RENT,35000.0,PERSONAL,15.65,0.34,19.0,649,1
58.0,male,Bachelor,130995.0,33,RENT,35000.0,PERSONAL,14.91,0.27,19.0,740,1
51.0,male,Bachelor,600734.0,33,MORTGAGE,20000.0,PERSONAL,10.37,0.03,19.0,683,0
53.0,male,Associate,366923.0,31,RENT,5000.0,VENTURE,8.88,0.01,29.0,699,0
66.0,male,High School,360994.0,44,MORTGAGE,28000.0,PERSONAL,6.62,0.08,23.0,731,0
61.0,male,High School,193233.0,43,RENT,30000.0,PERSONAL,11.01,0.16,27.0,734,0
54.0,male,High School,65135.0,34,RENT,29850.0,HOMEIMPROVEMENT,11.01,0.46,28.0,637,1
51.0,male,Associate,312914.0,29,MORTGAGE,14000.0,PERSONAL,7.66,0.04,26.0,601,0
66.0,female,High School,73126.0,42,RENT,27050.0,MEDICAL,11.01,0.37,28.0,719,1
57.0,male,Associate,18747.0,34,MORTGAGE,3000.0,DEBTCONSOLIDATION,12.68,0.16,23.0,676,1
59.0,male,High School,210967.0,37,RENT,12000.0,PERSONAL,10.59,0.06,27.0,656,0
51.0,male,Associate,184501.0,27,RENT,25000.0,PERSONAL,15.58,0.14,23.0,707,1
62.0,male,High School,83162.0,44,RENT,24250.0,MEDICAL,12.73,0.29,28.0,692,1
51.0,male,Associate,20994.0,30,OWN,1000.0,PERSONAL,11.11,0.05,22.0,638,0
53.0,female,High School,84871.0,32,RENT,24000.0,PERSONAL,16.77,0.28,20.0,568,1
54.0,female,Master,93355.0,30,RENT,24000.0,VENTURE,13.49,0.26,21.0,702,1
66.0,female,High School,52410.0,45,RENT,22250.0,DEBTCONSOLIDATION,14.59,0.42,23.0,672,1
60.0,male,Associate,55982.0,36,RENT,20000.0,PERSONAL,10.0,0.36,20.0,647,1
54.0,male,Doctorate,61146.0,31,RENT,20000.0,DEBTCONSOLIDATION,7.9,0.33,20.0,714,1
55.0,male,Associate,61231.0,33,RENT,20000.0,HOMEIMPROVEMENT,7.51,0.33,30.0,660,1
52.0,male,Associate,66832.0,31,RENT,20000.0,HOMEIMPROVEMENT,7.49,0.3,25.0,704,1
61.0,female,Master,62093.0,40,RENT,20000.0,MEDICAL,14.09,0.32,21.0,727,1
52.0,female,High School,71397.0,32,RENT,20000.0,DEBTCONSOLIDATION,15.58,0.28,22.0,708,1
55.0,female,Bachelor,90925.0,31,RENT,20000.0,MEDICAL,11.83,0.22,23.0,659,0
62.0,female,High School,92429.0,36,RENT,20000.0,EDUCATION,16.77,0.22,29.0,690,1
64.0,female,High School,126989.0,41,RENT,20000.0,HOMEIMPROVEMENT,18.64,0.16,30.0,631,0
52.0,female,Master,27942.0,29,MORTGAGE,6000.0,PERSONAL,13.49,0.21,21.0,715,0
51.0,male,Associate,22863.0,30,RENT,1000.0,PERSONAL,14.65,0.04,20.0,707,1
52.0,female,High School,60964.0,29,RENT,18000.0,MEDICAL,14.59,0.3,25.0,623,1
51.0,female,Associate,97221.0,32,RENT,18000.0,VENTURE,18.78,0.19,19.0,648,0
52.0,female,High School,102010.0,30,RENT,18000.0,VENTURE,8.49,0.18,24.0,702,0
51.0,female,High School,54939.0,25,RENT,16000.0,DEBTCONSOLIDATION,7.9,0.29,19.0,560,1
54.0,female,High School,41397.0,32,RENT,1000.0,DEBTCONSOLIDATION,10.65,0.02,29.0,702,1
70.0,male,Bachelor,36838.0,47,RENT,1000.0,DEBTCONSOLIDATION,17.49,0.03,21.0,643,1
55.0,female,Associate,65580.0,27,RENT,1000.0,DEBTCONSOLIDATION,13.99,0.02,27.0,672,1
52.0,male,High School,103180.0,29,RENT,1000.0,MEDICAL,8.9,0.01,28.0,642,0
52.0,male,Bachelor,19532.0,30,RENT,1200.0,PERSONAL,11.01,0.06,20.0,711,1
58.0,male,Bachelor,41332.0,37,RENT,1500.0,EDUCATION,14.79,0.04,28.0,679,0
52.0,male,Bachelor,66019.0,34,RENT,1500.0,PERSONAL,8.49,0.02,24.0,735,1
51.0,male,High School,70619.0,28,RENT,1500.0,MEDICAL,19.03,0.02,22.0,645,1
58.0,male,High School,53297.0,38,RENT,1800.0,EDUCATION,14.96,0.03,21.0,715,0
54.0,male,Associate,36090.0,34,MORTGAGE,2500.0,PERSONAL,11.71,0.07,24.0,743,0
60.0,male,Master,118615.0,39,RENT,15000.0,DEBTCONSOLIDATION,16.29,0.13,25.0,631,1
53.0,male,Bachelor,166538.0,34,RENT,15000.0,PERSONAL,12.69,0.09,21.0,715,1
58.0,male,Bachelor,62551.0,33,RENT,13500.0,PERSONAL,11.58,0.22,21.0,750,0
51.0,male,Associate,46566.0,27,RENT,13000.0,PERSONAL,12.42,0.28,18.0,668,1
55.0,male,Associate,47753.0,35,RENT,13000.0,HOMEIMPROVEMENT,11.48,0.27,27.0,715,1
53.0,male,High School,32910.0,30,RENT,2500.0,DEBTCONSOLIDATION,11.01,0.08,28.0,639,0
57.0,male,Associate,32365.0,37,RENT,2500.0,PERSONAL,13.48,0.08,18.0,632,0
60.0,female,Associate,35675.0,35,RENT,2500.0,HOMEIMPROVEMENT,15.33,0.07,27.0,650,1
58.0,male,Associate,48809.0,29,RENT,2500.0,VENTURE,10.37,0.05,27.0,638,0
57.0,male,Associate,20300.0,37,RENT,3000.0,MEDICAL,10.38,0.15,20.0,712,1
51.0,female,Bachelor,45772.0,27,RENT,3000.0,MEDICAL,10.62,0.07,30.0,722,1
57.0,male,Bachelor,55491.0,34,RENT,3000.0,VENTURE,9.91,0.05,20.0,719,0
78.0,male,Associate,58463.0,57,RENT,3000.0,MEDICAL,7.51,0.05,25.0,754,0
51.0,male,Associate,60925.0,28,RENT,12000.0,DEBTCONSOLIDATION,10.37,0.2,25.0,658,0
53.0,male,Doctorate,41702.0,29,MORTGAGE,10000.0,MEDICAL,10.39,0.24,30.0,755,1
65.0,male,High School,70759.0,41,RENT,3000.0,EDUCATION,11.01,0.04,27.0,667,0
58.0,female,Associate,34009.0,33,RENT,3500.0,HOMEIMPROVEMENT,16.0,0.1,21.0,672,1
70.0,male,Associate,49419.0,46,RENT,3600.0,MEDICAL,15.23,0.07,19.0,712,0
66.0,female,Bachelor,47014.0,44,RENT,11000.0,MEDICAL,5.42,0.23,19.0,743,0
52.0,male,High School,58544.0,32,RENT,11000.0,MEDICAL,12.73,0.19,22.0,684,0
52.0,male,Bachelor,102892.0,31,RENT,11000.0,DEBTCONSOLIDATION,12.42,0.11,25.0,685,0
69.0,male,Bachelor,45454.0,49,RENT,10750.0,MEDICAL,14.59,0.24,27.0,770,0
65.0,male,High School,56322.0,44,RENT,10500.0,VENTURE,16.32,0.19,24.0,701,0
58.0,female,Associate,24991.0,31,RENT,4000.0,EDUCATION,9.99,0.16,30.0,650,0
55.0,female,Associate,30598.0,34,RENT,4000.0,VENTURE,13.92,0.13,27.0,663,0
53.0,female,High School,49061.0,31,RENT,4000.0,VENTURE,12.99,0.08,22.0,697,0
54.0,male,Bachelor,48124.0,29,MORTGAGE,20000.0,PERSONAL,10.71,0.42,19.0,704,0
53.0,male,Associate,29562.0,26,RENT,4400.0,MEDICAL,12.42,0.15,23.0,732,0
59.0,male,Bachelor,48675.0,37,MORTGAGE,3600.0,PERSONAL,7.49,0.07,24.0,618,0
53.0,female,Associate,72980.0,32,RENT,4425.0,MEDICAL,8.9,0.06,29.0,690,0
52.0,male,High School,61034.0,29,RENT,4500.0,EDUCATION,11.89,0.07,25.0,718,0
58.0,male,Associate,87259.0,39,RENT,4500.0,EDUCATION,11.01,0.05,18.0,700,0
52.0,female,High School,110029.0,31,RENT,4500.0,MEDICAL,14.72,0.04,28.0,631,0
60.0,male,Associate,38908.0,35,RENT,4650.0,DEBTCONSOLIDATION,13.23,0.12,27.0,671,0
64.0,male,Bachelor,56272.0,44,RENT,4800.0,PERSONAL,11.09,0.09,24.0,759,0
69.0,male,Master,97535.0,48,RENT,4800.0,MEDICAL,14.79,0.05,22.0,784,0
54.0,female,High School,129725.0,34,RENT,10000.0,VENTURE,9.91,0.08,20.0,744,0
56.0,male,Master,181110.0,31,RENT,10000.0,HOMEIMPROVEMENT,13.49,0.06,20.0,668,0
73.0,female,Bachelor,51415.0,47,MORTGAGE,5000.0,PERSONAL,7.49,0.1,28.0,706,0
52.0,male,High School,37150.0,32,RENT,5000.0,MEDICAL,12.73,0.13,18.0,712,0
70.0,male,Associate,36738.0,43,RENT,5000.0,MEDICAL,10.96,0.14,28.0,728,0
60.0,male,High School,45700.0,35,MORTGAGE,10000.0,PERSONAL,6.54,0.22,27.0,596,1
70.0,male,Bachelor,53308.0,50,MORTGAGE,7000.0,PERSONAL,11.66,0.13,24.0,651,0
51.0,male,High School,120023.0,27,RENT,9000.0,HOMEIMPROVEMENT,11.49,0.07,22.0,566,0
51.0,male,High School,73504.0,27,RENT,8500.0,DEBTCONSOLIDATION,5.79,0.12,18.0,681,0
57.0,male,Associate,69090.0,31,RENT,5000.0,PERSONAL,15.96,0.07,24.0,727,0
58.0,male,High School,54761.0,35,MORTGAGE,3500.0,PERSONAL,6.76,0.06,20.0,730,0
52.0,male,Bachelor,78637.0,30,RENT,5000.0,PERSONAL,11.26,0.06,25.0,722,0
53.0,female,High School,106767.0,31,RENT,5000.0,EDUCATION,8.49,0.05,25.0,664,0
58.0,female,Associate,55708.0,38,MORTGAGE,6000.0,PERSONAL,12.99,0.11,25.0,677,0
53.0,female,High School,56460.0,28,OWN,4925.0,PERSONAL,11.71,0.09,28.0,660,0
63.0,female,Master,45566.0,43,RENT,5450.0,DEBTCONSOLIDATION,15.96,0.12,22.0,662,1
51.0,female,High School,57067.0,33,MORTGAGE,11600.0,PERSONAL,8.94,0.2,30.0,727,0
55.0,female,Associate,58697.0,36,RENT,5500.0,EDUCATION,10.62,0.09,22.0,679,1
53.0,male,Associate,55194.0,29,RENT,5600.0,DEBTCONSOLIDATION,13.79,0.1,22.0,712,0
51.0,male,High School,51152.0,29,MORTGAGE,15000.0,DEBTCONSOLIDATION,13.99,0.29,20.0,674,1
55.0,male,Master,66062.0,33,RENT,5800.0,VENTURE,6.76,0.09,24.0,725,0
69.0,female,Bachelor,29825.0,47,RENT,6000.0,MEDICAL,6.62,0.2,20.0,720,0
54.0,female,Doctorate,58468.0,28,OWN,6000.0,PERSONAL,8.0,0.1,20.0,730,0
52.0,female,High School,43018.0,28,RENT,6000.0,PERSONAL,11.01,0.14,22.0,639,0
60.0,male,High School,59850.0,36,OWN,12000.0,PERSONAL,13.79,0.2,30.0,619,0
62.0,female,High School,80473.0,40,RENT,6000.0,EDUCATION,11.01,0.07,23.0,661,0
53.0,female,Master,61102.0,31,MORTGAGE,4500.0,PERSONAL,11.01,0.07,18.0,646,0
51.0,male,High School,118380.0,26,RENT,6000.0,PERSONAL,15.96,0.05,23.0,687,0
53.0,female,Associate,132972.0,32,RENT,6000.0,VENTURE,7.9,0.05,23.0,683,0
56.0,male,High School,24016.0,30,RENT,6025.0,VENTURE,11.71,0.25,19.0,678,1
52.0,male,High School,91601.0,29,RENT,6125.0,DEBTCONSOLIDATION,7.74,0.07,18.0,721,0
51.0,male,Doctorate,85981.0,32,RENT,7000.0,VENTURE,11.01,0.08,21.0,712,0
52.0,female,Associate,87091.0,29,RENT,7000.0,VENTURE,16.82,0.08,28.0,707,1
52.0,male,Master,63244.0,33,OWN,9600.0,PERSONAL,8.49,0.15,19.0,736,0
54.0,male,Doctorate,63553.0,36,MORTGAGE,1000.0,PERSONAL,10.0,0.02,26.0,742,0
52.0,female,Associate,181320.0,28,RENT,7000.0,DEBTCONSOLIDATION,6.99,0.04,28.0,642,0
57.0,female,Associate,205028.0,35,RENT,6300.0,HOMEIMPROVEMENT,13.11,0.03,26.0,615,0
94.0,male,High School,29738.0,76,RENT,6500.0,MEDICAL,11.01,0.22,27.0,773,0
52.0,male,High School,63561.0,26,MORTGAGE,10000.0,PERSONAL,11.01,0.16,29.0,669,0
57.0,male,Associate,85080.0,37,RENT,6600.0,VENTURE,10.99,0.08,21.0,692,0
61.0,female,Doctorate,64516.0,39,MORTGAGE,7000.0,PERSONAL,7.49,0.11,23.0,765,0
57.0,male,Associate,94036.0,35,RENT,6625.0,VENTURE,7.66,0.07,29.0,694,0
57.0,male,Associate,64312.0,34,MORTGAGE,5800.0,PERSONAL,13.16,0.09,30.0,666,0
80.0,male,High School,77894.0,62,RENT,6800.0,MEDICAL,11.71,0.09,25.0,673,0
66.0,male,High School,51533.0,44,RENT,6475.0,MEDICAL,9.99,0.13,24.0,728,0
53.0,female,Associate,34453.0,26,RENT,7000.0,DEBTCONSOLIDATION,6.0,0.2,26.0,609,0
59.0,female,Bachelor,66850.0,38,MORTGAGE,1000.0,PERSONAL,10.59,0.01,29.0,693,0
66.0,male,Associate,48899.0,42,RENT,7000.0,EDUCATION,15.68,0.14,29.0,686,1
51.0,male,Associate,66734.0,29,MORTGAGE,16750.0,PERSONAL,15.2,0.25,21.0,675,0
58.0,male,Associate,59833.0,33,MORTGAGE,7500.0,MEDICAL,13.55,0.13,24.0,581,1
54.0,male,Associate,28403.0,31,RENT,7500.0,MEDICAL,11.89,0.26,22.0,549,1
56.0,male,High School,78919.0,31,RENT,7700.0,DEBTCONSOLIDATION,5.42,0.1,24.0,659,0
52.0,female,High School,63233.0,30,MORTGAGE,17000.0,MEDICAL,7.88,0.27,18.0,601,1
73.0,male,Bachelor,90678.0,47,RENT,7800.0,MEDICAL,11.01,0.09,24.0,696,0
51.0,female,Associate,34474.0,29,RENT,8000.0,VENTURE,11.86,0.23,26.0,617,0
52.0,male,High School,41628.0,28,RENT,8000.0,MEDICAL,9.25,0.19,25.0,613,0
62.0,male,High School,73064.0,41,MORTGAGE,16000.0,PERSONAL,8.9,0.22,19.0,667,0
70.0,male,High School,51635.0,50,RENT,8000.0,MEDICAL,9.63,0.15,24.0,657,0
51.0,female,High School,72595.0,24,MORTGAGE,7500.0,PERSONAL,11.01,0.1,24.0,606,0
60.0,female,Associate,73011.0,38,OWN,9000.0,PERSONAL,13.8,0.12,27.0,676,0
55.0,female,High School,61739.0,34,RENT,8000.0,PERSONAL,5.79,0.13,26.0,587,0
66.0,female,Associate,65768.0,44,RENT,8000.0,MEDICAL,16.02,0.12,26.0,741,0
51.0,male,High School,72922.0,29,MORTGAGE,8000.0,PERSONAL,13.48,0.11,23.0,579,0
54.0,female,High School,25099.0,34,RENT,5000.0,DEBTCONSOLIDATION,11.01,0.2,19.0,685,0
53.0,male,Associate,29526.0,32,RENT,5000.0,EDUCATION,14.42,0.17,27.0,670,1
52.0,male,Bachelor,31111.0,30,RENT,5000.0,MEDICAL,12.61,0.16,22.0,678,1
55.0,male,Associate,74199.0,35,MORTGAGE,8500.0,PERSONAL,6.76,0.11,20.0,670,0
51.0,male,High School,75661.0,26,RENT,8000.0,VENTURE,11.01,0.11,30.0,698,0
57.0,female,Associate,78215.0,32,RENT,8000.0,VENTURE,8.9,0.1,19.0,673,0
52.0,female,High School,100980.0,33,RENT,8000.0,DEBTCONSOLIDATION,15.96,0.08,30.0,634,0
53.0,female,Master,102846.0,30,RENT,8000.0,MEDICAL,7.74,0.08,28.0,751,0
57.0,male,Bachelor,75405.0,33,MORTGAGE,2000.0,PERSONAL,13.72,0.03,24.0,729,0
51.0,female,Associate,55516.0,30,RENT,8400.0,MEDICAL,13.11,0.15,18.0,658,0
62.0,female,Bachelor,62703.0,38,RENT,8525.0,PERSONAL,6.54,0.14,24.0,577,0
56.0,female,Associate,39886.0,32,RENT,8575.0,MEDICAL,7.51,0.21,18.0,694,0
54.0,male,High School,78879.0,29,MORTGAGE,9600.0,PERSONAL,15.99,0.12,20.0,650,0
51.0,male,Bachelor,63741.0,29,RENT,9200.0,VENTURE,13.61,0.14,24.0,712,0
53.0,male,Bachelor,66909.0,30,RENT,9500.0,HOMEIMPROVEMENT,5.42,0.14,26.0,644,0
59.0,male,High School,51274.0,37,RENT,9600.0,PERSONAL,7.66,0.19,19.0,711,0
51.0,female,Bachelor,82135.0,25,MORTGAGE,15000.0,PERSONAL,13.11,0.18,27.0,669,0
58.0,male,Doctorate,82698.0,34,MORTGAGE,8000.0,PERSONAL,10.99,0.1,29.0,695,0
51.0,male,Bachelor,44388.0,31,RENT,10000.0,MEDICAL,15.65,0.23,30.0,698,0
52.0,male,High School,85005.0,33,OWN,12000.0,PERSONAL,11.11,0.14,22.0,645,0
56.0,male,Bachelor,84905.0,37,MORTGAGE,2500.0,PERSONAL,5.99,0.03,23.0,726,0
53.0,male,Doctorate,52724.0,30,RENT,10000.0,VENTURE,9.88,0.19,30.0,693,0
56.0,female,Associate,85147.0,32,MORTGAGE,15000.0,PERSONAL,10.38,0.18,20.0,626,0
65.0,male,High School,55802.0,41,RENT,10000.0,PERSONAL,11.01,0.18,29.0,659,0
61.0,male,High School,14174.0,38,RENT,4000.0,PERSONAL,12.21,0.28,25.0,633,1
56.0,male,Bachelor,87228.0,35,OWN,7425.0,PERSONAL,9.99,0.09,22.0,628,0
60.0,male,Associate,87299.0,39,OWN,10000.0,PERSONAL,10.59,0.11,24.0,637,0
51.0,male,High School,88355.0,30,MORTGAGE,5700.0,PERSONAL,7.66,0.06,28.0,691,0
56.0,male,Associate,72214.0,31,RENT,10000.0,DEBTCONSOLIDATION,13.61,0.14,20.0,681,0
53.0,male,High School,66067.0,28,RENT,10000.0,MEDICAL,14.59,0.15,27.0,646,1
51.0,male,Master,90677.0,28,MORTGAGE,3000.0,PERSONAL,13.49,0.03,18.0,713,0
64.0,male,Bachelor,68127.0,44,RENT,10000.0,DEBTCONSOLIDATION,16.82,0.15,18.0,690,1
55.0,male,High School,90949.0,31,MORTGAGE,7700.0,PERSONAL,14.84,0.08,18.0,626,0
55.0,male,Associate,90685.0,32,MORTGAGE,10000.0,PERSONAL,7.51,0.11,20.0,687,0
53.0,male,Associate,91228.0,31,MORTGAGE,10000.0,PERSONAL,8.94,0.11,19.0,641,0
61.0,female,Bachelor,108960.0,38,RENT,10000.0,MEDICAL,5.79,0.09,20.0,702,0
51.0,female,Master,93491.0,29,MORTGAGE,15000.0,PERSONAL,9.99,0.16,20.0,690,0
52.0,female,Associate,44152.0,27,RENT,11200.0,DEBTCONSOLIDATION,12.18,0.25,29.0,638,1
62.0,female,Associate,75378.0,40,MORTGAGE,25000.0,MEDICAL,13.43,0.33,28.0,666,1
54.0,male,Associate,97013.0,30,MORTGAGE,1800.0,PERSONAL,9.88,0.02,21.0,617,0
53.0,male,Master,97028.0,33,OWN,15000.0,PERSONAL,6.62,0.15,24.0,734,0
55.0,female,Associate,41815.0,33,RENT,12000.0,DEBTCONSOLIDATION,6.92,0.29,30.0,592,1
66.0,male,Associate,99448.0,43,MORTGAGE,28000.0,PERSONAL,7.9,0.28,20.0,711,0
64.0,male,High School,29576.0,41,RENT,3000.0,MEDICAL,6.99,0.1,21.0,708,0
59.0,male,High School,101675.0,37,MORTGAGE,12000.0,PERSONAL,11.86,0.12,18.0,565,0
55.0,female,High School,94871.0,32,MORTGAGE,8000.0,DEBTCONSOLIDATION,11.01,0.08,29.0,649,1
51.0,male,High School,82385.0,27,RENT,12000.0,PERSONAL,16.77,0.15,28.0,697,0
61.0,male,High School,103346.0,40,MORTGAGE,9000.0,PERSONAL,9.99,0.09,22.0,699,0
58.0,male,High School,103342.0,35,MORTGAGE,8000.0,PERSONAL,11.49,0.08,28.0,625,0
51.0,male,Doctorate,96895.0,28,RENT,12000.0,HOMEIMPROVEMENT,12.69,0.12,23.0,720,0
51.0,male,High School,101907.0,28,RENT,12000.0,HOMEIMPROVEMENT,7.49,0.12,23.0,674,0
64.0,male,Bachelor,105270.0,43,MORTGAGE,15000.0,PERSONAL,7.51,0.14,27.0,681,0
60.0,male,Master,106501.0,41,OWN,6000.0,PERSONAL,11.01,0.06,18.0,709,0
58.0,male,Bachelor,121416.0,35,RENT,12000.0,EDUCATION,8.9,0.1,30.0,744,0
53.0,male,Bachelor,126993.0,29,RENT,12000.0,EDUCATION,6.91,0.09,23.0,614,0
63.0,male,High School,2139143.0,43,RENT,12025.0,EDUCATION,14.27,0.01,30.0,724,0
61.0,male,High School,94360.0,39,MORTGAGE,8525.0,PERSONAL,14.54,0.09,27.0,673,1
56.0,female,High School,108575.0,32,MORTGAGE,7200.0,PERSONAL,6.17,0.07,21.0,683,0
55.0,female,Associate,110547.0,34,MORTGAGE,10000.0,PERSONAL,6.62,0.09,28.0,686,0
53.0,female,Associate,111599.0,31,MORTGAGE,15000.0,PERSONAL,11.12,0.13,22.0,682,0
62.0,male,Master,21156.0,40,RENT,2500.0,VENTURE,6.91,0.12,24.0,704,0
65.0,male,High School,112569.0,45,MORTGAGE,25000.0,PERSONAL,9.99,0.22,27.0,689,0
55.0,female,High School,113672.0,34,MORTGAGE,4000.0,PERSONAL,6.62,0.04,26.0,681,0
51.0,female,Associate,114696.0,28,MORTGAGE,5000.0,PERSONAL,11.01,0.04,30.0,646,0
84.0,male,High School,114705.0,61,MORTGAGE,10000.0,PERSONAL,7.51,0.09,24.0,784,0
54.0,female,High School,115179.0,34,MORTGAGE,6500.0,PERSONAL,10.65,0.06,26.0,647,0
53.0,female,Associate,115026.0,31,OWN,6000.0,PERSONAL,5.42,0.05,30.0,609,0
56.0,female,High School,115308.0,34,MORTGAGE,12000.0,PERSONAL,11.58,0.1,20.0,637,0
55.0,male,Associate,117412.0,34,MORTGAGE,17000.0,PERSONAL,11.01,0.14,30.0,567,0
54.0,male,Bachelor,118629.0,34,MORTGAGE,10000.0,PERSONAL,13.23,0.08,20.0,629,0
58.0,female,High School,120577.0,40,MORTGAGE,6000.0,PERSONAL,5.42,0.05,19.0,699,0
52.0,male,Associate,120827.0,27,OWN,10000.0,PERSONAL,9.88,0.08,25.0,695,0
63.0,male,Bachelor,128089.0,43,MORTGAGE,11500.0,PERSONAL,12.98,0.09,23.0,682,0
53.0,male,Bachelor,128167.0,28,MORTGAGE,20000.0,PERSONAL,9.88,0.16,23.0,626,0
52.0,male,Associate,35799.0,30,OWN,7000.0,PERSONAL,7.49,0.2,20.0,641,0
55.0,male,Bachelor,35692.0,31,OWN,5000.0,PERSONAL,15.33,0.14,22.0,594,0
57.0,male,High School,49042.0,34,RENT,15000.0,DEBTCONSOLIDATION,8.9,0.31,20.0,614,1
51.0,female,Master,139930.0,31,MORTGAGE,12000.0,PERSONAL,7.88,0.09,29.0,676,0
52.0,male,Doctorate,140486.0,28,MORTGAGE,12800.0,PERSONAL,9.99,0.09,23.0,689,0
73.0,male,Associate,47877.0,48,RENT,1800.0,MEDICAL,12.53,0.04,21.0,684,0
70.0,male,Bachelor,58915.0,47,RENT,15000.0,MEDICAL,6.99,0.25,24.0,751,1
64.0,male,High School,143858.0,44,MORTGAGE,5000.0,PERSONAL,8.0,0.03,22.0,698,0
51.0,male,Associate,144986.0,27,MORTGAGE,30000.0,PERSONAL,7.9,0.21,22.0,640,0
54.0,male,Associate,144593.0,30,MORTGAGE,17625.0,PERSONAL,7.49,0.12,20.0,643,0
64.0,male,Associate,145028.0,44,MORTGAGE,20000.0,PERSONAL,11.11,0.14,25.0,644,0
69.0,male,Associate,144883.0,43,MORTGAGE,20000.0,PERSONAL,14.84,0.14,27.0,673,0
65.0,male,Doctorate,144872.0,42,MORTGAGE,12000.0,PERSONAL,11.48,0.08,21.0,719,0
55.0,male,Master,148602.0,29,MORTGAGE,10000.0,PERSONAL,10.99,0.07,26.0,658,0
54.0,female,High School,151284.0,32,MORTGAGE,12000.0,PERSONAL,6.62,0.08,24.0,688,0
55.0,male,High School,150774.0,32,MORTGAGE,8400.0,PERSONAL,9.63,0.06,18.0,697,0
70.0,male,Associate,159291.0,49,MORTGAGE,14000.0,PERSONAL,11.01,0.09,24.0,640,0
54.0,female,High School,155859.0,36,MORTGAGE,9000.0,EDUCATION,11.49,0.06,18.0,707,1
76.0,female,Bachelor,90934.0,58,RENT,15000.0,MEDICAL,8.94,0.16,25.0,737,0
65.0,male,High School,160380.0,42,MORTGAGE,18000.0,DEBTCONSOLIDATION,11.01,0.11,25.0,675,1
60.0,male,Doctorate,181016.0,37,MORTGAGE,10000.0,PERSONAL,5.79,0.06,18.0,696,0
56.0,male,High School,180925.0,34,MORTGAGE,15000.0,PERSONAL,11.48,0.08,28.0,682,0
54.0,male,Doctorate,186116.0,32,MORTGAGE,12000.0,PERSONAL,12.69,0.06,26.0,732,0
61.0,male,High School,178312.0,35,MORTGAGE,24000.0,DEBTCONSOLIDATION,10.38,0.13,20.0,720,1
54.0,female,Associate,204802.0,31,MORTGAGE,11000.0,PERSONAL,6.62,0.05,20.0,650,0
52.0,male,Associate,196732.0,27,MORTGAGE,25000.0,PERSONAL,14.11,0.13,30.0,630,1
67.0,male,Associate,241126.0,45,MORTGAGE,3000.0,PERSONAL,10.28,0.01,26.0,708,0
52.0,male,High School,864746.0,28,MORTGAGE,7925.0,PERSONAL,8.94,0.01,30.0,702,0
58.0,male,Master,936965.0,36,MORTGAGE,4500.0,PERSONAL,6.91,0.0,20.0,772,0
60.0,male,Associate,12247.0,40,RENT,2800.0,DEBTCONSOLIDATION,10.99,0.23,28.0,713,1
60.0,female,High School,2280980.0,37,MORTGAGE,1500.0,PERSONAL,11.01,0.0,21.0,682,0
53.0,male,High School,8000.0,30,OWN,1400.0,VENTURE,11.01,0.18,28.0,632,1
54.0,female,Associate,35824.0,31,MORTGAGE,2500.0,PERSONAL,11.71,0.07,28.0,626,0
53.0,male,Master,56040.0,29,OWN,4925.0,PERSONAL,11.71,0.09,23.0,641,0
56.0,male,High School,87279.0,32,OWN,7425.0,PERSONAL,9.99,0.09,24.0,693,0
58.0,male,Associate,936815.0,37,MORTGAGE,4500.0,PERSONAL,6.91,0.0,19.0,658,0
65.0,male,High School,55823.0,46,RENT,10000.0,EDUCATION,11.01,0.18,19.0,738,0
54.0,male,Doctorate,25180.0,32,RENT,5000.0,MEDICAL,11.01,0.2,28.0,661,0
60.0,male,High School,118493.0,39,RENT,15000.0,HOMEIMPROVEMENT,16.29,0.13,29.0,637,1
51.0,male,High School,97320.0,28,RENT,18000.0,HOMEIMPROVEMENT,18.78,0.18,20.0,634,0
55.0,female,High School,61229.0,32,RENT,20000.0,DEBTCONSOLIDATION,7.51,0.33,28.0,705,1
69.0,male,Bachelor,29668.0,45,RENT,6000.0,MEDICAL,6.62,0.2,23.0,724,0
56.0,male,Associate,84787.0,32,MORTGAGE,15000.0,PERSONAL,10.38,0.18,24.0,592,0
51.0,male,Associate,70414.0,28,RENT,1500.0,MEDICAL,19.03,0.02,24.0,731,1
57.0,male,High School,94019.0,35,RENT,6625.0,PERSONAL,7.66,0.07,27.0,670,0
54.0,male,Master,156093.0,29,MORTGAGE,9000.0,EDUCATION,11.49,0.06,24.0,548,1
61.0,female,High School,192895.0,39,MORTGAGE,24000.0,PERSONAL,10.38,0.12,21.0,645,0
52.0,male,Associate,86458.0,27,RENT,7000.0,EDUCATION,16.82,0.08,24.0,732,1
53.0,female,High School,54806.0,31,RENT,5600.0,PERSONAL,13.79,0.1,28.0,605,0
57.0,male,Bachelor,49067.0,34,RENT,15000.0,MEDICAL,8.9,0.31,21.0,741,1
52.0,male,Master,37117.0,28,RENT,5000.0,VENTURE,12.73,0.13,18.0,656,0
53.0,male,High School,102906.0,28,RENT,8000.0,PERSONAL,7.74,0.08,26.0,686,0
60.0,male,Master,59707.0,38,OWN,12000.0,PERSONAL,13.79,0.2,21.0,764,0
51.0,female,Associate,73207.0,29,MORTGAGE,7500.0,PERSONAL,11.01,0.1,23.0,720,0
58.0,male,Master,87630.0,35,RENT,4500.0,HOMEIMPROVEMENT,11.01,0.05,23.0,725,0
60.0,male,High School,55676.0,39,RENT,20000.0,VENTURE,10.0,0.36,26.0,634,1
52.0,female,High School,63273.0,31,OWN,9600.0,PERSONAL,8.49,0.15,22.0,673,0
56.0,male,High School,108901.0,34,MORTGAGE,7200.0,PERSONAL,6.17,0.07,19.0,720,0
52.0,male,Associate,79606.0,32,RENT,20000.0,PERSONAL,15.58,0.25,19.0,684,1
52.0,male,High School,78289.0,26,RENT,5000.0,EDUCATION,11.26,0.06,20.0,660,0
57.0,male,Associate,64751.0,34,MORTGAGE,5800.0,PERSONAL,13.16,0.09,30.0,746,0
54.0,female,High School,144821.0,29,MORTGAGE,17625.0,PERSONAL,7.49,0.12,19.0,698,0
65.0,male,High School,91852.0,45,RENT,35000.0,HOMEIMPROVEMENT,10.99,0.38,28.0,686,1
56.0,male,Bachelor,181143.0,34,MORTGAGE,15000.0,PERSONAL,11.48,0.08,26.0,587,0
66.0,male,Bachelor,51470.0,44,RENT,6475.0,MEDICAL,9.99,0.13,30.0,600,0
52.0,female,Master,838950.0,30,MORTGAGE,8794.0,DEBTCONSOLIDATION,11.05,0.01,27.0,684,0
44.0,male,Bachelor,75188.0,22,RENT,11022.0,DEBTCONSOLIDATION,8.35,0.15,16.0,712,0
31.0,female,Master,345369.0,7,MORTGAGE,25000.0,EDUCATION,16.09,0.07,10.0,623,0
38.0,male,Master,169200.0,15,MORTGAGE,25000.0,VENTURE,10.15,0.15,12.0,736,0
40.0,male,Bachelor,174983.0,15,MORTGAGE,20605.0,DEBTCONSOLIDATION,9.98,0.12,16.0,610,0
24.0,female,Bachelor,114969.0,0,MORTGAGE,35000.0,EDUCATION,7.9,0.3,5.0,495,0
28.0,female,Associate,275769.0,4,MORTGAGE,35000.0,HOMEIMPROVEMENT,14.28,0.13,6.0,530,0
31.0,female,Master,313322.0,11,MORTGAGE,27130.0,MEDICAL,7.52,0.09,7.0,674,0
32.0,male,Bachelor,480914.0,7,MORTGAGE,18019.0,EDUCATION,7.57,0.04,7.0,676,0
26.0,female,High School,194059.0,4,MORTGAGE,29814.0,PERSONAL,8.02,0.15,4.0,492,0
56.0,male,High School,210853.0,29,MORTGAGE,12000.0,PERSONAL,10.82,0.06,25.0,635,0
27.0,male,High School,111409.0,1,RENT,25000.0,EDUCATION,18.66,0.22,5.0,514,0
53.0,male,High School,55455.0,29,MORTGAGE,5961.0,VENTURE,12.35,0.11,22.0,597,0
29.0,female,Bachelor,87755.0,3,MORTGAGE,28424.0,VENTURE,14.17,0.32,10.0,534,0
61.0,male,High School,102875.0,41,RENT,9000.0,HOMEIMPROVEMENT,10.0,0.09,22.0,605,0
47.0,male,Associate,1621992.0,27,MORTGAGE,6835.0,MEDICAL,7.66,0.0,17.0,555,0
44.0,male,High School,39562.0,21,RENT,4500.0,MEDICAL,7.47,0.11,12.0,551,0
31.0,female,Associate,366786.0,2,MORTGAGE,35000.0,DEBTCONSOLIDATION,16.8,0.1,10.0,638,0
51.0,male,Associate,115261.0,32,RENT,6000.0,PERSONAL,5.99,0.05,28.0,687,0
28.0,male,Doctorate,446937.0,2,MORTGAGE,21067.0,HOMEIMPROVEMENT,11.11,0.05,6.0,567,0
46.0,male,High School,35590.0,22,OWN,11932.0,VENTURE,11.01,0.34,15.0,658,0
44.0,female,Associate,96637.0,24,MORTGAGE,10000.0,HOMEIMPROVEMENT,6.65,0.1,15.0,700,0
45.0,male,Associate,65628.0,23,MORTGAGE,15000.0,EDUCATION,11.61,0.23,16.0,664,0
33.0,female,Associate,418534.0,9,MORTGAGE,24476.0,PERSONAL,11.8,0.06,11.0,645,0
43.0,male,High School,108834.0,18,MORTGAGE,23802.0,HOMEIMPROVEMENT,11.44,0.22,11.0,680,0
46.0,female,Doctorate,57399.0,25,MORTGAGE,6000.0,VENTURE,7.14,0.1,15.0,690,0
53.0,male,Doctorate,105115.0,31,RENT,15000.0,HOMEIMPROVEMENT,8.5,0.14,21.0,756,0
37.0,male,Associate,66658.0,15,MORTGAGE,24385.0,DEBTCONSOLIDATION,10.4,0.37,13.0,694,0
47.0,male,Associate,41714.0,20,RENT,1500.0,MEDICAL,12.2,0.04,21.0,574,0
49.0,male,High School,44123.0,26,RENT,4591.0,VENTURE,12.35,0.1,13.0,694,0
44.0,male,Associate,43877.0,18,MORTGAGE,12000.0,VENTURE,13.41,0.27,13.0,596,0
30.0,female,Master,319355.0,8,MORTGAGE,24188.0,PERSONAL,14.1,0.08,8.0,694,0
43.0,female,Doctorate,78467.0,21,RENT,5000.0,PERSONAL,10.11,0.06,18.0,715,0
38.0,female,Associate,99078.0,19,MORTGAGE,8000.0,PERSONAL,18.3,0.08,16.0,581,0
48.0,male,High School,37139.0,25,RENT,5000.0,VENTURE,13.0,0.13,16.0,668,0
66.0,male,Associate,51628.0,45,RENT,6475.0,MEDICAL,9.99,0.13,25.0,719,0
51.0,female,High School,34688.0,26,RENT,7011.0,DEBTCONSOLIDATION,6.4,0.2,25.0,696,0
43.0,female,High School,240739.0,20,MORTGAGE,20190.0,PERSONAL,8.05,0.08,11.0,632,0
28.0,female,Associate,312736.0,6,MORTGAGE,27136.0,PERSONAL,11.73,0.09,4.0,566,0
50.0,male,Bachelor,82442.0,27,MORTGAGE,8000.0,VENTURE,10.11,0.1,23.0,760,0
36.0,female,High School,132801.0,14,MORTGAGE,9000.0,EDUCATION,11.01,0.07,16.0,494,0
32.0,male,Master,330847.0,7,MORTGAGE,29274.0,VENTURE,11.42,0.09,9.0,689,0
34.0,male,Associate,385195.0,15,MORTGAGE,14067.0,PERSONAL,8.03,0.04,6.0,551,0
27.0,female,High School,96837.0,4,MORTGAGE,35000.0,PERSONAL,11.01,0.36,8.0,535,0
44.0,male,Master,72809.0,19,RENT,5000.0,PERSONAL,13.34,0.07,16.0,714,0
46.0,female,Doctorate,60905.0,21,MORTGAGE,10000.0,DEBTCONSOLIDATION,9.98,0.16,14.0,723,0
51.0,female,Associate,91061.0,29,OWN,7665.0,VENTURE,13.79,0.08,17.0,691,0
44.0,male,High School,33505.0,24,RENT,1664.0,EDUCATION,8.08,0.05,15.0,665,0
36.0,male,Associate,144923.0,15,MORTGAGE,30000.0,MEDICAL,9.87,0.21,13.0,706,0
42.0,female,Bachelor,119537.0,21,MORTGAGE,4943.0,VENTURE,13.76,0.04,14.0,712,0
44.0,female,High School,85343.0,25,RENT,9504.0,EDUCATION,14.13,0.11,14.0,678,0
41.0,female,High School,159629.0,20,MORTGAGE,7802.0,PERSONAL,11.03,0.05,17.0,641,0
26.0,male,Associate,155608.0,1,MORTGAGE,33800.0,EDUCATION,11.05,0.22,5.0,698,0
43.0,male,Associate,117911.0,24,MORTGAGE,24000.0,VENTURE,10.99,0.2,14.0,726,0
29.0,male,Bachelor,360724.0,4,MORTGAGE,24109.0,EDUCATION,15.72,0.07,7.0,644,0
24.0,male,Master,97134.0,1,MORTGAGE,35000.0,PERSONAL,11.01,0.36,5.0,701,0
44.0,female,Associate,58560.0,20,MORTGAGE,17500.0,PERSONAL,12.18,0.3,12.0,689,0
24.0,female,Bachelor,122182.0,2,MORTGAGE,30000.0,MEDICAL,17.73,0.25,2.0,613,0
41.0,male,Bachelor,301172.0,17,MORTGAGE,4881.0,VENTURE,10.46,0.02,13.0,727,0
50.0,female,Bachelor,94211.0,26,RENT,6668.0,DEBTCONSOLIDATION,8.97,0.07,22.0,728,0
65.0,female,Bachelor,45496.0,44,RENT,10775.0,EDUCATION,13.82,0.24,25.0,628,0
33.0,male,Master,427380.0,11,MORTGAGE,12780.0,VENTURE,17.61,0.03,9.0,675,0
38.0,male,Associate,240897.0,17,MORTGAGE,3000.0,PERSONAL,7.68,0.01,14.0,700,0
46.0,female,High School,114993.0,25,MORTGAGE,5000.0,MEDICAL,7.02,0.04,15.0,646,0
57.0,male,Associate,105209.0,35,RENT,15000.0,HOMEIMPROVEMENT,8.41,0.14,22.0,629,0
36.0,female,Bachelor,85317.0,16,MORTGAGE,30000.0,HOMEIMPROVEMENT,10.14,0.35,13.0,706,0
42.0,male,High School,135412.0,18,MORTGAGE,25000.0,PERSONAL,12.76,0.18,16.0,648,0
33.0,male,Bachelor,735477.0,12,RENT,5950.0,DEBTCONSOLIDATION,12.73,0.01,10.0,578,0
48.0,male,Bachelor,63227.0,23,OWN,9600.0,EDUCATION,9.6,0.15,20.0,641,0
56.0,female,Master,109004.0,36,RENT,7200.0,DEBTCONSOLIDATION,6.17,0.07,20.0,736,0
46.0,male,Master,214538.0,23,RENT,8915.0,PERSONAL,11.39,0.04,16.0,612,0
43.0,female,Bachelor,144620.0,22,MORTGAGE,5477.0,HOMEIMPROVEMENT,10.03,0.04,17.0,727,0
44.0,male,Associate,115072.0,20,MORTGAGE,21252.0,HOMEIMPROVEMENT,10.42,0.18,14.0,639,0
49.0,male,Bachelor,82057.0,24,RENT,15000.0,EDUCATION,12.92,0.18,24.0,726,0
34.0,female,Bachelor,611327.0,10,MORTGAGE,2144.0,DEBTCONSOLIDATION,12.87,0.0,7.0,712,0
47.0,female,Master,108919.0,22,RENT,12000.0,PERSONAL,10.28,0.11,16.0,700,0
43.0,female,Associate,169350.0,22,MORTGAGE,21335.0,MEDICAL,11.75,0.13,11.0,647,0
47.0,female,High School,90829.0,22,RENT,14313.0,DEBTCONSOLIDATION,8.0,0.16,15.0,635,0
33.0,female,Associate,444306.0,7,MORTGAGE,5443.0,HOMEIMPROVEMENT,8.3,0.01,10.0,702,0
61.0,male,High School,128603.0,41,MORTGAGE,11502.0,EDUCATION,12.44,0.09,22.0,741,0
47.0,male,Associate,45420.0,24,MORTGAGE,7400.0,PERSONAL,8.0,0.16,15.0,689,0
40.0,male,High School,144908.0,17,RENT,12000.0,MEDICAL,5.81,0.08,12.0,569,0
40.0,male,High School,36865.0,14,RENT,8904.0,MEDICAL,6.94,0.24,17.0,605,0
47.0,male,Doctorate,49018.0,21,RENT,3600.0,EDUCATION,7.95,0.07,18.0,727,0
55.0,female,High School,91197.0,29,MORTGAGE,10000.0,VENTURE,8.1,0.11,20.0,642,0
44.0,male,Master,72752.0,20,RENT,15000.0,HOMEIMPROVEMENT,11.01,0.21,14.0,745,0
48.0,male,Associate,79247.0,23,RENT,7632.0,PERSONAL,7.3,0.1,20.0,641,0
56.0,male,Bachelor,126793.0,28,MORTGAGE,20000.0,EDUCATION,15.26,0.16,25.0,587,0
53.0,male,Bachelor,37001.0,31,RENT,5000.0,VENTURE,12.66,0.14,19.0,699,0
33.0,male,High School,188387.0,8,MORTGAGE,2351.0,EDUCATION,8.79,0.01,13.0,519,0
45.0,female,Master,44179.0,26,RENT,8000.0,PERSONAL,7.27,0.18,15.0,738,0
53.0,male,High School,51174.0,30,RENT,9600.0,EDUCATION,9.73,0.19,18.0,668,0
34.0,male,Associate,576590.0,9,MORTGAGE,14929.0,DEBTCONSOLIDATION,14.59,0.03,9.0,651,0
52.0,female,Master,55922.0,31,RENT,4928.0,EDUCATION,11.55,0.09,28.0,628,0
45.0,female,High School,43611.0,24,RENT,10000.0,MEDICAL,10.25,0.23,15.0,646,0
44.0,female,Bachelor,403758.0,16,OWN,10856.0,VENTURE,11.74,0.03,14.0,635,0
23.0,male,Bachelor,192961.0,1,MORTGAGE,35000.0,VENTURE,13.18,0.18,2.0,657,0
36.0,female,Bachelor,1097671.0,16,MORTGAGE,4824.0,PERSONAL,10.71,0.0,11.0,669,0
28.0,female,Bachelor,272305.0,5,MORTGAGE,31131.0,HOMEIMPROVEMENT,9.73,0.11,6.0,657,0
49.0,female,Associate,66956.0,28,MORTGAGE,5000.0,EDUCATION,12.38,0.07,14.0,724,0
48.0,male,Associate,145056.0,25,RENT,12000.0,MEDICAL,10.99,0.08,12.0,698,0
47.0,male,Associate,1661567.0,22,MORTGAGE,6545.0,MEDICAL,7.65,0.0,17.0,622,0
42.0,female,Master,193109.0,19,OWN,24000.0,VENTURE,7.3,0.12,17.0,721,0
46.0,male,High School,73014.0,23,MORTGAGE,5000.0,EDUCATION,11.75,0.07,14.0,520,0
34.0,male,High School,205136.0,14,MORTGAGE,33571.0,PERSONAL,10.37,0.16,9.0,663,0
46.0,male,High School,81395.0,27,MORTGAGE,24028.0,EDUCATION,11.1,0.3,12.0,617,0
52.0,male,High School,74106.0,29,RENT,8525.0,PERSONAL,7.04,0.12,19.0,682,0
24.0,male,Bachelor,27933.0,3,OWN,8855.0,DEBTCONSOLIDATION,5.87,0.32,4.0,488,0
45.0,female,High School,84741.0,24,RENT,6000.0,VENTURE,7.9,0.07,13.0,673,0
48.0,male,Associate,145233.0,28,MORTGAGE,29700.0,MEDICAL,9.42,0.2,20.0,672,0
44.0,male,High School,35697.0,22,RENT,6849.0,EDUCATION,8.26,0.19,18.0,655,0
24.0,female,High School,114879.0,0,MORTGAGE,35000.0,EDUCATION,7.85,0.3,4.0,650,0
41.0,male,High School,114907.0,20,MORTGAGE,21600.0,HOMEIMPROVEMENT,13.92,0.19,12.0,640,0
29.0,female,High School,111348.0,9,RENT,25000.0,VENTURE,19.34,0.22,9.0,580,0
43.0,male,Bachelor,366106.0,21,MORTGAGE,20000.0,VENTURE,16.65,0.05,13.0,630,0
29.0,male,Associate,192852.0,6,MORTGAGE,35000.0,VENTURE,14.27,0.18,9.0,647,0
31.0,female,Associate,577145.0,6,MORTGAGE,7878.0,DEBTCONSOLIDATION,5.78,0.01,8.0,707,0
31.0,male,Bachelor,446449.0,6,MORTGAGE,6180.0,HOMEIMPROVEMENT,7.82,0.01,9.0,714,0
36.0,female,High School,330102.0,12,MORTGAGE,22313.0,VENTURE,9.44,0.07,10.0,661,0
35.0,female,Associate,612201.0,12,MORTGAGE,2193.0,PERSONAL,13.4,0.0,7.0,565,0
34.0,male,Associate,483174.0,12,MORTGAGE,12846.0,HOMEIMPROVEMENT,7.6,0.03,8.0,491,0
40.0,female,Doctorate,92477.0,18,MORTGAGE,20000.0,PERSONAL,12.91,0.22,14.0,719,0
37.0,male,Doctorate,601266.0,13,MORTGAGE,20000.0,DEBTCONSOLIDATION,13.45,0.03,9.0,692,0
42.0,male,Associate,79018.0,22,MORTGAGE,24843.0,EDUCATION,11.72,0.31,16.0,651,0
47.0,male,High School,78357.0,24,RENT,5000.0,PERSONAL,10.4,0.06,18.0,686,0
51.0,male,Bachelor,45541.0,29,RENT,10887.0,EDUCATION,13.57,0.24,19.0,626,0
41.0,male,Associate,46309.0,21,RENT,8875.0,DEBTCONSOLIDATION,19.03,0.19,11.0,654,0
46.0,male,High School,72851.0,20,RENT,15000.0,HOMEIMPROVEMENT,15.24,0.21,13.0,694,0
52.0,male,High School,40284.0,32,RENT,8656.0,PERSONAL,8.21,0.21,17.0,636,0
58.0,male,Associate,29747.0,33,RENT,6000.0,MEDICAL,8.75,0.2,18.0,602,0
25.0,female,Associate,120853.0,0,MORTGAGE,29606.0,PERSONAL,17.45,0.24,3.0,559,0
46.0,female,Associate,53558.0,21,RENT,1661.0,EDUCATION,13.12,0.03,16.0,708,0
44.0,female,High School,29933.0,21,RENT,4435.0,EDUCATION,10.11,0.15,17.0,588,0
48.0,female,High School,44229.0,28,RENT,10000.0,MEDICAL,12.87,0.23,23.0,709,0
22.0,female,High School,96147.0,0,MORTGAGE,35000.0,PERSONAL,13.13,0.36,2.0,662,0
45.0,male,Associate,73175.0,22,RENT,15000.0,HOMEIMPROVEMENT,11.97,0.2,13.0,689,0
43.0,male,Associate,111338.0,18,MORTGAGE,15000.0,PERSONAL,9.82,0.13,17.0,560,0
36.0,male,Bachelor,300881.0,13,MORTGAGE,20000.0,EDUCATION,8.65,0.07,16.0,593,0
42.0,male,High School,2012954.0,19,MORTGAGE,9121.0,VENTURE,11.74,0.0,16.0,664,0
24.0,female,Associate,114898.0,3,MORTGAGE,35000.0,EDUCATION,7.9,0.3,3.0,651,0
42.0,male,Bachelor,60837.0,21,MORTGAGE,16000.0,VENTURE,12.98,0.26,13.0,720,0
28.0,female,Master,125954.0,3,MORTGAGE,35000.0,VENTURE,10.44,0.28,10.0,597,0
48.0,female,Doctorate,114872.0,22,MORTGAGE,7463.0,DEBTCONSOLIDATION,6.73,0.06,15.0,745,0
43.0,female,Doctorate,67026.0,22,MORTGAGE,10000.0,PERSONAL,6.03,0.15,17.0,737,0
25.0,female,Associate,115787.0,3,MORTGAGE,35000.0,EDUCATION,7.67,0.3,4.0,494,0
42.0,male,Associate,61093.0,22,RENT,12000.0,PERSONAL,11.45,0.2,18.0,647,0
27.0,female,High School,114271.0,2,MORTGAGE,35000.0,EDUCATION,8.4,0.31,4.0,636,0
43.0,male,High School,166259.0,17,MORTGAGE,9902.0,EDUCATION,6.97,0.06,14.0,715,0
40.0,female,High School,180659.0,17,MORTGAGE,24182.0,PERSONAL,11.83,0.13,15.0,659,0
42.0,female,High School,181167.0,16,MORTGAGE,18393.0,HOMEIMPROVEMENT,11.01,0.1,17.0,655,0
39.0,male,High School,143628.0,19,MORTGAGE,5128.0,DEBTCONSOLIDATION,11.05,0.04,11.0,512,0
32.0,male,High School,124344.0,13,MORTGAGE,35000.0,HOMEIMPROVEMENT,11.01,0.28,9.0,667,0
50.0,male,Bachelor,72936.0,26,RENT,4393.0,MEDICAL,8.54,0.06,26.0,620,0
66.0,male,Bachelor,51412.0,45,RENT,6476.0,MEDICAL,10.05,0.13,24.0,733,0
49.0,male,High School,50916.0,27,RENT,8000.0,MEDICAL,7.4,0.16,15.0,711,0
38.0,male,High School,205025.0,12,MORTGAGE,5370.0,EDUCATION,11.01,0.03,13.0,728,0
24.0,male,High School,193075.0,1,MORTGAGE,35000.0,VENTURE,15.1,0.18,3.0,642,0
45.0,male,Associate,143646.0,26,MORTGAGE,5000.0,DEBTCONSOLIDATION,11.49,0.03,13.0,686,0
31.0,male,Associate,44692.0,9,MORTGAGE,22118.0,EDUCATION,12.4,0.49,8.0,503,0
32.0,female,Associate,384884.0,13,MORTGAGE,16447.0,PERSONAL,7.91,0.04,6.0,522,0
36.0,male,Bachelor,173413.0,14,MORTGAGE,7575.0,MEDICAL,15.04,0.04,16.0,722,0
41.0,male,High School,47172.0,21,RENT,8875.0,DEBTCONSOLIDATION,19.03,0.19,11.0,591,0
26.0,male,Bachelor,72513.0,1,MORTGAGE,30304.0,EDUCATION,13.67,0.42,4.0,526,0
39.0,male,High School,645091.0,13,MORTGAGE,16195.0,PERSONAL,11.05,0.03,12.0,546,0
44.0,male,High School,24896.0,17,RENT,4000.0,PERSONAL,10.31,0.16,20.0,606,0
38.0,male,High School,69252.0,14,RENT,15000.0,EDUCATION,16.66,0.22,16.0,527,0
56.0,male,High School,240491.0,36,MORTGAGE,2859.0,DEBTCONSOLIDATION,11.22,0.01,20.0,662,0
36.0,female,Associate,301021.0,16,MORTGAGE,20000.0,EDUCATION,7.88,0.07,17.0,593,0
23.0,female,High School,157652.0,0,MORTGAGE,30000.0,EDUCATION,8.63,0.19,4.0,667,0
37.0,male,High School,42640.0,11,MORTGAGE,13065.0,PERSONAL,7.8,0.31,16.0,450,0
45.0,female,High School,210481.0,19,MORTGAGE,12000.0,PERSONAL,11.43,0.06,18.0,644,0
45.0,male,Associate,62716.0,21,RENT,9980.0,PERSONAL,7.9,0.16,17.0,627,0
43.0,female,Master,421143.0,20,MORTGAGE,18000.0,DEBTCONSOLIDATION,11.49,0.04,15.0,633,0
45.0,female,Associate,131910.0,24,MORTGAGE,16000.0,DEBTCONSOLIDATION,6.79,0.12,14.0,655,0
33.0,male,Bachelor,121107.0,10,MORTGAGE,35000.0,PERSONAL,11.1,0.29,11.0,685,0
39.0,male,Bachelor,173423.0,17,MORTGAGE,25000.0,PERSONAL,11.52,0.14,11.0,626,0
30.0,female,Associate,301125.0,2,MORTGAGE,34826.0,EDUCATION,12.25,0.12,9.0,614,0
40.0,male,High School,211422.0,20,MORTGAGE,11700.0,PERSONAL,8.74,0.06,15.0,665,0
44.0,female,Associate,58481.0,22,RENT,10000.0,VENTURE,11.88,0.17,16.0,714,0
48.0,male,High School,73297.0,26,RENT,10000.0,HOMEIMPROVEMENT,13.03,0.14,12.0,671,0
30.0,male,Associate,205119.0,3,MORTGAGE,35000.0,PERSONAL,13.03,0.17,8.0,639,0
46.0,male,Associate,48944.0,24,RENT,8041.0,VENTURE,11.96,0.16,12.0,651,0
38.0,male,Associate,164505.0,13,MORTGAGE,8000.0,DEBTCONSOLIDATION,6.99,0.05,13.0,540,0
47.0,female,Bachelor,75385.0,25,RENT,14027.0,VENTURE,12.74,0.19,12.0,626,0
23.0,female,Master,156596.0,1,MORTGAGE,30000.0,DEBTCONSOLIDATION,9.92,0.19,4.0,532,0
31.0,female,Associate,422979.0,8,MORTGAGE,10500.0,HOMEIMPROVEMENT,15.7,0.02,8.0,623,0
47.0,male,Master,102977.0,23,MORTGAGE,8000.0,HOMEIMPROVEMENT,7.55,0.08,21.0,610,0
49.0,male,High School,860787.0,25,MORTGAGE,12635.0,PERSONAL,9.83,0.01,26.0,620,0
20.0,female,High School,226402.0,0,MORTGAGE,2000.0,VENTURE,8.59,0.01,4.0,531,0
42.0,female,Doctorate,29897.0,20,RENT,5000.0,EDUCATION,11.48,0.17,12.0,732,0
40.0,male,Doctorate,115106.0,18,MORTGAGE,21548.0,HOMEIMPROVEMENT,13.98,0.19,12.0,768,0
45.0,female,Bachelor,72702.0,24,MORTGAGE,4800.0,MEDICAL,10.99,0.07,15.0,721,0
38.0,female,Master,240705.0,14,MORTGAGE,25000.0,EDUCATION,8.89,0.1,13.0,600,0
38.0,female,High School,936941.0,15,MORTGAGE,7444.0,PERSONAL,12.08,0.01,16.0,657,0
32.0,male,Associate,577028.0,11,MORTGAGE,10275.0,DEBTCONSOLIDATION,10.05,0.02,8.0,705,0
27.0,male,Master,72905.0,7,MORTGAGE,29924.0,VENTURE,14.17,0.41,4.0,714,0
42.0,female,Master,85145.0,18,RENT,11834.0,DEBTCONSOLIDATION,9.3,0.14,17.0,737,0
39.0,female,Associate,103153.0,19,RENT,12000.0,HOMEIMPROVEMENT,7.14,0.12,13.0,479,0
43.0,female,High School,44554.0,21,MORTGAGE,5000.0,VENTURE,10.01,0.11,17.0,701,0
30.0,male,Master,534208.0,8,MORTGAGE,25000.0,EDUCATION,9.89,0.05,6.0,701,0
47.0,male,Associate,75583.0,24,RENT,14026.0,VENTURE,12.74,0.19,12.0,693,0
40.0,female,High School,26297.0,17,RENT,5437.0,VENTURE,5.94,0.21,13.0,712,0
30.0,female,Bachelor,31658.0,8,OWN,13595.0,VENTURE,12.23,0.43,9.0,465,0
39.0,male,High School,1076036.0,17,MORTGAGE,23116.0,PERSONAL,12.17,0.02,15.0,661,0
36.0,male,Bachelor,360884.0,10,MORTGAGE,25000.0,EDUCATION,12.41,0.07,13.0,679,0
44.0,male,Bachelor,61164.0,20,RENT,4500.0,PERSONAL,12.37,0.07,18.0,697,0
32.0,male,High School,198373.0,8,RENT,35000.0,VENTURE,12.99,0.18,12.0,584,0
35.0,male,High School,95223.0,6,MORTGAGE,30331.0,VENTURE,17.33,0.32,8.0,566,0
30.0,female,Bachelor,42646.0,4,MORTGAGE,22750.0,HOMEIMPROVEMENT,10.09,0.53,10.0,584,0
42.0,male,High School,27609.0,20,RENT,1000.0,DEBTCONSOLIDATION,7.43,0.04,13.0,686,0
37.0,male,Master,437527.0,13,RENT,2816.0,HOMEIMPROVEMENT,11.33,0.01,10.0,681,0
45.0,male,Master,22699.0,21,RENT,2000.0,VENTURE,7.1,0.09,11.0,648,0
37.0,female,Associate,935136.0,14,MORTGAGE,7729.0,PERSONAL,11.88,0.01,15.0,627,0
31.0,male,Associate,360630.0,8,MORTGAGE,10000.0,PERSONAL,16.31,0.03,7.0,643,0
30.0,male,Associate,173921.0,10,MORTGAGE,35000.0,PERSONAL,12.12,0.2,8.0,566,0
28.0,male,Associate,361403.0,5,MORTGAGE,35000.0,DEBTCONSOLIDATION,10.95,0.1,8.0,644,0
31.0,female,Bachelor,124608.0,10,MORTGAGE,35000.0,PERSONAL,9.05,0.28,8.0,637,0
46.0,male,High School,1080952.0,27,MORTGAGE,28389.0,PERSONAL,12.75,0.03,15.0,639,0
45.0,male,Associate,43049.0,20,RENT,10000.0,DEBTCONSOLIDATION,10.32,0.23,16.0,603,0
38.0,male,Associate,846491.0,15,MORTGAGE,25000.0,PERSONAL,12.33,0.03,13.0,564,0
33.0,male,High School,93590.0,14,OWN,29238.0,PERSONAL,17.27,0.31,9.0,606,0
42.0,female,High School,50027.0,20,MORTGAGE,10000.0,MEDICAL,12.06,0.2,15.0,493,0
48.0,male,High School,144889.0,24,MORTGAGE,3600.0,VENTURE,11.01,0.02,17.0,606,0
46.0,male,Bachelor,18822.0,22,RENT,2000.0,VENTURE,12.28,0.11,13.0,600,0
48.0,male,Associate,97058.0,25,RENT,18000.0,HOMEIMPROVEMENT,17.76,0.19,18.0,649,0
55.0,male,High School,84971.0,30,RENT,2500.0,DEBTCONSOLIDATION,6.26,0.03,23.0,716,0
34.0,male,High School,361181.0,10,MORTGAGE,24360.0,MEDICAL,12.37,0.07,12.0,610,0
42.0,male,Master,180922.0,19,MORTGAGE,15000.0,PERSONAL,14.12,0.08,17.0,713,0
46.0,male,Bachelor,181221.0,25,MORTGAGE,14000.0,VENTURE,6.69,0.08,12.0,624,0
35.0,male,Bachelor,252859.0,13,MORTGAGE,23496.0,PERSONAL,11.1,0.09,9.0,728,0
57.0,female,High School,96907.0,36,MORTGAGE,4800.0,VENTURE,12.03,0.05,18.0,689,0
41.0,male,High School,78820.0,18,MORTGAGE,24811.0,EDUCATION,11.7,0.31,15.0,593,0
43.0,female,High School,52504.0,22,OWN,15000.0,EDUCATION,8.88,0.29,13.0,684,0
42.0,male,Associate,253083.0,21,MORTGAGE,16598.0,PERSONAL,12.38,0.07,12.0,697,0
35.0,male,Bachelor,271342.0,9,MORTGAGE,14291.0,VENTURE,15.83,0.05,14.0,617,0
29.0,male,High School,216827.0,8,MORTGAGE,30325.0,PERSONAL,18.47,0.14,8.0,571,0
44.0,female,High School,145476.0,18,MORTGAGE,17571.0,EDUCATION,9.83,0.12,15.0,689,0
38.0,male,High School,116074.0,13,OWN,10000.0,VENTURE,19.06,0.09,14.0,579,0
31.0,male,Master,363682.0,7,MORTGAGE,35000.0,DEBTCONSOLIDATION,13.81,0.1,10.0,716,0
24.0,male,High School,138890.0,0,RENT,35000.0,EDUCATION,16.69,0.25,4.0,619,0
37.0,female,Associate,270346.0,14,MORTGAGE,25000.0,VENTURE,14.16,0.09,11.0,648,0
35.0,male,Doctorate,401916.0,14,MORTGAGE,17391.0,EDUCATION,12.6,0.04,11.0,704,0
52.0,male,Master,63133.0,30,RENT,10000.0,DEBTCONSOLIDATION,11.03,0.16,29.0,721,0
41.0,female,Associate,135525.0,18,MORTGAGE,25000.0,PERSONAL,10.48,0.18,14.0,696,0
46.0,female,High School,128402.0,24,MORTGAGE,11500.0,EDUCATION,10.78,0.09,17.0,480,0
38.0,male,High School,132621.0,12,RENT,3021.0,EDUCATION,8.39,0.02,17.0,711,0
31.0,male,High School,124537.0,10,MORTGAGE,35000.0,DEBTCONSOLIDATION,9.05,0.28,8.0,633,0
38.0,male,Master,217126.0,15,MORTGAGE,18000.0,EDUCATION,11.28,0.08,11.0,711,0
44.0,female,Master,140323.0,22,MORTGAGE,12562.0,PERSONAL,10.07,0.09,18.0,651,0
42.0,male,Associate,220815.0,23,MORTGAGE,20000.0,DEBTCONSOLIDATION,12.61,0.09,17.0,747,0
37.0,male,High School,369347.0,12,MORTGAGE,14808.0,VENTURE,10.7,0.04,16.0,594,0
48.0,male,High School,65847.0,23,MORTGAGE,8000.0,HOMEIMPROVEMENT,12.75,0.12,19.0,716,0
47.0,male,High School,214500.0,24,MORTGAGE,9000.0,DEBTCONSOLIDATION,11.18,0.04,17.0,521,0
46.0,male,Associate,1741243.0,22,MORTGAGE,12011.0,VENTURE,10.42,0.01,18.0,655,0
43.0,male,High School,84793.0,21,MORTGAGE,15000.0,PERSONAL,12.1,0.18,16.0,694,0
37.0,female,High School,224427.0,16,MORTGAGE,3001.0,VENTURE,6.39,0.01,13.0,668,0
51.0,female,Associate,35389.0,28,RENT,5000.0,VENTURE,10.04,0.14,19.0,741,0
49.0,female,Doctorate,35836.0,26,RENT,6979.0,PERSONAL,7.83,0.19,19.0,730,0
37.0,male,Associate,217803.0,16,MORTGAGE,20000.0,MEDICAL,13.86,0.09,17.0,688,0
42.0,male,Associate,241032.0,21,MORTGAGE,20000.0,PERSONAL,9.23,0.08,13.0,613,0
45.0,female,Bachelor,105667.0,24,MORTGAGE,10000.0,PERSONAL,8.87,0.09,15.0,615,0
48.0,male,Associate,50548.0,24,RENT,5000.0,EDUCATION,7.3,0.1,16.0,719,0
41.0,male,High School,55903.0,15,RENT,5000.0,PERSONAL,6.39,0.09,14.0,504,0
28.0,male,High School,138865.0,1,RENT,35000.0,EDUCATION,15.92,0.25,5.0,667,0
40.0,male,Associate,367833.0,18,MORTGAGE,15663.0,VENTURE,11.59,0.04,17.0,633,0
41.0,male,Doctorate,78785.0,15,MORTGAGE,22683.0,VENTURE,9.36,0.29,12.0,692,0
29.0,female,High School,143446.0,5,MORTGAGE,35000.0,EDUCATION,8.17,0.24,8.0,668,0
37.0,male,High School,210982.0,16,MORTGAGE,21000.0,DEBTCONSOLIDATION,10.09,0.1,14.0,610,0
29.0,female,Bachelor,114953.0,5,MORTGAGE,35000.0,EDUCATION,8.42,0.3,8.0,651,0
38.0,male,Master,139144.0,18,MORTGAGE,20000.0,EDUCATION,15.45,0.14,10.0,725,0
34.0,male,Bachelor,270512.0,11,MORTGAGE,25000.0,VENTURE,15.41,0.09,9.0,731,0
25.0,male,Bachelor,59038.0,4,MORTGAGE,24339.0,HOMEIMPROVEMENT,10.88,0.41,3.0,498,0
48.0,male,Bachelor,180825.0,24,MORTGAGE,11341.0,HOMEIMPROVEMENT,11.04,0.06,11.0,514,0
50.0,male,Associate,180932.0,25,MORTGAGE,14000.0,DEBTCONSOLIDATION,6.9,0.08,12.0,677,0
25.0,male,Associate,361124.0,1,MORTGAGE,24223.0,MEDICAL,18.68,0.07,3.0,601,0
43.0,male,Master,321623.0,22,MORTGAGE,21779.0,DEBTCONSOLIDATION,12.09,0.07,13.0,637,0
32.0,male,Associate,422975.0,7,MORTGAGE,10558.0,VENTURE,15.75,0.02,9.0,618,0
29.0,male,Bachelor,725242.0,6,MORTGAGE,24821.0,MEDICAL,9.08,0.03,10.0,611,1
33.0,male,Bachelor,49019.0,9,RENT,21000.0,VENTURE,15.4,0.43,9.0,547,1
36.0,male,Bachelor,49276.0,14,RENT,21046.0,MEDICAL,18.24,0.43,12.0,633,1
39.0,male,High School,81909.0,18,RENT,23970.0,EDUCATION,14.91,0.29,11.0,569,1
29.0,female,Bachelor,262666.0,7,MORTGAGE,25000.0,HOMEIMPROVEMENT,18.88,0.1,9.0,618,1
51.0,male,Associate,12865.0,29,RENT,2979.0,VENTURE,11.19,0.23,23.0,693,1
21.0,male,Associate,12723.0,0,OWN,4608.0,HOMEIMPROVEMENT,9.39,0.36,2.0,538,1
27.0,female,Bachelor,95039.0,4,RENT,35000.0,DEBTCONSOLIDATION,17.77,0.37,7.0,589,1
22.0,male,High School,32784.0,3,RENT,10000.0,PERSONAL,15.41,0.31,2.0,525,1
40.0,male,Master,87868.0,17,RENT,25000.0,MEDICAL,18.17,0.28,13.0,544,1
36.0,male,High School,315488.0,7,MORTGAGE,23035.0,MEDICAL,10.65,0.07,16.0,690,1
41.0,male,Associate,121486.0,16,MORTGAGE,25000.0,DEBTCONSOLIDATION,14.91,0.21,16.0,680,1
27.0,female,Associate,127479.0,4,MORTGAGE,34121.0,EDUCATION,17.44,0.27,5.0,587,1
39.0,female,Associate,118979.0,17,MORTGAGE,25000.0,HOMEIMPROVEMENT,18.26,0.21,15.0,498,1
34.0,female,High School,47692.0,10,RENT,23500.0,EDUCATION,11.06,0.49,13.0,646,1
43.0,male,Associate,55315.0,19,RENT,16000.0,VENTURE,10.41,0.29,15.0,670,1
46.0,female,Bachelor,66929.0,22,RENT,20000.0,HOMEIMPROVEMENT,8.85,0.3,20.0,700,1
48.0,male,High School,71868.0,23,RENT,20000.0,MEDICAL,16.46,0.28,19.0,634,1
23.0,female,High School,71936.0,1,RENT,23989.0,DEBTCONSOLIDATION,19.59,0.33,2.0,628,1
41.0,female,Bachelor,57348.0,20,RENT,25000.0,VENTURE,12.47,0.44,15.0,556,1
29.0,female,Bachelor,368806.0,5,MORTGAGE,24631.0,DEBTCONSOLIDATION,17.88,0.07,8.0,581,1
49.0,female,High School,61092.0,26,RENT,18000.0,PERSONAL,14.5,0.29,22.0,619,1
41.0,male,High School,45779.0,22,RENT,19844.0,DEBTCONSOLIDATION,13.1,0.43,16.0,584,1
30.0,male,Associate,724035.0,7,MORTGAGE,24623.0,PERSONAL,9.16,0.03,10.0,689,1
25.0,female,Master,12979.0,4,OWN,5365.0,HOMEIMPROVEMENT,11.52,0.41,3.0,478,1
27.0,male,Master,115194.0,4,RENT,31431.0,VENTURE,13.82,0.27,4.0,728,1
23.0,female,Bachelor,54371.0,0,MORTGAGE,24511.0,DEBTCONSOLIDATION,15.8,0.45,2.0,501,1
25.0,female,High School,23386.0,3,RENT,12589.0,VENTURE,7.96,0.54,4.0,494,1
25.0,female,Associate,115617.0,0,RENT,35000.0,MEDICAL,15.95,0.3,2.0,620,1
37.0,male,Associate,182324.0,14,RENT,25000.0,HOMEIMPROVEMENT,18.58,0.14,12.0,633,1
55.0,male,Bachelor,60783.0,32,RENT,20000.0,DEBTCONSOLIDATION,7.51,0.33,30.0,669,1
28.0,male,Associate,68134.0,2,RENT,29978.0,HOMEIMPROVEMENT,15.66,0.44,6.0,660,1
56.0,male,High School,62424.0,35,RENT,20000.0,HOMEIMPROVEMENT,14.0,0.32,19.0,594,1
37.0,female,Associate,48980.0,10,RENT,21137.0,EDUCATION,15.9,0.43,14.0,611,1
40.0,male,Master,104301.0,20,MORTGAGE,8217.0,EDUCATION,7.91,0.08,17.0,742,1
26.0,female,Bachelor,58333.0,2,RENT,25297.0,EDUCATION,18.43,0.43,2.0,543,1
38.0,male,Associate,58841.0,14,OTHER,19057.0,PERSONAL,15.01,0.32,16.0,582,1
30.0,female,Associate,223547.0,6,MORTGAGE,6801.0,MEDICAL,15.97,0.03,6.0,491,1
30.0,male,Doctorate,310882.0,8,MORTGAGE,25000.0,MEDICAL,16.77,0.08,7.0,711,1
47.0,male,Associate,274296.0,25,MORTGAGE,25000.0,MEDICAL,15.48,0.09,13.0,582,1
29.0,male,Bachelor,130529.0,7,MORTGAGE,35000.0,DEBTCONSOLIDATION,16.28,0.27,7.0,554,1
53.0,male,Doctorate,75584.0,30,RENT,25000.0,MEDICAL,13.9,0.33,22.0,644,1
29.0,female,Associate,346957.0,7,MORTGAGE,18107.0,MEDICAL,20.0,0.05,10.0,551,1
59.0,male,Associate,45292.0,38,RENT,5457.0,DEBTCONSOLIDATION,15.84,0.12,20.0,697,1
46.0,female,High School,63567.0,21,RENT,17000.0,HOMEIMPROVEMENT,8.71,0.27,15.0,665,1
39.0,male,High School,169570.0,16,MORTGAGE,25000.0,DEBTCONSOLIDATION,15.06,0.15,12.0,633,1
35.0,female,Associate,278379.0,14,MORTGAGE,25000.0,EDUCATION,17.32,0.09,10.0,684,1
35.0,female,Associate,51304.0,16,RENT,21000.0,EDUCATION,8.47,0.41,11.0,683,1
42.0,male,Bachelor,39513.0,19,RENT,8892.0,MEDICAL,16.21,0.23,16.0,588,1
42.0,male,High School,47152.0,22,RENT,13000.0,DEBTCONSOLIDATION,11.01,0.28,14.0,669,1
48.0,male,High School,72593.0,24,RENT,25232.0,EDUCATION,10.11,0.35,18.0,593,1
44.0,male,Bachelor,47733.0,21,RENT,15000.0,DEBTCONSOLIDATION,10.98,0.31,12.0,682,1
42.0,male,High School,148472.0,22,MORTGAGE,14195.0,DEBTCONSOLIDATION,11.56,0.1,16.0,665,1
27.0,female,Associate,65897.0,2,RENT,25000.0,DEBTCONSOLIDATION,17.78,0.38,6.0,538,1
48.0,male,Associate,12644.0,26,RENT,2707.0,VENTURE,9.79,0.21,20.0,657,1
45.0,male,Associate,72642.0,18,RENT,25782.0,EDUCATION,9.71,0.35,17.0,617,1
24.0,male,Bachelor,68023.0,2,RENT,21528.0,MEDICAL,20.0,0.32,4.0,553,1
38.0,male,Bachelor,48984.0,11,RENT,18258.0,EDUCATION,12.41,0.37,17.0,713,1
41.0,male,Associate,282175.0,16,MORTGAGE,25000.0,MEDICAL,15.7,0.09,16.0,587,1
38.0,female,High School,215984.0,11,RENT,21592.0,VENTURE,11.32,0.1,16.0,549,1
24.0,male,Associate,56526.0,2,RENT,29227.0,EDUCATION,13.75,0.52,2.0,642,1
29.0,female,Bachelor,72963.0,6,RENT,25000.0,PERSONAL,19.5,0.34,10.0,613,1
39.0,female,Bachelor,41713.0,18,RENT,19353.0,DEBTCONSOLIDATION,14.13,0.46,11.0,680,1
37.0,male,Associate,106643.0,14,RENT,25000.0,PERSONAL,19.66,0.23,15.0,597,1
26.0,male,Bachelor,78977.0,0,RENT,28000.0,MEDICAL,7.9,0.35,7.0,517,1
42.0,female,Associate,96969.0,22,RENT,35000.0,PERSONAL,11.43,0.36,15.0,583,1
27.0,male,Associate,75161.0,2,RENT,30000.0,MEDICAL,17.92,0.4,3.0,649,1
38.0,female,Associate,28716.0,15,RENT,10000.0,PERSONAL,13.42,0.35,16.0,655,1
38.0,male,Associate,192035.0,15,RENT,25000.0,EDUCATION,18.09,0.13,15.0,713,1
45.0,male,Associate,96916.0,21,RENT,35000.0,PERSONAL,11.08,0.36,14.0,650,1
36.0,female,Associate,53649.0,14,RENT,16000.0,PERSONAL,14.34,0.3,10.0,512,1
43.0,female,Associate,15583.0,22,RENT,4111.0,MEDICAL,10.84,0.26,13.0,532,1
38.0,female,Master,131430.0,17,MORTGAGE,30000.0,DEBTCONSOLIDATION,16.37,0.23,11.0,652,1
61.0,male,Associate,73448.0,35,RENT,26550.0,EDUCATION,10.76,0.36,26.0,733,1
49.0,female,Master,86529.0,25,RENT,7000.0,EDUCATION,16.71,0.08,26.0,745,1
36.0,male,Bachelor,59929.0,14,RENT,25000.0,PERSONAL,15.63,0.42,11.0,676,1
47.0,male,Associate,44111.0,23,RENT,11160.0,MEDICAL,11.86,0.25,24.0,576,1
49.0,female,Master,154384.0,28,MORTGAGE,7671.0,EDUCATION,16.81,0.05,12.0,695,1
31.0,male,Master,280740.0,9,MORTGAGE,25000.0,EDUCATION,17.6,0.09,11.0,612,1
30.0,female,Master,736127.0,5,MORTGAGE,22079.0,MEDICAL,10.6,0.03,9.0,623,1
51.0,female,Associate,19036.0,30,RENT,1204.0,EDUCATION,11.01,0.06,20.0,624,1
42.0,male,Associate,92547.0,18,MORTGAGE,20000.0,HOMEIMPROVEMENT,17.48,0.22,12.0,694,1
22.0,male,Associate,35829.0,0,RENT,12000.0,MEDICAL,6.66,0.33,4.0,489,1
44.0,male,Master,32985.0,23,RENT,3369.0,DEBTCONSOLIDATION,15.13,0.1,15.0,737,1
40.0,male,Associate,213440.0,14,MORTGAGE,24784.0,DEBTCONSOLIDATION,11.01,0.12,17.0,635,1
41.0,male,High School,113850.0,15,MORTGAGE,24399.0,VENTURE,13.67,0.21,16.0,604,1
39.0,female,Bachelor,78480.0,18,MORTGAGE,30000.0,MEDICAL,17.82,0.38,15.0,693,1
28.0,male,Master,725801.0,9,MORTGAGE,25000.0,MEDICAL,9.01,0.03,9.0,733,1
32.0,female,Bachelor,96888.0,11,RENT,35000.0,MEDICAL,12.45,0.36,13.0,569,1
27.0,male,Associate,138803.0,5,MORTGAGE,35000.0,DEBTCONSOLIDATION,17.98,0.25,6.0,642,1
46.0,male,Bachelor,178543.0,25,RENT,24417.0,DEBTCONSOLIDATION,12.27,0.14,13.0,677,1
43.0,male,Doctorate,38812.0,16,RENT,8746.0,MEDICAL,15.62,0.23,9.0,722,1
27.0,female,Bachelor,116746.0,5,RENT,35000.0,VENTURE,17.49,0.3,4.0,675,1
43.0,female,High School,62080.0,20,RENT,20000.0,PERSONAL,13.8,0.32,13.0,639,1
24.0,male,Master,80955.0,2,MORTGAGE,30000.0,MEDICAL,17.22,0.37,3.0,647,1
45.0,female,High School,127065.0,26,MORTGAGE,30000.0,DEBTCONSOLIDATION,17.91,0.24,14.0,690,1
23.0,male,High School,129686.0,0,RENT,35000.0,DEBTCONSOLIDATION,16.48,0.27,4.0,672,1
39.0,male,Master,67085.0,16,RENT,24000.0,DEBTCONSOLIDATION,12.53,0.36,12.0,705,1
60.0,male,Bachelor,55787.0,37,RENT,20000.0,DEBTCONSOLIDATION,10.0,0.36,22.0,710,1
34.0,female,Bachelor,191446.0,12,RENT,27326.0,HOMEIMPROVEMENT,17.17,0.14,10.0,691,1
37.0,male,Associate,78631.0,13,MORTGAGE,30000.0,MEDICAL,17.37,0.38,12.0,661,1
34.0,female,Doctorate,137667.0,12,MORTGAGE,35000.0,DEBTCONSOLIDATION,18.59,0.25,10.0,706,1
47.0,female,Bachelor,22535.0,24,RENT,3000.0,PERSONAL,5.98,0.13,14.0,718,1
38.0,male,Associate,77957.0,14,RENT,23610.0,HOMEIMPROVEMENT,13.48,0.3,12.0,707,1
28.0,male,High School,62180.0,7,RENT,20400.0,EDUCATION,17.74,0.33,6.0,502,1
31.0,female,Bachelor,143167.0,6,MORTGAGE,32857.0,DEBTCONSOLIDATION,17.82,0.23,7.0,677,1
37.0,female,High School,15152.0,18,RENT,4813.0,VENTURE,7.5,0.32,12.0,663,1
42.0,female,Associate,111321.0,22,MORTGAGE,8599.0,MEDICAL,15.09,0.08,14.0,725,1
48.0,female,Master,65958.0,24,RENT,1169.0,DEBTCONSOLIDATION,14.14,0.02,21.0,704,1
38.0,male,Master,483809.0,13,MORTGAGE,30631.0,MEDICAL,11.76,0.06,10.0,619,1
45.0,female,Associate,90995.0,24,RENT,15450.0,MEDICAL,15.17,0.17,11.0,654,1
45.0,male,High School,54395.0,24,RENT,20000.0,VENTURE,16.61,0.37,13.0,680,1
35.0,male,Associate,74831.0,13,RENT,30000.0,MEDICAL,12.54,0.4,10.0,644,1
47.0,male,Doctorate,70131.0,22,RENT,1500.0,MEDICAL,16.17,0.02,22.0,735,1
44.0,female,Master,21702.0,19,RENT,1500.0,PERSONAL,11.21,0.07,12.0,767,1
44.0,male,Bachelor,90949.0,20,MORTGAGE,15393.0,MEDICAL,14.36,0.17,11.0,723,1
43.0,female,Doctorate,72213.0,21,MORTGAGE,15000.0,PERSONAL,11.01,0.21,14.0,726,1
55.0,female,Associate,68221.0,31,MORTGAGE,10000.0,HOMEIMPROVEMENT,15.76,0.15,15.0,665,1
45.0,male,Associate,33267.0,26,RENT,6000.0,MEDICAL,6.49,0.18,13.0,574,1
48.0,female,High School,23911.0,25,RENT,4000.0,DEBTCONSOLIDATION,10.93,0.17,11.0,669,1
52.0,female,Bachelor,59758.0,26,RENT,7399.0,MEDICAL,13.04,0.12,20.0,751,1
37.0,male,High School,66817.0,16,RENT,30007.0,MEDICAL,9.93,0.45,15.0,673,1
39.0,male,Master,67306.0,15,RENT,29925.0,HOMEIMPROVEMENT,13.74,0.44,16.0,723,1
27.0,male,Associate,256529.0,5,MORTGAGE,35000.0,MEDICAL,13.54,0.14,4.0,684,1
30.0,male,Bachelor,89462.0,8,RENT,29788.0,DEBTCONSOLIDATION,12.79,0.33,7.0,505,1
38.0,male,High School,11103.0,17,RENT,2635.0,DEBTCONSOLIDATION,10.06,0.24,15.0,709,1
41.0,male,Bachelor,122467.0,14,MORTGAGE,25000.0,VENTURE,16.62,0.2,13.0,529,1
36.0,male,Bachelor,50902.0,12,RENT,20897.0,EDUCATION,8.12,0.41,11.0,662,1
25.0,female,High School,192090.0,1,MORTGAGE,28523.0,MEDICAL,16.48,0.15,4.0,604,1
26.0,female,Associate,65667.0,0,MORTGAGE,24706.0,PERSONAL,16.71,0.38,6.0,523,1
41.0,female,Associate,57008.0,20,RENT,25000.0,MEDICAL,12.39,0.44,15.0,728,1
44.0,male,Associate,74199.0,21,RENT,10289.0,DEBTCONSOLIDATION,14.66,0.14,13.0,599,1
29.0,male,Master,726416.0,7,MORTGAGE,24890.0,MEDICAL,9.07,0.03,9.0,634,1
47.0,male,Associate,46637.0,24,RENT,13000.0,MEDICAL,11.7,0.28,18.0,705,1
42.0,male,Doctorate,705960.0,21,MORTGAGE,20686.0,PERSONAL,10.74,0.03,16.0,689,1
43.0,male,Associate,184295.0,20,MORTGAGE,25000.0,EDUCATION,20.0,0.14,15.0,720,1
43.0,male,Associate,22639.0,21,RENT,1111.0,PERSONAL,14.78,0.05,14.0,594,1
34.0,male,Bachelor,41876.0,14,RENT,19594.0,DEBTCONSOLIDATION,12.03,0.47,8.0,707,1
