person_age,person_income,person_emp_exp,loan_amnt,loan_int_rate,loan_percent_income,cb_person_cred_hist_length,credit_score,person_education,person_gender_female,person_gender_male,person_home_ownership_MORTGAGE,person_home_ownership_OTHER,person_home_ownership_OWN,person_home_ownership_RENT,loan_intent_DEBTCONSOLIDATION,loan_intent_EDUCATION,loan_intent_HOMEIMPROVEMENT,loan_intent_MEDICAL,loan_intent_PERSONAL,loan_intent_VENTURE,loan_status
0.20203840247914587,-0.14442106810944955,0.34290253620671207,-0.9950970263854163,-1.2419154281943239,-1.0045477496429613,-0.6094857294091459,1.1929893173265422,2,0.0,1.0,1.0,0.0,0.0,0.0,0.0,0.0,0.0,1.0,0.0,0.0,0
-1.8823396864459767,1.0637769593920396,-2.022766528912764,1.031315109677551,1.9279495329930632,-0.761838226239293,-2.063045600805585,-0.8238627859228377,2,0.0,1.0,1.0,0.0,0.0,0.0,0.0,0.0,0.0,1.0,0.0,0.0,0
0.3117425124225734,-0.4909409807520443,0.02031130005405623,-0.4226353423843763,-0.907952482327347,0.5326125652469389,-0.6094857294091459,-0.6071761963175324,1,0.0,1.0,0.0,0.0,0.0,1.0,1.0,0.0,0.0,0.0,0.0,0.0,0
-0.4561862571814192,-0.4138024054545765,-0.6248711722512554,0.5032192061865916,0.9065795235498929,1.2607411354579443,0.29898919021362863,-1.1405585707305916,2,0.0,1.0,0.0,1.0,0.0,0.0,0.0,0.0,0.0,0.0,1.0,0.0,1
0.4214466223660009,-0.2854026781930669,0.5579633603084826,-0.6270859438133192,-1.2419154281943239,-0.6000318773035141,-0.2460957615600361,-0.5405033995159,3,1.0,0.0,1.0,0.0,0.0,0.0,0.0,0.0,0.0,0.0,1.0,0.0,0
0.20203840247914587,0.12562504626124332,-0.08721911199682905,0.7529556158320453,0.021577717002404694,-0.2764191794319561,-0.06440077763548119,-0.09046202110488136,3,0.0,1.0,0.0,0.0,1.0,0.0,0.0,0.0,0.0,0.0,0.0,1.0,0
0.4214466223660009,-0.3684851421897122,0.34290253620671207,-0.8315365452422621,-0.20663029600669613,-0.6000318773035141,0.29898919021362863,0.3595793573061373,1,0.0,1.0,1.0,0.0,0.0,0.0,0.0,1.0,0.0,0.0,0.0,0.0,0
-0.7852985870117017,-0.1824844408894623,-0.7324015843021408,1.4174200704761097,1.8166285510374047,0.7753220886506074,-0.7911807133337009,0.10955636930001583,1,1.0,0.0,0.0,0.0,0.0,1.0,0.0,0.0,0.0,1.0,0.0,0.0,1
0.4214466223660009,-0.4147506903292808,0.23537212415582678,-0.5861958235275305,1.8889871893085826,-0.19551600496406651,0.29898919021362863,0.19289736530205634,2,0.0,1.0,0.0,0.0,0.0,1.0,0.0,1.0,0.0,0.0,0.0,0.0,1
-2.2114520162762594,-0.5133625411658004,-2.1302969409636496,0.7273992906534275,0.18577616538700154,3.121514148219403,-2.063045600805585,-0.8571991843236539,1,0.0,1.0,0.0,0.0,0.0,1.0,1.0,0.0,0.0,0.0,0.0,0.0,1
-0.3464821472379917,0.01563866499463651,-0.4098103481494849,-1.296661663493107,-1.389415729285572,-1.2472572730466298,0.48068417413818354,0.30957475970491305,2,1.0,0.0,1.0,0.0,0.0,0.0,0.0,0.0,0.0,0.0,0.0,1.0,0
0.09233429253571836,-0.29040805815026904,0.5579633603084826,-1.2404377481001478,-0.7938484758227966,-1.1663540985787406,0.48068417413818354,0.42625215410776973,2,1.0,0.0,0.0,0.0,0.0,1.0,1.0,0.0,0.0,0.0,0.0,0.0,0
0.6408548422528559,-0.4910582943447912,0.5579633603084826,-1.1075448571713349,-1.4923876375945564,-0.6809350517714036,-0.2460957615600361,1.5263533013347044,5,0.0,1.0,1.0,0.0,0.0,0.0,0.0,0.0,0.0,0.0,1.0,0.0,0
-2.101747906332832,-0.43565206210369134,-2.1302969409636496,1.0607559962833188,1.1264384629123194,2.3124824035405074,-2.24474058473014,-2.4906827059636476,3,1.0,0.0,1.0,0.0,0.0,0.0,1.0,0.0,0.0,0.0,0.0,0.0,1
-1.0047068068985567,2.049157369736202,-0.9474624084039113,-1.0615434718498227,1.0763440210322726,-1.2472572730466298,-0.7911807133337009,-1.4905907539391616,3,0.0,1.0,1.0,0.0,0.0,0.0,1.0,0.0,0.0,0.0,0.0,0.0,1
-0.12707392735113665,-0.5204111328633447,0.02031130005405623,-0.5376388056881566,-1.7623410188370292,0.6135157397148282,0.11729420628907372,0.10955636930001583,1,1.0,0.0,0.0,0.0,0.0,1.0,0.0,0.0,0.0,1.0,0.0,0.0,0
0.09233429253571836,-0.4872749309787029,0.23537212415582678,-0.9337618459567335,-0.512762996384758,-0.4382255283677351,0.48068417413818354,-0.5071670011150838,1,1.0,0.0,1.0,0.0,0.0,0.0,0.0,0.0,0.0,0.0,0.0,1.0,0
-0.12707392735113665,-0.11051743980558816,-0.19474952404771434,-0.8315365452422621,-0.907952482327347,-0.923644575175072,0.11729420628907372,0.8429571341179722,5,1.0,0.0,1.0,0.0,0.0,0.0,0.0,1.0,0.0,0.0,0.0,0.0,0
0.4214466223660009,-0.46631001434155445,0.23537212415582678,-0.854537237903018,0.5781826267806992,-0.3573223538998456,0.11729420628907372,0.45958855250858593,3,1.0,0.0,0.0,0.0,0.0,1.0,1.0,0.0,0.0,0.0,0.0,0.0,1
0.09233429253571836,-0.43199578846307884,0.1278417121049415,-1.2404377481001478,-0.07304511765990533,-1.0045477496429613,0.48068417413818354,-0.07379382190447326,1,0.0,1.0,0.0,0.0,1.0,0.0,0.0,0.0,0.0,1.0,0.0,0.0,0
-0.017369817407709147,-0.06333293518950196,-0.08721911199682905,0.027155980759298076,0.5336542339984356,-0.4382255283677351,0.29898919021362863,-0.6071761963175324,1,0.0,1.0,1.0,0.0,0.0,0.0,0.0,0.0,0.0,0.0,0.0,1.0,1
-1.9920437963894042,-0.1698683416028034,-2.1302969409636496,2.1329971754774095,-0.30681917976678896,1.2607411354579443,-2.063045600805585,-1.9072957339493641,1,1.0,0.0,1.0,0.0,0.0,0.0,0.0,1.0,0.0,0.0,0.0,0.0,0
-2.101747906332832,-0.257721558371157,-1.7001752927601084,1.8084318457089628,-1.072150930711944,1.5034506588616126,-2.24474058473014,-1.8239547379473238,3,0.0,1.0,1.0,0.0,0.0,0.0,0.0,1.0,0.0,0.0,0.0,0.0,0
-0.5658903671248466,-0.5676640704085334,-0.6248711722512554,-1.035987146671205,-0.48771577544473477,-0.11461283049617718,0.48068417413818354,1.0429755245228693,1,0.0,1.0,0.0,0.0,0.0,1.0,0.0,0.0,0.0,1.0,0.0,0.0,0
0.09233429253571836,0.4482863069789321,0.34290253620671207,-0.4226353423843763,0.2720499264026373,-1.0045477496429613,-0.427790745484591,-0.12379841950569755,4,0.0,1.0,1.0,0.0,0.0,0.0,0.0,1.0,0.0,0.0,0.0,0.0,0
-0.3464821472379917,-0.2392642197789741,-0.08721911199682905,1.0340751927968417,1.1820989538901487,0.7753220886506074,-0.2460957615600361,-0.8238627859228377,3,0.0,1.0,0.0,0.0,0.0,1.0,0.0,0.0,0.0,1.0,0.0,0.0,1
-1.4435232466722667,-0.19172777438464714,-1.1625232325056818,1.1107441683326953,1.4103069668992496,0.6135157397148282,-0.9728756972582557,-3.240751669982012,1,1.0,0.0,1.0,0.0,0.0,0.0,0.0,0.0,1.0,0.0,0.0,0.0,0
3.383457590838544,-0.45010118627702095,2.9236324254279586,-0.9337618459567335,-1.1862549372164943,-0.5191287028356245,2.4793289973082877,0.9262981301200127,3,1.0,0.0,1.0,0.0,0.0,0.0,0.0,0.0,0.0,0.0,1.0,0.0,0
0.9699671720831384,-0.4513867477308727,0.9880850085120237,0.08849116118798094,0.6227110195629628,1.0180316120542756,1.0257691259118482,0.39291575570695353,1,0.0,1.0,1.0,0.0,0.0,0.0,1.0,0.0,0.0,0.0,0.0,0.0,1
0.3117425124225734,-0.583692040017582,0.23537212415582678,-0.759978834742132,0.3249273928315752,0.9371284375863864,0.11729420628907372,1.4096759069318476,5,1.0,0.0,0.0,0.0,0.0,1.0,0.0,0.0,1.0,0.0,0.0,0.0,1
0.8602630621397109,0.10734367805818082,0.5579633603084826,0.9062935669037524,-1.072150930711944,-0.19551600496406651,-0.2460957615600361,-0.7571899891212053,4,0.0,1.0,1.0,0.0,0.0,0.0,0.0,0.0,0.0,1.0,0.0,0.0,0
-1.2241150267854117,0.18473154474023581,-1.1625232325056818,2.1329971754774095,1.80827947739073,0.20899986737538084,-1.5179606490319204,0.5929341461118507,4,0.0,1.0,0.0,0.0,0.0,1.0,0.0,1.0,0.0,0.0,0.0,0.0,1
0.6408548422528559,-0.46110422366340964,0.34290253620671207,-0.4226353423843763,-0.20663029600669613,0.2899030418432704,0.48068417413818354,-0.5238352003154919,1,1.0,0.0,0.0,0.0,0.0,1.0,0.0,0.0,0.0,1.0,0.0,0.0,0
-0.017369817407709147,-0.21477989535941794,-0.19474952404771434,0.8040682661892811,-0.21219634510447896,0.4517093907790493,-0.427790745484591,-0.707185391519981,5,0.0,1.0,0.0,0.0,0.0,1.0,1.0,0.0,0.0,0.0,0.0,0.0,0
0.3117425124225734,0.036647574229065026,0.5579633603084826,-0.0137341395264905,0.23865363181593938,-0.6000318773035141,-0.427790745484591,0.7096115405147074,1,0.0,1.0,0.0,0.0,0.0,1.0,0.0,1.0,0.0,0.0,0.0,0.0,0
-0.5658903671248466,-0.4427153180003291,-0.3022799360985996,0.39516706333139523,-0.7994145249205795,1.4225474843937234,0.29898919021362863,1.1929893173265422,1,0.0,1.0,0.0,0.0,0.0,1.0,0.0,0.0,0.0,0.0,0.0,1.0,1
1.299079501913421,-0.5625853694558643,1.2031458326137943,-0.6781985941705548,0.038275864295753664,0.7753220886506074,1.3891590937609581,-1.690609144344059,2,0.0,1.0,0.0,0.0,0.0,1.0,0.0,0.0,0.0,1.0,0.0,0.0,1
0.5311507323094284,-0.39232912991552477,0.45043294825759733,-0.2181847409554334,-1.2419154281943239,0.20899986737538084,-0.2460957615600361,-2.2906643155587503,4,1.0,0.0,1.0,0.0,0.0,0.0,1.0,0.0,0.0,0.0,0.0,0.0,0
0.4214466223660009,-0.34329204814731,0.23537212415582678,0.08849116118798094,0.4835597921183892,0.2899030418432704,0.48068417413818354,-0.6905171923195729,2,0.0,1.0,0.0,0.0,0.0,1.0,0.0,0.0,0.0,1.0,0.0,0.0,0
0.5311507323094284,-0.48580362300300184,0.34290253620671207,-0.3040539935555894,0.029926790649078935,0.6944189141827177,1.7525490616100678,-1.2405677659330403,2,0.0,1.0,0.0,0.0,0.0,1.0,0.0,0.0,0.0,1.0,0.0,0.0,1
1.4087836118568484,-0.14578483862513256,1.5257370687664502,-1.035987146671205,-1.4283780729700524,-1.0045477496429613,2.115939029459178,0.5095931501098102,1,1.0,0.0,1.0,0.0,0.0,0.0,0.0,0.0,0.0,0.0,1.0,0.0,0
0.7505589521962834,-0.5270002463226304,0.7730241844102532,-0.2181847409554334,-0.20663029600669613,1.4225474843937234,0.29898919021362863,-0.09046202110488136,4,0.0,1.0,1.0,0.0,0.0,0.0,0.0,0.0,0.0,1.0,0.0,0.0,0
-0.5658903671248466,-0.11001396897004928,-1.0549928204547967,-1.1995476278143593,-0.4904987999936262,-1.1663540985787406,0.29898919021362863,1.0096391261220532,4,0.0,1.0,0.0,0.0,0.0,1.0,1.0,0.0,0.0,0.0,0.0,0.0,0
0.09233429253571836,0.03634940218083326,0.23537212415582678,-0.545305703241742,-1.077716979809727,-0.8427414007071825,-0.2460957615600361,-0.3071486107101866,4,1.0,0.0,1.0,0.0,0.0,0.0,0.0,0.0,1.0,0.0,0.0,0.0,0
0.09233429253571836,-0.6313213586728337,0.02031130005405623,-1.2455490131358713,-0.20663029600669613,-0.19551600496406651,-0.6094857294091459,0.9429663293204208,3,0.0,1.0,0.0,0.0,0.0,1.0,0.0,1.0,0.0,0.0,0.0,0.0,1
0.3117425124225734,-0.31923298550146145,0.45043294825759733,-0.9542069060996278,-0.7938484758227966,-0.8427414007071825,0.48068417413818354,0.6596069429134831,1,1.0,0.0,1.0,0.0,0.0,0.0,0.0,0.0,0.0,0.0,1.0,0.0,1
-0.4561862571814192,-0.25651420597913654,-0.4098103481494849,1.1107441683326953,-0.32351732706013797,0.8562252631184969,0.29898919021362863,0.14289276770083204,2,0.0,1.0,1.0,0.0,0.0,0.0,0.0,0.0,1.0,0.0,0.0,0.0,0
0.5311507323094284,-0.3172875350884083,0.5579633603084826,-0.7293112445277906,0.7228999033230556,-0.6000318773035141,0.48068417413818354,0.14289276770083204,4,0.0,1.0,1.0,0.0,0.0,0.0,0.0,0.0,0.0,0.0,0.0,1.0,0
-1.4435232466722667,1.3559464621282569,-1.3775840566074524,-0.2181847409554334,-1.1806888881187114,-1.085450924110851,-1.3362656651073657,0.9929709269216451,4,1.0,0.0,1.0,0.0,0.0,0.0,1.0,0.0,0.0,0.0,0.0,0.0,0
-1.5532273566156942,0.9938336177830499,-1.3775840566074524,0.39516706333139523,2.2953087734467377,-0.923644575175072,-0.9728756972582557,-0.47383060271426763,3,1.0,0.0,1.0,0.0,0.0,0.0,0.0,0.0,0.0,0.0,0.0,1.0,1
-1.0047068068985567,2.894538671336003,-1.0549928204547967,-0.8366478102779856,0.2720499264026373,-1.2472572730466298,-0.7911807133337009,-0.12379841950569755,1,0.0,1.0,0.0,0.0,0.0,1.0,0.0,0.0,0.0,1.0,0.0,0.0,0
-0.12707392735113665,0.12312235628264226,-0.5173407602003702,0.08849116118798094,1.7053075690817452,-0.6000318773035141,-0.6094857294091459,0.626270544512667,1,1.0,0.0,1.0,0.0,0.0,0.0,0.0,1.0,0.0,0.0,0.0,0.0,0
-0.017369817407709147,-0.46220403859541204,-0.08721911199682905,-1.189325097742912,-1.7623410188370292,-0.923644575175072,-0.427790745484591,1.0429755245228693,2,1.0,0.0,1.0,0.0,0.0,0.0,0.0,0.0,1.0,0.0,0.0,0.0,0
-0.23677803729456418,-0.5204795657924471,-0.4098103481494849,-0.3587445294378316,-0.20663029600669613,1.0180316120542756,0.48068417413818354,-0.35715320831141095,1,0.0,1.0,0.0,0.0,0.0,1.0,0.0,0.0,0.0,0.0,0.0,1.0,1
1.518487721800276,-0.2869766355624215,1.3106762446646796,0.08849116118798094,-0.38196084258685864,0.1280966929074913,1.7525490616100678,-0.9738765787265106,2,0.0,1.0,1.0,0.0,0.0,0.0,0.0,0.0,0.0,0.0,1.0,0.0,0
1.1893753919699934,-0.5405548543512647,1.095615420562909,-1.189325097742912,-0.20663029600669613,-0.6809350517714036,2.4793289973082877,-0.19047121630732994,1,0.0,1.0,0.0,0.0,0.0,1.0,1.0,0.0,0.0,0.0,0.0,0.0,0
0.3117425124225734,0.1274287427497273,0.02031130005405623,-0.6091965161882866,-1.6037086195502153,-0.923644575175072,0.48068417413818354,-0.35715320831141095,3,0.0,1.0,0.0,0.0,0.0,1.0,0.0,1.0,0.0,0.0,0.0,0.0,0
0.7505589521962834,0.008282125116131408,0.5579633603084826,-0.2181847409554334,-0.21219634510447896,-0.6809350517714036,-0.427790745484591,0.49292495090940214,2,1.0,0.0,1.0,0.0,0.0,0.0,0.0,0.0,0.0,1.0,0.0,0.0,0
-0.6755944770682742,0.42838210074287053,-0.7324015843021408,0.5996176647603382,-0.07582814220879674,-0.6000318773035141,0.48068417413818354,0.626270544512667,5,1.0,0.0,0.0,1.0,0.0,0.0,0.0,0.0,0.0,0.0,0.0,1.0,0
0.5311507323094284,-0.05676826206203861,0.23537212415582678,0.19071646190245237,-1.3087080173677192,-0.3573223538998456,-0.06440077763548119,0.7096115405147074,1,1.0,0.0,0.0,0.0,1.0,0.0,0.0,0.0,0.0,0.0,0.0,1.0,0
-0.5658903671248466,-0.24805785116862905,-0.9474624084039113,1.0340751927968417,1.0846930946789473,0.7753220886506074,-0.2460957615600361,-1.3905815587367132,1,0.0,1.0,0.0,0.0,0.0,1.0,1.0,0.0,0.0,0.0,0.0,0.0,1
-0.12707392735113665,-0.49348766332792543,0.02031130005405623,-0.6730873291348313,1.42978813874149,0.1280966929074913,-0.06440077763548119,1.0429755245228693,1,0.0,1.0,0.0,0.0,0.0,1.0,1.0,0.0,0.0,0.0,0.0,0.0,1
-0.6755944770682742,0.2427968850835993,-0.5173407602003702,1.008518867618224,0.8926644008054357,-0.3573223538998456,0.11729420628907372,-0.25714401310896234,1,0.0,1.0,0.0,0.0,1.0,0.0,0.0,0.0,0.0,0.0,0.0,1.0,0
0.9699671720831384,-0.5896652571149463,1.095615420562909,-1.3426630488146192,0.8063906397898,-1.0045477496429613,1.0257691259118482,0.9429663293204208,2,0.0,1.0,0.0,0.0,0.0,1.0,0.0,0.0,0.0,0.0,1.0,0.0,1
-0.8950026969551292,-0.5210856860216396,-0.9474624084039113,0.39516706333139523,0.30266319644044337,2.6360951014120655,-0.7911807133337009,-1.0072129771273268,3,0.0,1.0,1.0,0.0,0.0,0.0,0.0,1.0,0.0,0.0,0.0,0.0,0
0.4214466223660009,-0.6500475409150616,0.45043294825759733,-1.2813278683859364,0.7423810751652961,-0.11461283049617718,-0.6094857294091459,0.4429203533081778,1,1.0,0.0,0.0,0.0,0.0,1.0,0.0,0.0,0.0,1.0,0.0,0.0,1
-0.017369817407709147,0.241848600208895,0.1278417121049415,-0.8315365452422621,-0.30681917976678896,-1.085450924110851,0.48068417413818354,0.49292495090940214,2,1.0,0.0,0.0,0.0,0.0,1.0,0.0,0.0,0.0,0.0,0.0,1.0,0
-0.4561862571814192,-0.021276012189729285,-0.19474952404771434,0.5996176647603382,1.0290326037011175,-0.19551600496406651,-0.7911807133337009,1.2429939149277667,4,0.0,1.0,1.0,0.0,0.0,0.0,0.0,1.0,0.0,0.0,0.0,0.0,0
0.8602630621397109,0.008482535837074071,1.3106762446646796,-0.8749822980459124,0.9594569899788307,-1.0045477496429613,-0.2460957615600361,1.326334910929807,1,0.0,1.0,1.0,0.0,0.0,0.0,0.0,0.0,1.0,0.0,0.0,0.0,0
0.09233429253571836,-0.37379358226151055,0.23537212415582678,-0.4226353423843763,-1.5925765213546492,-0.11461283049617718,0.48068417413818354,1.4430123053326638,5,1.0,0.0,1.0,0.0,0.0,0.0,0.0,0.0,0.0,0.0,1.0,0.0,0
-0.5658903671248466,0.8289151467126954,-0.7324015843021408,0.5996176647603382,0.8926644008054357,-0.8427414007071825,-0.427790745484591,0.3762475565065454,2,1.0,0.0,1.0,0.0,0.0,0.0,0.0,0.0,0.0,0.0,0.0,1.0,0
0.20203840247914587,-0.48477712906646625,0.23537212415582678,-1.3426630488146192,-0.07582814220879674,-1.1663540985787406,0.11729420628907372,-0.057125622704065154,1,0.0,1.0,1.0,0.0,0.0,0.0,0.0,0.0,0.0,0.0,0.0,1.0,0
0.5311507323094284,-0.5896163764513017,0.6654937723593679,-1.1382124473856763,-1.7623410188370292,-0.2764191794319561,-0.427790745484591,0.45958855250858593,3,1.0,0.0,1.0,0.0,0.0,0.0,0.0,0.0,0.0,0.0,1.0,0.0,1
-0.4561862571814192,-0.3747418671362149,-0.3022799360985996,-0.4226353423843763,0.99563630911442,-0.11461283049617718,0.11729420628907372,1.309666711729399,5,1.0,0.0,0.0,0.0,0.0,1.0,0.0,0.0,0.0,1.0,0.0,0.0,1
0.3117425124225734,-0.1774008518704289,0.23537212415582678,0.08849116118798094,0.8564850816698464,-0.19551600496406651,-0.427790745484591,0.12622456850042393,1,0.0,1.0,0.0,0.0,0.0,1.0,0.0,0.0,1.0,0.0,0.0,0.0,0
-1.4435232466722667,-0.06338670391951097,-1.3775840566074524,2.1329971754774095,1.2600236412591101,0.8562252631184969,-1.3362656651073657,-1.6072681483420184,3,0.0,1.0,1.0,0.0,0.0,0.0,1.0,0.0,0.0,0.0,0.0,0.0,1
1.518487721800276,0.32924233873898984,0.9880850085120237,-0.2181847409554334,-0.25950776243563395,-0.8427414007071825,1.9342440455346228,-0.25714401310896234,1,0.0,1.0,1.0,0.0,0.0,0.0,0.0,0.0,0.0,0.0,1.0,0.0,0
0.9699671720831384,-0.6385361446267696,0.9880850085120237,-1.1403591787006802,-0.1565358541266497,0.5326125652469389,1.570854077685513,0.7096115405147074,2,0.0,1.0,0.0,0.0,0.0,1.0,0.0,0.0,0.0,0.0,0.0,1.0,1
-2.101747906332832,-0.14019777877056025,-1.8077057048109935,2.1329971754774095,-1.072150930711944,1.098934786522165,-2.24474058473014,0.20956556450246444,1,0.0,1.0,1.0,0.0,0.0,0.0,0.0,1.0,0.0,0.0,0.0,0.0,0
-1.0047068068985567,-0.294122988587255,-1.270053644556567,-1.322217988671725,1.262806665808001,-1.2472572730466298,-0.9728756972582557,0.7096115405147074,5,0.0,1.0,0.0,0.0,0.0,1.0,0.0,0.0,1.0,0.0,0.0,0.0,0
-0.4561862571814192,-0.2410972446656448,-0.6248711722512554,0.08849116118798094,0.9789381618210711,-0.03370965602828762,0.48068417413818354,-0.873867383524062,1,0.0,1.0,1.0,0.0,0.0,0.0,0.0,0.0,1.0,0.0,0.0,0.0,1
0.20203840247914587,-0.13994359931960856,0.45043294825759733,0.7222880256177039,-0.512762996384758,0.1280966929074913,-0.06440077763548119,0.009547174097567243,1,0.0,1.0,1.0,0.0,0.0,0.0,0.0,0.0,0.0,0.0,1.0,0.0,0
0.3117425124225734,-0.1694088633645446,0.23537212415582678,-1.189325097742912,0.0661061097846683,-1.1663540985787406,-0.2460957615600361,1.4263441061322557,2,1.0,0.0,1.0,0.0,0.0,0.0,0.0,0.0,0.0,0.0,0.0,1.0,0
-0.23677803729456418,-0.4448465149352316,0.1278417121049415,0.08849116118798094,1.1820989538901487,1.0180316120542756,0.48068417413818354,0.4429203533081778,1,0.0,1.0,0.0,0.0,1.0,0.0,0.0,1.0,0.0,0.0,0.0,0.0,0
-0.12707392735113665,-0.021593736503418875,0.1278417121049415,0.5996176647603382,0.7952585415942338,-0.19551600496406651,-0.6094857294091459,-1.6072681483420184,1,1.0,0.0,1.0,0.0,0.0,0.0,0.0,0.0,0.0,0.0,1.0,0.0,0
0.09233429253571836,0.005491039222027479,0.23537212415582678,-0.8850003775159305,-0.47936670179806057,-1.0045477496429613,0.48068417413818354,1.2763303133285828,3,1.0,0.0,1.0,0.0,0.0,0.0,0.0,0.0,1.0,0.0,0.0,0.0,0
1.1893753919699934,-0.22714181519512516,1.418206656715565,0.08849116118798094,-1.4283780729700524,-0.11461283049617718,1.7525490616100678,1.3930077077314396,4,0.0,1.0,0.0,0.0,1.0,0.0,0.0,0.0,0.0,0.0,1.0,0.0,0
-0.4561862571814192,0.033602308884009426,-0.19474952404771434,1.1107441683326953,0.36388973651605594,0.04719351843960194,-0.2460957615600361,1.159652918925726,1,1.0,0.0,0.0,0.0,0.0,1.0,0.0,1.0,0.0,0.0,0.0,0.0,0
0.09233429253571836,0.11287696918274412,0.02031130005405623,-0.4328578724558234,-1.325406164661068,-0.8427414007071825,-0.06440077763548119,-0.44049420431345143,2,1.0,0.0,1.0,0.0,0.0,0.0,0.0,1.0,0.0,0.0,0.0,0.0,0
-1.5532273566156942,-0.21511228387220088,-1.4851144686583377,1.1107441683326953,1.201580125732389,0.6944189141827177,-1.6996556329564754,1.4596805045330719,5,0.0,1.0,0.0,0.0,1.0,0.0,0.0,1.0,0.0,0.0,0.0,0.0,0
0.20203840247914587,-0.3303777768124193,0.02031130005405623,-0.4226353423843763,1.4103069668992496,-0.2764191794319561,0.11729420628907372,0.7762843373163398,2,1.0,0.0,0.0,0.0,0.0,1.0,0.0,0.0,0.0,0.0,1.0,0.0,1
-1.1144109168419842,1.344962977007326,-1.1625232325056818,1.1107441683326953,0.021577717002404694,-0.8427414007071825,-1.1545706811828107,-1.3572451603358968,2,0.0,1.0,1.0,0.0,0.0,0.0,0.0,0.0,0.0,1.0,0.0,0.0,0
0.09233429253571836,-0.11814771140050276,0.23537212415582678,-0.9337618459567335,0.8592681062187378,-1.0045477496429613,-0.06440077763548119,0.009547174097567243,2,1.0,0.0,0.0,0.0,0.0,1.0,0.0,0.0,0.0,0.0,0.0,1.0,0
-0.5658903671248466,-0.31706757210200776,-0.7324015843021408,1.6218706719050526,1.5633733170882806,1.7461601822652812,-0.427790745484591,0.17622916610164824,2,0.0,1.0,1.0,0.0,0.0,0.0,0.0,0.0,0.0,1.0,0.0,0.0,1
-1.2241150267854117,3.6537971316604674,-1.0549928204547967,-0.2181847409554334,-0.418140161722448,-1.2472572730466298,-1.5179606490319204,-0.8571991843236539,1,0.0,1.0,1.0,0.0,0.0,0.0,0.0,0.0,0.0,1.0,0.0,0.0,0
0.4214466223660009,0.3911643634439085,0.45043294825759733,0.5996176647603382,-0.10922443679549469,-0.6000318773035141,0.11729420628907372,0.9596345285208289,1,1.0,0.0,1.0,0.0,0.0,0.0,0.0,0.0,0.0,0.0,0.0,1.0,0
-0.5658903671248466,-0.5420994833224325,-0.4098103481494849,-0.4226353423843763,2.0253553922042653,1.1798379609900547,-0.427790745484591,-2.707369295568953,3,1.0,0.0,0.0,0.0,0.0,1.0,0.0,0.0,0.0,1.0,0.0,0.0,1
0.20203840247914587,0.0016099145286500376,0.02031130005405623,-0.8417590753137092,-1.5536141776701688,-1.0045477496429613,-0.06440077763548119,-0.007121025102840856,3,0.0,1.0,0.0,0.0,0.0,1.0,1.0,0.0,0.0,0.0,0.0,0.0,0
-0.3464821472379917,-0.3559570280976135,-0.3022799360985996,0.7018429654748096,-0.25672473788674255,1.098934786522165,0.29898919021362863,0.05955177169879154,1,1.0,0.0,0.0,0.0,0.0,1.0,0.0,1.0,0.0,0.0,0.0,0.0,1
0.09233429253571836,0.8706934499296941,0.23537212415582678,0.7814764747313828,0.09393635527358292,-0.761838226239293,-0.2460957615600361,-0.22380761470814614,4,0.0,1.0,1.0,0.0,0.0,0.0,1.0,0.0,0.0,0.0,0.0,0.0,0
-0.017369817407709147,-0.2852267078039465,-0.19474952404771434,-0.23515414087403563,-0.6825274938671376,-0.19551600496406651,0.48068417413818354,1.4430123053326638,4,1.0,0.0,0.0,0.0,0.0,1.0,1.0,0.0,0.0,0.0,0.0,0.0,0
-0.6755944770682742,-0.3437661905846622,-0.6248711722512554,0.08849116118798094,0.5058239885095209,0.37080621631115973,-0.427790745484591,1.5596896997355205,5,1.0,0.0,0.0,0.0,0.0,1.0,0.0,0.0,1.0,0.0,0.0,0.0,0
0.09233429253571836,-0.2872112627479153,0.45043294825759733,0.517837424188761,-0.20663029600669613,0.5326125652469389,-0.6094857294091459,0.5095931501098102,1,1.0,0.0,0.0,0.0,0.0,1.0,0.0,0.0,0.0,1.0,0.0,0.0,0
1.079671282026566,-0.5493484857409197,1.095615420562909,-0.9337618459567335,0.23865363181593938,-0.03370965602828762,1.3891590937609581,0.45958855250858593,3,0.0,1.0,0.0,0.0,0.0,1.0,0.0,0.0,0.0,1.0,0.0,0.0,1
-0.23677803729456418,-0.47397450240102024,-0.3022799360985996,-0.7293112445277906,1.1793159293412572,-0.11461283049617718,0.29898919021362863,-0.04045742350365705,1,0.0,1.0,0.0,0.0,0.0,1.0,1.0,0.0,0.0,0.0,0.0,0.0,1
0.5311507323094284,-0.3162268246873215,0.7730241844102532,-1.1279899173142292,0.4835597921183892,-1.0045477496429613,-0.427790745484591,0.17622916610164824,2,1.0,0.0,0.0,0.0,0.0,1.0,1.0,0.0,0.0,0.0,0.0,0.0,0
0.7505589521962834,-0.2805341640940695,0.8805545964611385,0.08849116118798094,0.8592681062187378,0.04719351843960194,-0.6094857294091459,0.9096299309196046,2,0.0,1.0,1.0,0.0,0.0,0.0,1.0,0.0,0.0,0.0,0.0,0.0,1
1.4087836118568484,-0.2581468201448646,1.3106762446646796,-0.4226353423843763,-1.1806888881187114,-0.4382255283677351,1.0257691259118482,0.6096023453122588,2,0.0,1.0,1.0,0.0,0.0,0.0,0.0,0.0,0.0,0.0,1.0,0.0,0
-0.5658903671248466,-0.45721821090366777,-0.3022799360985996,-0.34596636684852267,1.0067684073099856,0.4517093907790493,-0.06440077763548119,1.0596437237232774,1,0.0,1.0,0.0,0.0,0.0,1.0,0.0,0.0,0.0,0.0,1.0,0.0,0
-0.6755944770682742,-0.4850459727165113,-0.3022799360985996,0.19071646190245237,-0.7938484758227966,1.584353833329502,0.48068417413818354,0.20956556450246444,5,1.0,0.0,0.0,0.0,0.0,1.0,0.0,0.0,0.0,0.0,1.0,0.0,1
0.7505589521962834,-0.2747857980494702,0.7730241844102532,-0.6270859438133192,-1.1862549372164943,-0.6000318773035141,0.48068417413818354,-0.3404850091110028,1,0.0,1.0,0.0,0.0,0.0,1.0,1.0,0.0,0.0,0.0,0.0,0.0,0
-1.4435232466722667,-0.25034546622719406,-1.270053644556567,1.4174200704761097,1.396391844154792,1.098934786522165,-0.7911807133337009,-0.3404850091110028,1,0.0,1.0,0.0,0.0,1.0,0.0,0.0,0.0,0.0,1.0,0.0,0.0,0
0.4214466223660009,-0.4627661662273244,0.45043294825759733,-0.2181847409554334,-1.3476703610521998,0.6944189141827177,-0.6094857294091459,0.27623836130409685,1,0.0,1.0,1.0,0.0,0.0,0.0,0.0,1.0,0.0,0.0,0.0,0.0,0
-2.2114520162762594,-0.23144820166221022,-2.1302969409636496,2.1329971754774095,0.3833709083582963,1.584353833329502,-2.24474058473014,0.19289736530205634,1,1.0,0.0,1.0,0.0,0.0,0.0,0.0,0.0,0.0,0.0,1.0,0.0,0
-0.017369817407709147,0.024319870857908973,0.23537212415582678,0.00619979411283143,-0.053563945817664944,-0.5191287028356245,0.29898919021362863,0.24290196290328064,1,0.0,1.0,1.0,0.0,0.0,0.0,1.0,0.0,0.0,0.0,0.0,0.0,1
-1.6629314665591217,0.9158933996018115,-1.4851144686583377,2.1329971754774095,-0.20663029600669613,-0.4382255283677351,-1.5179606490319204,-1.3572451603358968,1,0.0,1.0,1.0,0.0,0.0,0.0,0.0,0.0,0.0,0.0,0.0,1.0,0
-0.5658903671248466,0.620048070959524,-0.6248711722512554,1.1107441683326953,0.6700224368941178,-0.6000318773035141,-0.6094857294091459,-0.04045742350365705,2,1.0,0.0,1.0,0.0,0.0,0.0,0.0,0.0,0.0,0.0,0.0,1.0,0
0.7505589521962834,-0.6089340147236287,0.6654937723593679,-1.1995476278143593,-0.512762996384758,-0.2764191794319561,-0.2460957615600361,-0.40715780591263523,1,1.0,0.0,0.0,0.0,0.0,1.0,0.0,0.0,0.0,1.0,0.0,0.0,1
0.9699671720831384,-0.1407794586679304,0.8805545964611385,-0.9337618459567335,-0.20663029600669613,-1.0045477496429613,2.8427189651573976,-0.07379382190447326,2,1.0,0.0,1.0,0.0,0.0,0.0,0.0,0.0,0.0,0.0,1.0,0.0,0
0.5311507323094284,-0.43744109439308193,0.5579633603084826,-1.035987146671205,-0.17045097687110677,-0.761838226239293,0.29898919021362863,-0.20713941550773804,4,1.0,0.0,0.0,0.0,1.0,0.0,0.0,0.0,1.0,0.0,0.0,0.0,0
0.3117425124225734,-0.2685095208375097,0.34290253620671207,-0.8724266655280506,0.9789381618210711,-0.8427414007071825,-0.6094857294091459,-1.1072221723297755,3,0.0,1.0,0.0,0.0,0.0,1.0,0.0,1.0,0.0,0.0,0.0,0.0,1
0.20203840247914587,-0.22851047377717262,0.34290253620671207,0.08849116118798094,0.377804859260513,-0.03370965602828762,0.29898919021362863,-0.6905171923195729,1,0.0,1.0,1.0,0.0,0.0,0.0,1.0,0.0,0.0,0.0,0.0,0.0,0
0.5311507323094284,-0.3667498786303306,0.6654937723593679,-0.3408551018127991,-0.38752689168464194,-0.03370965602828762,-0.6094857294091459,-0.6071761963175324,1,1.0,0.0,0.0,0.0,0.0,1.0,0.0,0.0,0.0,0.0,0.0,1.0,0
1.079671282026566,-0.19847819403395978,1.2031458326137943,-0.32041004166990483,0.18577616538700154,-0.4382255283677351,1.9342440455346228,0.5762659469114426,3,0.0,1.0,0.0,0.0,0.0,1.0,1.0,0.0,0.0,0.0,0.0,0.0,0
0.20203840247914587,-0.2748493429122081,0.1278417121049415,-1.0155420865283107,0.6728054614430092,-0.923644575175072,-0.06440077763548119,-1.023881176327735,3,1.0,0.0,1.0,0.0,0.0,0.0,0.0,0.0,0.0,0.0,0.0,1.0,0
-0.017369817407709147,-0.4672876276144455,0.1278417121049415,0.5740613395817202,-0.30681917976678896,1.9888697056689495,-0.06440077763548119,0.39291575570695353,4,1.0,0.0,0.0,0.0,0.0,1.0,0.0,0.0,1.0,0.0,0.0,0.0,1
-0.12707392735113665,-0.3266041895790599,-0.08721911199682905,-1.2915503984573835,-1.0443206852230293,-1.1663540985787406,0.48068417413818354,-1.9072957339493641,2,0.0,1.0,0.0,0.0,0.0,1.0,0.0,0.0,0.0,0.0,1.0,0.0,0
-1.4435232466722667,1.6491229065355517,-1.1625232325056818,1.1107441683326953,-0.1760170259688901,-0.923644575175072,-1.1545706811828107,1.1763211181261342,3,1.0,0.0,1.0,0.0,0.0,0.0,0.0,1.0,0.0,0.0,0.0,0.0,0
-0.23677803729456418,0.3320236485003648,0.02031130005405623,-0.24885233116977482,-0.8383768686050602,-0.8427414007071825,0.11729420628907372,0.24290196290328064,1,0.0,1.0,1.0,0.0,0.0,0.0,0.0,0.0,0.0,0.0,1.0,0.0,0
1.299079501913421,-0.40253541248450725,1.2031458326137943,0.5996176647603382,-1.072150930711944,1.3416443099258337,1.0257691259118482,1.0596437237232774,5,0.0,1.0,0.0,0.0,0.0,1.0,1.0,0.0,0.0,0.0,0.0,0.0,1
0.5311507323094284,-0.4136850918618296,0.45043294825759733,-1.189325097742912,0.8063906397898,-1.0045477496429613,0.48068417413818354,1.292998512528991,4,0.0,1.0,0.0,0.0,0.0,1.0,1.0,0.0,0.0,0.0,0.0,0.0,0
-0.3464821472379917,0.18226795929255038,-0.08721911199682905,1.6218706719050526,-0.7938484758227966,0.04719351843960194,-0.6094857294091459,0.45958855250858593,1,0.0,1.0,1.0,0.0,0.0,0.0,0.0,0.0,0.0,1.0,0.0,0.0,0
-0.6755944770682742,0.09566608751349731,-0.6248711722512554,-1.189325097742912,0.8787492780609782,-1.1663540985787406,0.48068417413818354,0.8429571341179722,2,0.0,1.0,1.0,0.0,0.0,0.0,0.0,0.0,0.0,0.0,0.0,1.0,0
-0.5658903671248466,1.103971529106955,-0.8399319963530261,0.06886390345080243,-0.2929040570223319,-1.0045477496429613,0.29898919021362863,-0.9405401803256944,1,0.0,1.0,1.0,0.0,0.0,0.0,0.0,0.0,0.0,0.0,0.0,1.0,0
0.3117425124225734,-0.4854712344902189,0.6654937723593679,-0.6270859438133192,-1.2474814772921068,0.1280966929074913,0.11729420628907372,1.4596805045330719,4,1.0,0.0,0.0,0.0,0.0,1.0,0.0,0.0,0.0,0.0,1.0,0.0,0
0.20203840247914587,-0.5201911698769442,0.23537212415582678,-0.9337618459567335,0.6199279950140714,-0.2764191794319561,-0.6094857294091459,1.326334910929807,2,0.0,1.0,0.0,0.0,0.0,1.0,0.0,0.0,0.0,0.0,0.0,1.0,0
-0.3464821472379917,0.18270788526535134,-0.4098103481494849,-0.2181847409554334,-0.18714912416445573,-0.761838226239293,0.48068417413818354,0.476256751708994,1,1.0,0.0,1.0,0.0,0.0,0.0,0.0,0.0,1.0,0.0,0.0,0.0,0
0.6408548422528559,-0.6082643496316984,0.6654937723593679,-1.2404377481001478,0.30266319644044337,-0.5191287028356245,-0.06440077763548119,0.27623836130409685,2,0.0,1.0,0.0,0.0,0.0,1.0,1.0,0.0,0.0,0.0,0.0,0.0,0
0.20203840247914587,-0.5551066279182479,0.1278417121049415,-0.9915191408604098,-0.45710250540692876,-0.11461283049617718,0.48068417413818354,-1.040549375528143,1,1.0,0.0,0.0,0.0,0.0,1.0,0.0,1.0,0.0,0.0,0.0,0.0,0
-0.23677803729456418,0.6698525791469582,-0.19474952404771434,0.08849116118798094,0.021577717002404694,-0.923644575175072,0.11729420628907372,0.27623836130409685,1,1.0,0.0,1.0,0.0,0.0,0.0,0.0,0.0,0.0,1.0,0.0,0.0,0
-0.5658903671248466,0.47634869597726953,-0.5173407602003702,-0.8315365452422621,-1.7623410188370292,-1.1663540985787406,-0.06440077763548119,-0.39048960671222716,2,0.0,1.0,1.0,0.0,0.0,0.0,1.0,0.0,0.0,0.0,0.0,0.0,0
-0.6755944770682742,0.6985064241753947,-0.5173407602003702,1.1107441683326953,1.1681838311456911,-0.6000318773035141,0.48068417413818354,0.3762475565065454,2,1.0,0.0,1.0,0.0,0.0,0.0,1.0,0.0,0.0,0.0,0.0,0.0,1
-0.5658903671248466,-0.11018016322644075,-0.5173407602003702,0.4360571836171838,-1.6037086195502153,-0.11461283049617718,0.11729420628907372,-0.4571624035138595,5,1.0,0.0,1.0,0.0,0.0,0.0,0.0,0.0,0.0,0.0,0.0,1.0,0
1.6281918317437034,-0.18715254426751704,1.6332674808173355,0.08849116118798094,-0.9302166787184789,-0.19551600496406651,1.3891590937609581,-0.35715320831141095,2,0.0,1.0,0.0,0.0,0.0,1.0,0.0,0.0,1.0,0.0,0.0,0.0,0
0.7505589521962834,-0.29226063530239754,0.7730241844102532,0.19071646190245237,0.8926644008054357,0.20899986737538084,-0.427790745484591,0.6929433413142994,1,0.0,1.0,0.0,0.0,0.0,1.0,0.0,0.0,1.0,0.0,0.0,0.0,1
-0.4561862571814192,-0.05898255612513682,-0.3022799360985996,1.6218706719050526,1.2850708621991334,0.5326125652469389,-0.6094857294091459,0.026215373297975342,4,1.0,0.0,1.0,0.0,0.0,0.0,1.0,0.0,0.0,0.0,0.0,0.0,1
-1.2241150267854117,-0.2690423200712353,-1.270053644556567,2.1329971754774095,2.097714030475443,1.9079665312010603,-0.7911807133337009,0.09288817009960774,4,1.0,0.0,0.0,0.0,0.0,1.0,0.0,1.0,0.0,0.0,0.0,0.0,1
0.09233429253571836,-0.4310377274556456,-0.08721911199682905,0.19071646190245237,-0.3736117689401844,1.0180316120542756,0.11729420628907372,0.3262429589053211,2,0.0,1.0,0.0,0.0,0.0,1.0,0.0,0.0,0.0,0.0,0.0,1.0,1
-0.23677803729456418,0.4848490433850572,-0.19474952404771434,-0.17218335563392123,0.1328986989580637,-0.923644575175072,0.11729420628907372,0.6929433413142994,2,0.0,1.0,0.0,0.0,0.0,1.0,0.0,1.0,0.0,0.0,0.0,0.0,0
0.6408548422528559,-0.531570588373396,0.23537212415582678,-0.6781985941705548,-1.1166793234942074,0.4517093907790493,0.29898919021362863,0.3762475565065454,1,1.0,0.0,1.0,0.0,0.0,0.0,0.0,0.0,1.0,0.0,0.0,0.0,0
-0.6755944770682742,-0.3501500052566407,-0.6248711722512554,0.7018429654748096,0.6561073141496603,1.0180316120542756,0.29898919021362863,-1.2405677659330403,4,1.0,0.0,0.0,0.0,0.0,1.0,0.0,0.0,0.0,1.0,0.0,0.0,1
0.09233429253571836,0.6518840471912208,0.1278417121049415,1.1107441683326953,1.065211922836707,-0.6000318773035141,0.11729420628907372,-0.17380301710692184,1,0.0,1.0,1.0,0.0,0.0,0.0,0.0,0.0,1.0,0.0,0.0,0.0,0
-0.4561862571814192,0.35432300725500954,-0.9474624084039113,0.7623603434977767,-0.12035653499106035,-0.5191287028356245,0.29898919021362863,-1.690609144344059,1,1.0,0.0,0.0,0.0,0.0,1.0,0.0,0.0,0.0,0.0,0.0,1.0,1
-1.9920437963894042,-0.30570770587101387,-1.9152361168618788,1.6218706719050526,1.521627948854908,1.6652570077973916,-2.063045600805585,-0.057125622704065154,4,0.0,1.0,1.0,0.0,0.0,0.0,0.0,0.0,0.0,1.0,0.0,0.0,1
-0.3464821472379917,0.7704098803965309,-0.3022799360985996,-1.035987146671205,0.9678060636255055,-1.2472572730466298,-0.2460957615600361,-0.6238443955179406,3,1.0,0.0,1.0,0.0,0.0,0.0,0.0,0.0,0.0,0.0,0.0,1.0,0
0.6408548422528559,-0.3447144754593665,0.45043294825759733,-1.189325097742912,-1.2419154281943239,-1.085450924110851,-0.2460957615600361,0.8429571341179722,2,0.0,1.0,1.0,0.0,0.0,0.0,0.0,0.0,0.0,0.0,0.0,1.0,0
3.0543452610082613,-0.44084807664910725,3.246223661580615,-0.7293112445277906,-0.025733700328750317,-0.2764191794319561,1.7525490616100678,0.009547174097567243,3,0.0,1.0,1.0,0.0,0.0,0.0,0.0,0.0,0.0,0.0,1.0,0.0,0
0.3117425124225734,-0.509041490499622,0.5579633603084826,-0.9848744963139692,-1.1806888881187114,-0.4382255283677351,-0.427790745484591,0.9596345285208289,3,1.0,0.0,0.0,0.0,0.0,1.0,0.0,0.0,0.0,0.0,1.0,0.0,0
1.737895941687131,-0.5560158082620366,1.418206656715565,-0.8315365452422621,-0.8355938440561689,0.2899030418432704,0.6623791580627385,-0.8071945867224296,2,0.0,1.0,0.0,0.0,0.0,1.0,0.0,0.0,0.0,1.0,0.0,0.0,0
-0.23677803729456418,-0.5049159624880217,-0.3022799360985996,-0.036734832187246574,0.34162554012492413,1.4225474843937234,-0.06440077763548119,-1.5072589531395697,3,0.0,1.0,0.0,0.0,0.0,1.0,0.0,0.0,0.0,0.0,0.0,1.0,1
-1.5532273566156942,-0.34430387788475225,-1.1625232325056818,2.1329971754774095,-0.32351732706013797,2.5551919269441763,-1.5179606490319204,0.14289276770083204,3,0.0,1.0,1.0,0.0,0.0,0.0,0.0,1.0,0.0,0.0,0.0,0.0,0
-0.12707392735113665,-0.48528548796836957,0.02031130005405623,-0.4226353423843763,-1.5925765213546492,0.5326125652469389,0.11729420628907372,0.3262429589053211,2,0.0,1.0,0.0,0.0,0.0,1.0,1.0,0.0,0.0,0.0,0.0,0.0,0
0.5311507323094284,-0.5724397112466061,0.6654937723593679,-0.9337618459567335,1.1793159293412572,0.20899986737538084,0.29898919021362863,0.07621997089919964,2,0.0,1.0,0.0,0.0,0.0,1.0,1.0,0.0,0.0,0.0,0.0,0.0,1
1.4087836118568484,-0.36795234295598656,1.2031458326137943,-0.4226353423843763,1.1153063647167534,-0.11461283049617718,0.11729420628907372,0.24290196290328064,2,1.0,0.0,1.0,0.0,0.0,0.0,0.0,0.0,1.0,0.0,0.0,0.0,1
-0.5658903671248466,3.996870957516121,-0.8399319963530261,0.08849116118798094,-0.10922443679549469,-1.1663540985787406,0.48068417413818354,0.07621997089919964,1,1.0,0.0,1.0,0.0,0.0,0.0,1.0,0.0,0.0,0.0,0.0,0.0,0
0.7505589521962834,-0.4525403313928841,0.7730241844102532,-0.6270859438133192,-1.2113021581565175,-0.03370965602828762,0.11729420628907372,1.0096391261220532,1,0.0,1.0,0.0,0.0,0.0,1.0,0.0,0.0,0.0,1.0,0.0,0.0,0
-0.3464821472379917,-0.30247180593774453,-0.3022799360985996,1.008518867618224,0.9900702600166372,1.0180316120542756,-0.6094857294091459,0.9763027277212369,1,0.0,1.0,0.0,0.0,0.0,1.0,0.0,0.0,0.0,0.0,0.0,1.0,1
0.8602630621397109,-0.34420611655746314,1.2031458326137943,-0.4226353423843763,0.4835597921183892,-0.19551600496406651,-0.427790745484591,1.326334910929807,2,0.0,1.0,0.0,0.0,0.0,1.0,0.0,0.0,0.0,0.0,0.0,1.0,0
0.20203840247914587,-0.2738521773738592,0.02031130005405623,1.1107441683326953,2.131110325062141,1.0180316120542756,0.48068417413818354,-0.7571899891212053,1,0.0,1.0,0.0,0.0,0.0,1.0,0.0,0.0,1.0,0.0,0.0,0.0,1
-0.23677803729456418,-0.5103026116216514,0.02031130005405623,-0.4226353423843763,-0.20663029600669613,0.7753220886506074,-0.2460957615600361,-2.20732331955671,1,1.0,0.0,0.0,0.0,0.0,1.0,0.0,0.0,0.0,1.0,0.0,0.0,1
0.09233429253571836,-0.12199461962932902,0.23537212415582678,-0.9337618459567335,0.7062017560297067,-1.0045477496429613,0.11729420628907372,-0.3071486107101866,2,1.0,0.0,1.0,0.0,0.0,0.0,0.0,0.0,0.0,1.0,0.0,0.0,0
0.6408548422528559,0.006805929074065933,0.45043294825759733,-1.0768772669569935,-0.20663029600669613,-1.1663540985787406,0.48068417413818354,-0.7405217899207972,1,0.0,1.0,1.0,0.0,0.0,0.0,0.0,0.0,0.0,0.0,0.0,1.0,0
0.20203840247914587,-0.5197463558377788,0.02031130005405623,-0.6781985941705548,-0.20663029600669613,0.2899030418432704,0.29898919021362863,-0.39048960671222716,3,1.0,0.0,1.0,0.0,0.0,0.0,0.0,0.0,0.0,0.0,1.0,0.0,0
0.8602630621397109,-0.09839014715537478,0.7730241844102532,-0.2181847409554334,0.8926644008054357,-0.5191287028356245,-0.6094857294091459,0.3262429589053211,1,1.0,0.0,1.0,0.0,0.0,0.0,0.0,0.0,1.0,0.0,0.0,0.0,0
0.6408548422528559,-0.5990405684019714,0.6654937723593679,-1.1075448571713349,-0.21219634510447896,-0.03370965602828762,-0.06440077763548119,0.2929065605045049,1,1.0,0.0,0.0,0.0,1.0,0.0,0.0,0.0,1.0,0.0,0.0,0.0,1
0.6408548422528559,-0.31405652322150335,0.34290253620671207,-0.6647048544762446,-1.2391324036454323,-0.5191287028356245,1.0257691259118482,-0.15713481790651374,2,0.0,1.0,0.0,0.0,0.0,1.0,0.0,0.0,0.0,0.0,1.0,0.0,0
-0.4561862571814192,-0.22104150837228506,-0.3022799360985996,-0.32041004166990483,-0.38752689168464194,-0.4382255283677351,-0.06440077763548119,0.5262613493102183,5,0.0,1.0,1.0,0.0,0.0,0.0,0.0,0.0,1.0,0.0,0.0,0.0,0
-0.017369817407709147,-0.5072329059447735,-0.19474952404771434,-0.4226353423843763,-0.011818577584292759,0.6944189141827177,-0.06440077763548119,-0.6738489931191648,1,1.0,0.0,0.0,0.0,0.0,1.0,1.0,0.0,0.0,0.0,0.0,0.0,1
0.20203840247914587,-0.197256177442846,-0.19474952404771434,-0.7293112445277906,-0.3151682534134637,-0.761838226239293,-0.427790745484591,-0.14046661870610566,5,0.0,1.0,1.0,0.0,0.0,0.0,0.0,0.0,0.0,0.0,1.0,0.0,0
-1.7726355765025492,-0.34427943755292995,-1.9152361168618788,1.6218706719050526,0.7006357069319238,1.9888697056689495,-1.8813506168810303,-0.19047121630732994,4,1.0,0.0,1.0,0.0,0.0,0.0,0.0,1.0,0.0,0.0,0.0,0.0,0
-1.2241150267854117,-0.06253618037209577,-1.0549928204547967,2.1329971754774095,0.4835597921183892,0.8562252631184969,-0.7911807133337009,-0.023789224303248955,4,1.0,0.0,1.0,0.0,0.0,0.0,1.0,0.0,0.0,0.0,0.0,0.0,1
-0.3464821472379917,-0.35109829013134497,-0.3022799360985996,-1.189325097742912,1.9557797784819784,-1.085450924110851,-0.2460957615600361,0.09288817009960774,1,0.0,1.0,0.0,0.0,0.0,1.0,0.0,0.0,0.0,0.0,1.0,0.0,1
1.4087836118568484,-0.3808617262245128,0.7730241844102532,-1.3426630488146192,0.6227110195629628,-1.1663540985787406,2.2976340133837327,0.3595793573061373,2,1.0,0.0,0.0,0.0,0.0,1.0,1.0,0.0,0.0,0.0,0.0,0.0,1
0.3117425124225734,-0.5904668999987169,0.1278417121049415,-1.2404377481001478,-1.2947928946232619,-0.6000318773035141,-0.6094857294091459,-0.04045742350365705,4,0.0,1.0,0.0,0.0,0.0,1.0,0.0,0.0,0.0,0.0,0.0,1.0,0
0.20203840247914587,-0.5418208635396586,0.23537212415582678,-0.9337618459567335,-0.48771577544473477,-0.11461283049617718,-0.6094857294091459,1.12631652052491,1,1.0,0.0,0.0,0.0,0.0,1.0,0.0,1.0,0.0,0.0,0.0,0.0,0
-0.017369817407709147,0.18428184263470593,0.34290253620671207,0.19071646190245237,-0.907952482327347,-0.6000318773035141,-0.427790745484591,-1.5239271523399778,2,0.0,1.0,1.0,0.0,0.0,0.0,0.0,0.0,1.0,0.0,0.0,0.0,0
-1.7726355765025492,-0.41628554316771976,-1.9152361168618788,1.1411050826448934,1.8583739192707764,2.150676054604728,-2.24474058473014,-1.7906183395465074,3,1.0,0.0,0.0,0.0,0.0,1.0,0.0,1.0,0.0,0.0,0.0,0.0,1
1.299079501913421,-0.12155469365652805,1.5257370687664502,-0.4226353423843763,0.41120115384721095,-0.6809350517714036,1.0257691259118482,-0.35715320831141095,3,0.0,1.0,1.0,0.0,0.0,0.0,0.0,0.0,0.0,0.0,1.0,0.0,0
0.09233429253571836,-0.33357457221477305,0.23537212415582678,0.5996176647603382,-0.418140161722448,0.8562252631184969,-0.06440077763548119,0.09288817009960774,3,0.0,1.0,1.0,0.0,0.0,0.0,0.0,1.0,0.0,0.0,0.0,0.0,0
0.3117425124225734,-0.4919674746885799,0.1278417121049415,-1.035987146671205,0.4835597921183892,-0.6000318773035141,0.11729420628907372,-0.29048041150977855,1,0.0,1.0,0.0,0.0,0.0,1.0,0.0,0.0,0.0,1.0,0.0,0.0,0
0.3117425124225734,-0.380627099039019,0.34290253620671207,0.08849116118798094,-0.03964882307320788,0.5326125652469389,0.29898919021362863,0.22623376370287254,2,0.0,1.0,1.0,0.0,0.0,0.0,0.0,1.0,0.0,0.0,0.0,0.0,0
-0.017369817407709147,-0.5075848467230143,-0.08721911199682905,-1.189325097742912,-1.1862549372164943,-0.8427414007071825,0.48068417413818354,1.47634870373348,3,0.0,1.0,0.0,0.0,0.0,1.0,1.0,0.0,0.0,0.0,0.0,0.0,1
-0.3464821472379917,-0.4396016197261711,-0.08721911199682905,-1.189325097742912,-1.1333774707875566,-0.923644575175072,0.11729420628907372,-1.540595351540386,1,1.0,0.0,1.0,0.0,0.0,0.0,0.0,0.0,0.0,0.0,1.0,0.0,0
-1.9920437963894042,-0.4277920513896473,-1.4851144686583377,1.5298679012620282,0.34440856467381553,2.8788046248157344,-2.24474058473014,-0.8238627859228377,2,0.0,1.0,1.0,0.0,0.0,0.0,0.0,0.0,0.0,0.0,1.0,0.0,1
0.6408548422528559,0.06586843495577831,0.45043294825759733,1.008518867618224,-0.512762996384758,-0.11461283049617718,0.11729420628907372,-0.007121025102840856,2,1.0,0.0,0.0,0.0,0.0,1.0,0.0,1.0,0.0,0.0,0.0,0.0,0
0.3117425124225734,-0.2276501740970285,0.5579633603084826,2.1329971754774095,-0.20663029600669613,1.584353833329502,-0.2460957615600361,-1.4072497579371213,4,0.0,1.0,0.0,0.0,0.0,1.0,0.0,0.0,0.0,1.0,0.0,0.0,1
0.20203840247914587,-0.3210904507199544,-0.19474952404771434,-0.8315365452422621,-1.1639907408253625,-0.6809350517714036,-0.06440077763548119,-1.3572451603358968,1,1.0,0.0,1.0,0.0,0.0,0.0,0.0,0.0,0.0,0.0,0.0,1.0,0
0.20203840247914587,0.12330810280449156,0.02031130005405623,0.7529556158320453,0.021577717002404694,-0.2764191794319561,-0.6094857294091459,-1.8239547379473238,2,0.0,1.0,0.0,0.0,1.0,0.0,0.0,0.0,0.0,1.0,0.0,0.0,0
0.3117425124225734,-0.3667694308957884,0.6654937723593679,-0.7293112445277906,1.262806665808001,-0.5191287028356245,-0.427790745484591,-1.4239179571375293,1,0.0,1.0,1.0,0.0,0.0,0.0,1.0,0.0,0.0,0.0,0.0,0.0,1
0.09233429253571836,3.878110497125317,0.1278417121049415,-1.3426630488146192,-0.782716377627231,-1.3281604475145194,-0.6094857294091459,0.10955636930001583,1,0.0,1.0,1.0,0.0,0.0,0.0,0.0,0.0,1.0,0.0,0.0,0.0,0
-0.23677803729456418,-0.4318442584057807,-0.19474952404771434,1.008518867618224,-0.30681917976678896,2.2315792290726177,-0.6094857294091459,-0.4904988019146757,2,0.0,1.0,0.0,0.0,0.0,1.0,0.0,1.0,0.0,0.0,0.0,0.0,1
0.3117425124225734,-0.4909947494820533,0.02031130005405623,-0.4226353423843763,-0.3986589898802076,0.5326125652469389,0.29898919021362863,-0.7905263875220215,2,0.0,1.0,0.0,0.0,0.0,1.0,1.0,0.0,0.0,0.0,0.0,0.0,0
0.09233429253571836,-0.22690229994326686,0.34290253620671207,-0.7906464249564734,-0.011818577584292759,-0.761838226239293,-0.6094857294091459,-1.6572727459432426,1,0.0,1.0,0.0,0.0,0.0,1.0,0.0,0.0,1.0,0.0,0.0,0.0,0
0.7505589521962834,-0.44925066272960573,0.6654937723593679,-1.1382124473856763,-0.7938484758227966,-0.8427414007071825,0.11729420628907372,1.5430215005351124,4,1.0,0.0,1.0,0.0,0.0,0.0,0.0,0.0,0.0,1.0,0.0,0.0,0
-0.5658903671248466,-0.5706751192890378,-0.5173407602003702,-1.1382124473856763,0.11898357621360613,-0.4382255283677351,-0.06440077763548119,1.6096942973367447,5,1.0,0.0,0.0,0.0,0.0,1.0,0.0,0.0,0.0,1.0,0.0,0.0,0
0.20203840247914587,-0.5205040061242694,-0.19474952404771434,-0.2181847409554334,-0.1788000505177815,1.2607411354579443,0.11729420628907372,0.7762843373163398,4,1.0,0.0,0.0,0.0,0.0,1.0,1.0,0.0,0.0,0.0,0.0,0.0,1
0.20203840247914587,-0.20966208987583332,0.23537212415582678,-0.2181847409554334,1.1820989538901487,-0.3573223538998456,0.11729420628907372,1.2429939149277667,2,1.0,0.0,0.0,1.0,0.0,0.0,0.0,1.0,0.0,0.0,0.0,0.0,1
0.09233429253571836,-0.2639831713840241,-0.08721911199682905,1.6832058523337352,1.9585628030308693,1.4225474843937234,0.48068417413818354,-0.04045742350365705,1,1.0,0.0,0.0,0.0,0.0,1.0,1.0,0.0,0.0,0.0,0.0,0.0,1
0.4214466223660009,-0.2133183635164458,0.45043294825759733,-0.7702013648135791,-1.1389435198853393,-0.761838226239293,-0.2460957615600361,-1.7406137419452832,1,0.0,1.0,1.0,0.0,0.0,0.0,0.0,0.0,0.0,0.0,1.0,0.0,0
0.20203840247914587,-0.2846254756411185,-0.08721911199682905,-0.8315365452422621,-1.6593691105280446,-0.761838226239293,0.29898919021362863,-1.890627534748956,3,0.0,1.0,0.0,0.0,0.0,1.0,1.0,0.0,0.0,0.0,0.0,0.0,0
0.09233429253571836,-0.5094080954769561,0.23537212415582678,-0.7906464249564734,-1.1862549372164943,-0.03370965602828762,0.29898919021362863,0.5262613493102183,2,1.0,0.0,0.0,0.0,0.0,1.0,0.0,0.0,0.0,0.0,0.0,1.0,0
0.4214466223660009,-0.3780119835340354,0.45043294825759733,-1.0768772669569935,-0.48771577544473477,-0.923644575175072,-0.06440077763548119,0.7096115405147074,1,1.0,0.0,0.0,0.0,0.0,1.0,0.0,0.0,0.0,0.0,1.0,0.0,0
-0.5658903671248466,-0.1261348118400226,-0.08721911199682905,1.1107441683326953,2.131110325062141,0.37080621631115973,-0.6094857294091459,0.7929525365167479,1,0.0,1.0,0.0,0.0,0.0,1.0,0.0,0.0,1.0,0.0,0.0,0.0,0
0.09233429253571836,-0.3256754569698134,-0.08721911199682905,0.39516706333139523,1.5355430715993656,0.5326125652469389,-0.06440077763548119,0.5595977477110345,1,1.0,0.0,0.0,0.0,0.0,1.0,0.0,0.0,0.0,1.0,0.0,0.0,1
-0.5658903671248466,-0.1990745381304233,-0.5173407602003702,-0.4226353423843763,1.8583739192707764,-0.5191287028356245,0.29898919021362863,-1.2572359651334484,1,0.0,1.0,0.0,0.0,1.0,0.0,0.0,1.0,0.0,0.0,0.0,0.0,0
-0.6755944770682742,0.769251408668155,-0.8399319963530261,1.7649860929053123,0.7006357069319238,-0.5191287028356245,0.29898919021362863,-1.4905907539391616,2,1.0,0.0,1.0,0.0,0.0,0.0,0.0,0.0,0.0,0.0,1.0,0.0,0
2.0670082715174134,-0.1985612911621555,2.278449953122647,-0.5248606430988477,-0.48771577544473477,-0.6000318773035141,1.3891590937609581,-0.7571899891212053,1,0.0,1.0,0.0,0.0,0.0,1.0,0.0,0.0,1.0,0.0,0.0,0.0,0
-0.23677803729456418,-0.284899207357528,-0.3022799360985996,-1.1382124473856763,-0.27898893427787436,-1.0045477496429613,0.11729420628907372,1.0763119229236855,5,1.0,0.0,0.0,0.0,0.0,1.0,0.0,0.0,0.0,1.0,0.0,0.0,0
-0.5658903671248466,-0.37190678864483084,-0.7324015843021408,1.6218706719050526,-0.512762996384758,2.3124824035405074,0.11729420628907372,-0.22380761470814614,1,1.0,0.0,0.0,0.0,0.0,1.0,1.0,0.0,0.0,0.0,0.0,0.0,1
0.09233429253571836,-0.2744582976030517,0.34290253620671207,-0.8315365452422621,0.18577616538700154,-0.761838226239293,0.48068417413818354,-0.44049420431345143,1,0.0,1.0,0.0,0.0,0.0,1.0,0.0,0.0,0.0,1.0,0.0,0.0,0
0.7505589521962834,-0.35655826026044146,0.9880850085120237,0.19071646190245237,0.99563630911442,0.5326125652469389,-0.2460957615600361,-0.40715780591263523,2,1.0,0.0,1.0,0.0,0.0,0.0,0.0,0.0,0.0,0.0,1.0,0.0,1
0.09233429253571836,-0.16800598831794597,0.23537212415582678,0.08849116118798094,0.7535131733608622,-0.19551600496406651,-0.6094857294091459,-0.4571624035138595,1,0.0,1.0,1.0,0.0,0.0,0.0,0.0,0.0,0.0,0.0,0.0,1.0,0
0.20203840247914587,-0.2858034996349522,0.45043294825759733,-0.473747992741612,0.6867205841874667,-0.4382255283677351,-0.06440077763548119,-0.07379382190447326,1,1.0,0.0,0.0,0.0,0.0,1.0,0.0,1.0,0.0,0.0,0.0,0.0,0
-1.1144109168419842,3.4321037697669654,-0.7324015843021408,-0.2181847409554334,0.99563630911442,-1.2472572730466298,-0.9728756972582557,-0.04045742350365705,3,0.0,1.0,0.0,0.0,0.0,1.0,0.0,0.0,0.0,1.0,0.0,0.0,1
-0.5658903671248466,-0.2988497487616832,-0.5173407602003702,1.9285465740484666,-0.4904987999936262,1.9079665312010603,0.11729420628907372,0.7596161381159318,3,1.0,0.0,1.0,0.0,0.0,0.0,0.0,1.0,0.0,0.0,0.0,0.0,0
-0.5658903671248466,-0.20320006614202352,-0.4098103481494849,-0.9337618459567335,-0.48771577544473477,-0.923644575175072,0.29898919021362863,0.8429571341179722,5,0.0,1.0,0.0,0.0,0.0,1.0,0.0,0.0,1.0,0.0,0.0,0.0,0
0.20203840247914587,-0.4837457470635662,0.02031130005405623,-0.2181847409554334,0.6227110195629628,0.8562252631184969,-0.427790745484591,0.9763027277212369,1,0.0,1.0,1.0,0.0,0.0,0.0,0.0,0.0,1.0,0.0,0.0,0.0,0
-1.2241150267854117,-0.2696875448313434,-0.8399319963530261,1.591203081690711,-0.1788000505177815,1.4225474843937234,-1.3362656651073657,-1.4072497579371213,1,1.0,0.0,0.0,0.0,0.0,1.0,0.0,0.0,1.0,0.0,0.0,0.0,1
0.20203840247914587,-0.47888212103093325,0.02031130005405623,-1.0864864452241538,0.330493441929358,-0.6809350517714036,-0.2460957615600361,1.2429939149277667,5,0.0,1.0,0.0,0.0,0.0,1.0,0.0,1.0,0.0,0.0,0.0,0.0,0
0.4214466223660009,-0.34532059568855894,0.02031130005405623,0.08849116118798094,0.9705890881743968,0.37080621631115973,-0.2460957615600361,0.7262797397151155,1,0.0,1.0,0.0,0.0,0.0,1.0,0.0,0.0,1.0,0.0,0.0,0.0,0
0.09233429253571836,-0.27471736512036776,-0.3022799360985996,-0.9286505809210098,-1.325406164661068,-0.8427414007071825,0.29898919021362863,0.9262981301200127,5,0.0,1.0,1.0,0.0,0.0,0.0,1.0,0.0,0.0,0.0,0.0,0.0,0
0.20203840247914587,-0.3753919799626874,0.23537212415582678,-0.9337618459567335,-1.1806888881187114,-0.761838226239293,-0.6094857294091459,-1.3905815587367132,5,0.0,1.0,1.0,0.0,0.0,0.0,0.0,1.0,0.0,0.0,0.0,0.0,0
-0.3464821472379917,-0.5904424596668947,-0.3022799360985996,-0.9976526589032781,-1.7623410188370292,0.20899986737538084,0.48068417413818354,-0.17380301710692184,4,0.0,1.0,0.0,0.0,1.0,0.0,0.0,0.0,0.0,1.0,0.0,0.0,1
0.5311507323094284,-0.4436000580122955,0.23537212415582678,-0.03929046470510836,0.8592681062187378,0.7753220886506074,-0.2460957615600361,-0.47383060271426763,1,1.0,0.0,1.0,0.0,0.0,0.0,0.0,0.0,1.0,0.0,0.0,0.0,0
3.0543452610082613,0.07720386085494996,3.1386932495297293,-0.0137341395264905,-0.20663029600669613,-0.6000318773035141,1.7525490616100678,-0.17380301710692184,2,0.0,1.0,1.0,0.0,0.0,0.0,0.0,0.0,0.0,0.0,1.0,0.0,0
-0.3464821472379917,-0.44017841155717685,-0.3022799360985996,0.19071646190245237,-0.20663029600669613,1.098934786522165,0.29898919021362863,-0.04045742350365705,1,1.0,0.0,0.0,0.0,0.0,1.0,0.0,0.0,0.0,1.0,0.0,0.0,1
3.0543452610082613,-0.4490258116768408,3.246223661580615,-0.6270859438133192,-0.590687683753719,-0.11461283049617718,1.7525490616100678,0.10955636930001583,1,0.0,1.0,0.0,0.0,0.0,1.0,0.0,0.0,0.0,1.0,0.0,0.0,0
1.6281918317437034,-0.602193371207045,1.848328304919106,-1.1382124473856763,-0.38196084258685864,-0.11461283049617718,1.0257691259118482,1.0263073253224613,2,0.0,1.0,0.0,0.0,0.0,1.0,0.0,0.0,0.0,1.0,0.0,0.0,1
-1.6629314665591217,-0.6248006781426504,-1.7001752927601084,-0.6143077812240102,0.7423810751652961,2.8788046248157344,-1.6996556329564754,-2.4240099091620153,4,0.0,1.0,0.0,0.0,1.0,0.0,0.0,1.0,0.0,0.0,0.0,0.0,1
1.6281918317437034,-0.4615783661007618,1.5257370687664502,0.08849116118798094,-0.7938484758227966,1.1798379609900547,1.2074641098364032,1.509685102134296,3,0.0,1.0,0.0,0.0,0.0,1.0,0.0,0.0,0.0,1.0,0.0,0.0,1
-0.23677803729456418,0.3406950782309084,-0.08721911199682905,1.1107441683326953,-0.21219634510447896,-0.3573223538998456,0.48068417413818354,0.39291575570695353,1,0.0,1.0,0.0,0.0,0.0,1.0,0.0,0.0,0.0,1.0,0.0,0.0,1
-0.5658903671248466,0.24137445777154284,-0.5173407602003702,1.008518867618224,-1.4506422693611842,-0.3573223538998456,0.11729420628907372,0.7262797397151155,2,0.0,1.0,1.0,0.0,0.0,0.0,0.0,0.0,0.0,0.0,1.0,0.0,0
-1.7726355765025492,-0.26581619627069486,-1.7001752927601084,2.1329971754774095,-0.512762996384758,1.8270633567331707,-2.24474058473014,0.27623836130409685,1,0.0,1.0,0.0,0.0,1.0,0.0,0.0,0.0,0.0,0.0,1.0,0.0,0
-2.101747906332832,-0.5813115516980923,-2.1302969409636496,-0.2181847409554334,-1.5230009076323625,2.6360951014120655,-1.8813506168810303,-1.057217574728551,4,1.0,0.0,0.0,0.0,0.0,1.0,0.0,0.0,0.0,0.0,0.0,1.0,1
-0.5658903671248466,-0.5741945270714455,-0.9474624084039113,-1.035987146671205,2.131110325062141,-0.11461283049617718,0.29898919021362863,-0.29048041150977855,3,0.0,1.0,0.0,0.0,0.0,1.0,0.0,0.0,0.0,0.0,0.0,1.0,0
2.176712381460841,-0.2496220324052547,1.7407978928682208,0.5996176647603382,1.396391844154792,0.4517093907790493,2.6610239812328427,0.6596069429134831,1,1.0,0.0,0.0,0.0,0.0,1.0,0.0,1.0,0.0,0.0,0.0,0.0,1
1.737895941687131,-0.2748933355094882,2.0633891290208766,-0.9848744963139692,-0.20663029600669613,-0.923644575175072,0.6623791580627385,0.826288934917564,2,0.0,1.0,0.0,0.0,0.0,1.0,0.0,1.0,0.0,0.0,0.0,0.0,0
-0.5658903671248466,0.18979069342744695,-0.6248711722512554,1.1107441683326953,1.9001192875041482,-0.19551600496406651,-0.427790745484591,-0.29048041150977855,2,0.0,1.0,0.0,0.0,0.0,1.0,0.0,0.0,1.0,0.0,0.0,0.0,1
-1.9920437963894042,1.2393758554687289,-2.1302969409636496,-1.0870997970284406,-0.38752689168464194,-1.2472572730466298,-1.8813506168810303,1.0596437237232774,4,1.0,0.0,1.0,0.0,0.0,0.0,0.0,0.0,0.0,0.0,1.0,0.0,0
-0.017369817407709147,-0.3179963047112543,-0.08721911199682905,0.8807372417251346,-0.7938484758227966,1.0180316120542756,0.48068417413818354,-1.4739225547387536,1,0.0,1.0,0.0,0.0,1.0,0.0,0.0,0.0,0.0,0.0,0.0,1.0,0
-0.23677803729456418,-0.2566510718373413,-0.5173407602003702,-0.4226353423843763,-1.4283780729700524,-0.4382255283677351,0.48068417413818354,0.9262981301200127,1,1.0,0.0,1.0,0.0,0.0,0.0,0.0,0.0,0.0,0.0,0.0,1.0,0
-0.23677803729456418,0.07772688395594667,-0.19474952404771434,-0.6781985941705548,-1.2419154281943239,-0.923644575175072,0.11729420628907372,0.6096023453122588,3,1.0,0.0,1.0,0.0,0.0,0.0,0.0,0.0,1.0,0.0,0.0,0.0,0
0.4214466223660009,-0.262414102081034,0.23537212415582678,0.5996176647603382,0.25813480365817976,0.4517093907790493,0.29898919021362863,-0.8071945867224296,2,0.0,1.0,1.0,0.0,0.0,0.0,0.0,0.0,0.0,0.0,0.0,1.0,0
0.5311507323094284,-0.24370258403789943,0.5579633603084826,1.1107441683326953,-0.21219634510447896,0.8562252631184969,-0.06440077763548119,0.30957475970491305,1,1.0,0.0,1.0,0.0,0.0,0.0,0.0,1.0,0.0,0.0,0.0,0.0,0
2.5058247112911234,0.08252696512584169,2.3859803651735323,0.39516706333139523,-0.20663029600669613,-0.4382255283677351,1.9342440455346228,0.4095839549073616,1,0.0,1.0,1.0,0.0,0.0,0.0,1.0,0.0,0.0,0.0,0.0,0.0,1
0.5311507323094284,-0.40278959193545893,0.9880850085120237,-1.035987146671205,-0.20663029600669613,-0.761838226239293,0.48068417413818354,0.5762659469114426,1,1.0,0.0,1.0,0.0,0.0,0.0,0.0,0.0,0.0,0.0,0.0,1.0,0
0.5311507323094284,-0.49773050493227255,0.5579633603084826,-0.7293112445277906,-1.1862549372164943,0.04719351843960194,-0.2460957615600361,-0.5071670011150838,2,1.0,0.0,1.0,0.0,0.0,0.0,0.0,0.0,0.0,0.0,1.0,0.0,0
0.09233429253571836,-0.4513280909344992,0.02031130005405623,0.5996176647603382,-0.20663029600669613,1.8270633567331707,-0.2460957615600361,-0.6071761963175324,2,1.0,0.0,1.0,0.0,0.0,0.0,0.0,0.0,0.0,0.0,0.0,1.0,0
-0.017369817407709147,0.18478531347024482,-0.08721911199682905,0.4360571836171838,-0.20663029600669613,-0.5191287028356245,0.48068417413818354,0.5429295485106265,1,0.0,1.0,0.0,0.0,0.0,1.0,0.0,0.0,0.0,1.0,0.0,0.0,0
1.6281918317437034,-0.387059794374642,1.5257370687664502,-0.8519816053851563,0.39171998200497055,-0.6000318773035141,2.8427189651573976,0.2595701621036887,2,0.0,1.0,1.0,0.0,0.0,0.0,0.0,0.0,0.0,0.0,1.0,0.0,0
-1.5532273566156942,-0.4849091068583065,-1.270053644556567,0.8275800853536095,0.647758240502986,2.716998275879955,-1.6996556329564754,-0.6738489931191648,1,1.0,0.0,1.0,0.0,0.0,0.0,0.0,0.0,0.0,0.0,0.0,1.0,0
0.4214466223660009,1.0927778571323523,0.5579633603084826,0.5996176647603382,1.7192226918262028,-0.923644575175072,-0.2460957615600361,-1.4405861563379374,1,1.0,0.0,1.0,0.0,0.0,0.0,0.0,0.0,0.0,0.0,0.0,1.0,0
0.9699671720831384,0.8281232799616536,0.9880850085120237,-0.0137341395264905,-1.1389435198853393,-1.0045477496429613,2.115939029459178,-0.8238627859228377,2,0.0,1.0,1.0,0.0,0.0,0.0,0.0,0.0,0.0,0.0,1.0,0.0,0
1.518487721800276,-0.28639984373141575,1.848328304919106,-1.189325097742912,-1.6037086195502153,-1.085450924110851,1.570854077685513,1.2596621141281747,3,0.0,1.0,1.0,0.0,0.0,0.0,0.0,0.0,0.0,0.0,1.0,0.0,0
-2.2114520162762594,-0.28500185675118156,-2.1302969409636496,1.5298679012620282,1.1793159293412572,1.4225474843937234,-2.063045600805585,0.826288934917564,4,0.0,1.0,0.0,0.0,0.0,1.0,0.0,1.0,0.0,0.0,0.0,0.0,1
-0.6755944770682742,-0.5152786631806668,-0.19474952404771434,-1.189325097742912,-0.7938484758227966,-0.761838226239293,-0.2460957615600361,1.0929801221240938,5,1.0,0.0,0.0,0.0,0.0,1.0,0.0,1.0,0.0,0.0,0.0,0.0,0
-0.3464821472379917,-0.5210905740880041,-0.19474952404771434,-0.531198611743145,-0.8272447704094946,0.6135157397148282,0.48068417413818354,-0.47383060271426763,1,1.0,0.0,0.0,0.0,0.0,1.0,0.0,0.0,0.0,1.0,0.0,0.0,0
-2.101747906332832,-0.27487378324403033,-2.1302969409636496,2.1329971754774095,1.1793159293412572,1.9079665312010603,-2.24474058473014,-1.3239087619350807,1,1.0,0.0,1.0,0.0,0.0,0.0,0.0,0.0,0.0,1.0,0.0,0.0,1
-1.4435232466722667,0.3584436472002453,-1.270053644556567,1.6550938946372558,1.869506017466342,-0.19551600496406651,-1.1545706811828107,-1.3239087619350807,1,0.0,1.0,1.0,0.0,0.0,0.0,0.0,0.0,0.0,0.0,1.0,0.0,0
0.7505589521962834,-0.1900071750243589,0.6654937723593679,0.28016360002761487,-1.1806888881187114,-0.03370965602828762,-0.06440077763548119,0.10955636930001583,1,1.0,0.0,0.0,0.0,0.0,1.0,0.0,0.0,0.0,0.0,1.0,0.0,0
1.079671282026566,-0.2027894685674093,1.095615420562909,0.39516706333139523,-0.907952482327347,0.1280966929074913,1.7525490616100678,0.8596253333183803,1,1.0,0.0,0.0,0.0,0.0,1.0,0.0,0.0,0.0,0.0,0.0,1.0,0
0.09233429253571836,-0.03880461817266569,0.45043294825759733,1.1107441683326953,0.8926644008054357,0.1280966929074913,0.11729420628907372,-0.15713481790651374,1,1.0,0.0,1.0,0.0,0.0,0.0,0.0,0.0,0.0,0.0,1.0,0.0,0
-0.12707392735113665,0.18370016273733575,0.02031130005405623,0.5996176647603382,2.1478084723554893,-0.4382255283677351,0.11729420628907372,-0.5071670011150838,1,0.0,1.0,0.0,0.0,0.0,1.0,0.0,0.0,0.0,0.0,1.0,0.0,0
1.4087836118568484,-0.4043097805748045,1.3106762446646796,0.5996176647603382,-1.1806888881187114,1.3416443099258337,2.8427189651573976,0.30957475970491305,3,0.0,1.0,0.0,0.0,0.0,1.0,1.0,0.0,0.0,0.0,0.0,0.0,1
0.3117425124225734,-0.5216820301181031,0.02031130005405623,-1.1688800376000177,0.30266319644044337,-0.761838226239293,0.48068417413818354,-1.4572543555383455,1,1.0,0.0,0.0,0.0,0.0,1.0,0.0,1.0,0.0,0.0,0.0,0.0,0
2.944641151064834,0.006776600675879201,2.493510777224418,0.5996176647603382,0.8592681062187378,-0.19551600496406651,2.2976340133837327,0.3762475565065454,2,0.0,1.0,1.0,0.0,0.0,0.0,0.0,0.0,0.0,0.0,1.0,0.0,0
1.299079501913421,0.20832624108146114,1.3106762446646796,-0.2181847409554334,0.26091782820707116,-0.8427414007071825,2.115939029459178,1.3596713093306232,5,0.0,1.0,1.0,0.0,0.0,0.0,0.0,0.0,0.0,0.0,1.0,0.0,0
-0.5658903671248466,-0.6618082285879409,-0.4098103481494849,-1.3119954586002778,-1.5925765213546492,-0.03370965602828762,-0.6094857294091459,-1.4905907539391616,1,0.0,1.0,0.0,0.0,1.0,0.0,0.0,0.0,0.0,0.0,0.0,1.0,1
-0.017369817407709147,-0.13360377724491015,0.1278417121049415,-0.9235393158852863,-1.7623410188370292,-1.0045477496429613,-0.06440077763548119,-0.15713481790651374,2,1.0,0.0,1.0,0.0,0.0,0.0,0.0,0.0,0.0,0.0,1.0,0.0,0
0.5311507323094284,-0.1972512893764815,0.7730241844102532,-0.8826491955994977,-1.389415729285572,-0.923644575175072,-0.427790745484591,-1.1738949691314078,1,1.0,0.0,1.0,0.0,0.0,0.0,1.0,0.0,0.0,0.0,0.0,0.0,0
-0.017369817407709147,-0.5427593722816341,-0.5173407602003702,-1.035987146671205,-0.4904987999936262,-0.3573223538998456,0.48068417413818354,-1.1572267699309997,3,0.0,1.0,0.0,0.0,0.0,1.0,1.0,0.0,0.0,0.0,0.0,0.0,0
-0.3464821472379917,-0.27504975363315076,-0.4098103481494849,0.08849116118798094,0.029926790649078935,0.04719351843960194,0.11729420628907372,0.24290196290328064,5,0.0,1.0,1.0,0.0,0.0,0.0,1.0,0.0,0.0,0.0,0.0,0.0,0
2.176712381460841,-0.3329684519855806,2.1709195410717617,1.1107441683326953,0.46686164482504017,1.3416443099258337,2.4793289973082877,0.2595701621036887,2,1.0,0.0,1.0,0.0,0.0,0.0,0.0,0.0,0.0,1.0,0.0,0.0,1
-0.12707392735113665,-0.13974807666503036,0.02031130005405623,0.7631781459034924,0.6032298477207224,0.20899986737538084,-0.427790745484591,-0.17380301710692184,1,0.0,1.0,1.0,0.0,0.0,0.0,0.0,0.0,1.0,0.0,0.0,0.0,0
0.8602630621397109,-0.4272054834259127,0.9880850085120237,-0.5657507633846363,0.6505412650518774,-0.11461283049617718,-0.427790745484591,0.04288357249838344,1,0.0,1.0,1.0,0.0,0.0,0.0,0.0,1.0,0.0,0.0,0.0,0.0,0
-0.6755944770682742,1.0626038234645703,-1.0549928204547967,1.1107441683326953,0.1829931408381101,-0.761838226239293,-0.2460957615600361,0.476256751708994,3,0.0,1.0,1.0,0.0,0.0,0.0,0.0,1.0,0.0,0.0,0.0,0.0,0
-0.3464821472379917,-0.3178056701230405,-0.19474952404771434,1.6218706719050526,1.6886094217883967,1.7461601822652812,0.11729420628907372,0.7096115405147074,3,1.0,0.0,1.0,0.0,0.0,0.0,0.0,0.0,0.0,1.0,0.0,0.0,1
0.5311507323094284,0.3993812030025577,0.5579633603084826,-0.0137341395264905,-0.7938484758227966,-0.8427414007071825,0.29898919021362863,-0.023789224303248955,2,0.0,1.0,1.0,0.0,0.0,0.0,0.0,0.0,1.0,0.0,0.0,0.0,0
-0.017369817407709147,-0.24038358697643436,-0.08721911199682905,-0.7293112445277906,-1.7623410188370292,-0.761838226239293,0.11729420628907372,0.8929617317191965,2,1.0,0.0,1.0,0.0,0.0,0.0,1.0,0.0,0.0,0.0,0.0,0.0,1
-0.017369817407709147,-0.19970509869143804,0.02031130005405623,-0.5759732934560834,1.065211922836707,-0.6809350517714036,-0.427790745484591,1.3430031101302151,5,0.0,1.0,1.0,0.0,0.0,0.0,0.0,0.0,1.0,0.0,0.0,0.0,0
0.3117425124225734,-0.00041374494623442194,0.45043294825759733,0.5996176647603382,-0.20663029600669613,-0.19551600496406651,0.11729420628907372,1.3596713093306232,4,1.0,0.0,1.0,0.0,0.0,0.0,0.0,0.0,0.0,0.0,0.0,1.0,0
-0.3464821472379917,1.1244916317049378,-0.3022799360985996,0.08849116118798094,1.0846930946789473,-1.0045477496429613,-0.6094857294091459,-1.3572451603358968,2,1.0,0.0,1.0,0.0,0.0,0.0,1.0,0.0,0.0,0.0,0.0,0.0,1
1.8476000516305584,0.3297995783045377,1.848328304919106,-0.2181847409554334,-0.32351732706013797,-0.8427414007071825,2.2976340133837327,0.09288817009960774,1,0.0,1.0,0.0,0.0,0.0,1.0,0.0,0.0,0.0,0.0,1.0,0.0,0
0.7505589521962834,-0.08943520957569281,0.5579633603084826,-0.1568495605267505,-0.6769614447693548,-0.5191287028356245,-0.6094857294091459,0.5929341461118507,3,0.0,1.0,1.0,0.0,0.0,0.0,1.0,0.0,0.0,0.0,0.0,0.0,0
-0.017369817407709147,-0.369159695348007,0.02031130005405623,-0.4226353423843763,1.017900505505552,-0.11461283049617718,-0.6094857294091459,-1.0738857739289591,1,0.0,1.0,1.0,0.0,0.0,0.0,0.0,0.0,1.0,0.0,0.0,0.0,1
-0.3464821472379917,0.37572784986495894,-0.4098103481494849,-0.16707209059819766,-1.7623410188370292,-0.8427414007071825,-0.6094857294091459,-1.7739501403460993,1,0.0,1.0,0.0,0.0,0.0,1.0,0.0,0.0,1.0,0.0,0.0,0.0,0
1.4087836118568484,-0.5269562537253503,1.2031458326137943,-0.9337618459567335,0.99563630911442,-0.19551600496406651,1.3891590937609581,-0.9405401803256944,3,0.0,1.0,0.0,0.0,1.0,0.0,0.0,0.0,0.0,0.0,1.0,0.0,0
0.7505589521962834,-0.08193202770625406,0.8805545964611385,-0.32041004166990483,-0.6769614447693548,-0.6000318773035141,-0.2460957615600361,0.6596069429134831,2,0.0,1.0,1.0,0.0,0.0,0.0,1.0,0.0,0.0,0.0,0.0,0.0,0
0.3117425124225734,-0.48649284036039003,0.5579633603084826,-0.4226353423843763,-0.1788000505177815,0.5326125652469389,-0.6094857294091459,1.142984719725318,2,0.0,1.0,0.0,0.0,0.0,1.0,0.0,0.0,0.0,1.0,0.0,0.0,0
0.9699671720831384,3.21905250920582,0.6654937723593679,-0.4226353423843763,0.6199279950140714,-1.2472572730466298,1.3891590937609581,1.8263808869420501,5,1.0,0.0,1.0,0.0,0.0,0.0,0.0,0.0,0.0,0.0,1.0,0.0,0
-0.3464821472379917,-0.5201911698769442,-0.6248711722512554,-0.6603091665455224,1.1820989538901487,0.37080621631115973,0.29898919021362863,0.626270544512667,4,0.0,1.0,0.0,0.0,0.0,1.0,0.0,0.0,1.0,0.0,0.0,0.0,1
0.3117425124225734,-0.3909653593998417,0.45043294825759733,-1.2915503984573835,-0.782716377627231,-1.1663540985787406,-0.2460957615600361,0.39291575570695353,3,1.0,0.0,0.0,0.0,0.0,1.0,0.0,0.0,0.0,1.0,0.0,0.0,0
-0.8950026969551292,0.30129726333339935,-0.6248711722512554,1.9869172207564298,-0.38474386713575054,-0.03370965602828762,-0.9728756972582557,0.20956556450246444,1,0.0,1.0,1.0,0.0,0.0,0.0,0.0,0.0,0.0,0.0,1.0,0.0,0
0.20203840247914587,-0.25685637062464844,0.02031130005405623,0.1286657043687682,0.725682927871947,0.04719351843960194,-0.6094857294091459,1.2096575165269503,3,0.0,1.0,1.0,0.0,0.0,0.0,0.0,0.0,0.0,1.0,0.0,0.0,1
0.4214466223660009,-0.3958583138306614,0.5579633603084826,-0.4226353423843763,-1.1806888881187114,-0.03370965602828762,0.48068417413818354,-0.373821407511819,2,1.0,0.0,1.0,0.0,0.0,0.0,0.0,0.0,0.0,0.0,1.0,0.0,0
-0.3464821472379917,-0.4974714374149564,-0.4098103481494849,-0.0137341395264905,1.6218168326150009,1.4225474843937234,0.29898919021362863,1.493016902933888,3,0.0,1.0,0.0,0.0,0.0,1.0,0.0,0.0,1.0,0.0,0.0,0.0,1
0.3117425124225734,-0.5095009687378808,0.6654937723593679,-0.6270859438133192,-0.21219634510447896,0.2899030418432704,-0.427790745484591,0.5262613493102183,2,0.0,1.0,0.0,0.0,0.0,1.0,1.0,0.0,0.0,0.0,0.0,0.0,0
-0.017369817407709147,-0.5216331494544586,-0.08721911199682905,-0.6270859438133192,0.8926644008054357,0.4517093907790493,0.11729420628907372,-0.9738765787265106,1,1.0,0.0,0.0,0.0,0.0,1.0,0.0,0.0,0.0,0.0,0.0,1.0,0
0.6408548422528559,-0.15549742649130507,0.5579633603084826,-0.9542069060996278,-1.077716979809727,-1.0045477496429613,0.48068417413818354,0.8429571341179722,2,1.0,0.0,0.0,0.0,0.0,1.0,0.0,0.0,0.0,0.0,1.0,0.0,0
-0.7852985870117017,0.945911015145931,-1.0549928204547967,0.7631781459034924,0.34440856467381553,-0.8427414007071825,-1.1545706811828107,-0.17380301710692184,1,1.0,0.0,1.0,0.0,0.0,0.0,0.0,0.0,1.0,0.0,0.0,0.0,0
0.09233429253571836,0.8695985230640562,0.02031130005405623,0.7018429654748096,0.26091782820707116,-0.761838226239293,-0.2460957615600361,-0.09046202110488136,1,0.0,1.0,1.0,0.0,0.0,0.0,1.0,0.0,0.0,0.0,0.0,0.0,0
1.9573041615739861,-0.6415569696400029,2.1709195410717617,-1.1586575075285706,-0.21219634510447896,0.5326125652469389,2.4793289973082877,1.0429755245228693,2,0.0,1.0,0.0,0.0,0.0,1.0,1.0,0.0,0.0,0.0,0.0,0.0,1
-0.017369817407709147,-0.5063530539991715,-0.08721911199682905,-0.5376388056881566,1.262806665808001,0.4517093907790493,0.29898919021362863,0.3762475565065454,1,0.0,1.0,0.0,0.0,0.0,1.0,1.0,0.0,0.0,0.0,0.0,0.0,1
0.20203840247914587,-0.33834532498648134,0.45043294825759733,-0.4226353423843763,1.1709668556945831,-0.2764191794319561,0.11729420628907372,0.10955636930001583,3,0.0,1.0,0.0,0.0,0.0,1.0,0.0,0.0,0.0,0.0,1.0,0.0,0
0.6408548422528559,-0.5847527504186688,0.8805545964611385,-0.7293112445277906,-0.20663029600669613,1.0180316120542756,-0.427790745484591,1.6096942973367447,4,0.0,1.0,0.0,0.0,1.0,0.0,0.0,1.0,0.0,0.0,0.0,0.0,1
-0.23677803729456418,-0.5611385018119857,-0.3022799360985996,-1.2915503984573835,-1.2419154281943239,-0.923644575175072,0.29898919021362863,0.09288817009960774,2,1.0,0.0,0.0,0.0,0.0,1.0,0.0,0.0,0.0,1.0,0.0,0.0,0
0.20203840247914587,-0.23171704531225526,0.34290253620671207,-1.1382124473856763,-1.6593691105280446,-1.085450924110851,-0.6094857294091459,-0.3071486107101866,1,1.0,0.0,0.0,0.0,0.0,1.0,0.0,0.0,1.0,0.0,0.0,0.0,0
-0.5658903671248466,0.3306745421837752,-0.5173407602003702,-0.7804238948850263,0.4445974484339084,-1.085450924110851,0.48068417413818354,0.809620735717156,2,0.0,1.0,1.0,0.0,0.0,0.0,0.0,0.0,0.0,1.0,0.0,0.0,0
0.5311507323094284,0.34625769775365844,0.34290253620671207,-0.5248606430988477,-0.21219634510447896,-1.0045477496429613,0.48068417413818354,0.7429479389155236,3,0.0,1.0,0.0,0.0,1.0,0.0,0.0,0.0,0.0,0.0,0.0,1.0,0
-0.4561862571814192,0.02949144507150259,-0.19474952404771434,-0.2181847409554334,-1.3448873365033083,-0.6809350517714036,-0.06440077763548119,1.4263441061322557,2,1.0,0.0,1.0,0.0,0.0,0.0,0.0,1.0,0.0,0.0,0.0,0.0,0
2.5058247112911234,-0.47903365108823137,2.601041189275303,-0.3434107343306609,0.5753996022318077,0.6135157397148282,1.9342440455346228,-0.373821407511819,3,1.0,0.0,0.0,0.0,0.0,1.0,0.0,1.0,0.0,0.0,0.0,0.0,0
-0.017369817407709147,0.24022576217589586,0.1278417121049415,0.8040682661892811,-1.325406164661068,-0.4382255283677351,0.29898919021362863,0.6762751421138912,1,0.0,1.0,1.0,0.0,0.0,0.0,0.0,0.0,0.0,1.0,0.0,0.0,0
-0.4561862571814192,-0.1395134494795365,-0.08721911199682905,-0.0137341395264905,1.6663452253972644,-0.3573223538998456,0.48068417413818354,0.5929341461118507,3,0.0,1.0,0.0,0.0,1.0,0.0,0.0,0.0,0.0,0.0,0.0,1.0,0
-0.017369817407709147,0.03773761302833854,0.23537212415582678,2.1329971754774095,-1.072150930711944,0.5326125652469389,0.48068417413818354,0.4095839549073616,2,0.0,1.0,1.0,0.0,0.0,0.0,0.0,0.0,0.0,0.0,0.0,1.0,0
-0.7852985870117017,-0.4802312273475229,-0.6248711722512554,0.29294176261692384,0.4835597921183892,1.7461601822652812,-0.7911807133337009,0.9429663293204208,1,0.0,1.0,0.0,0.0,0.0,1.0,0.0,0.0,0.0,1.0,0.0,0.0,1
-1.5532273566156942,-0.2741307971566332,-1.0549928204547967,1.4174200704761097,1.1709668556945831,1.2607411354579443,-0.7911807133337009,-1.690609144344059,4,1.0,0.0,1.0,0.0,0.0,0.0,0.0,1.0,0.0,0.0,0.0,0.0,0
-0.12707392735113665,-0.5153470961097691,-0.19474952404771434,-0.49930431792022983,1.3184671567858304,0.6135157397148282,-0.2460957615600361,0.5762659469114426,3,0.0,1.0,0.0,0.0,0.0,1.0,0.0,0.0,1.0,0.0,0.0,0.0,1
0.3117425124225734,-0.501010397462822,0.1278417121049415,-0.2897424514555634,0.11620055166471471,0.9371284375863864,-0.6094857294091459,-0.007121025102840856,1,1.0,0.0,0.0,0.0,0.0,1.0,0.0,0.0,0.0,0.0,0.0,1.0,1
-0.8950026969551292,0.21666528229922172,-0.7324015843021408,2.1329971754774095,-0.20663029600669613,0.20899986737538084,-1.6996556329564754,-0.873867383524062,1,1.0,0.0,0.0,0.0,0.0,1.0,0.0,1.0,0.0,0.0,0.0,0.0,0
-0.23677803729456418,-0.6111189803885402,-0.19474952404771434,-0.6270859438133192,-1.283660796427696,2.150676054604728,-0.427790745484591,-2.724037494769361,2,0.0,1.0,0.0,0.0,1.0,0.0,0.0,0.0,1.0,0.0,0.0,0.0,1
-0.6755944770682742,-0.6124974151033166,-0.6248711722512554,-0.7293112445277906,-1.7623410188370292,1.7461601822652812,0.29898919021362863,0.7262797397151155,1,0.0,1.0,0.0,0.0,1.0,0.0,1.0,0.0,0.0,0.0,0.0,0.0,1
1.079671282026566,-0.5199907591560017,0.8805545964611385,-0.9337618459567335,0.2720499264026373,-0.2764191794319561,0.6623791580627385,0.09288817009960774,4,0.0,1.0,0.0,0.0,0.0,1.0,0.0,0.0,0.0,0.0,0.0,1.0,0
0.6408548422528559,-0.44853211697403084,0.5579633603084826,0.027155980759298076,0.31101227008711757,0.9371284375863864,0.48068417413818354,1.2263257157273584,2,0.0,1.0,1.0,0.0,0.0,0.0,1.0,0.0,0.0,0.0,0.0,0.0,1
-0.12707392735113665,-0.5724201589811483,-0.19474952404771434,-0.8826491955994977,-1.6593691105280446,0.37080621631115973,-0.06440077763548119,0.19289736530205634,4,0.0,1.0,0.0,0.0,0.0,1.0,0.0,0.0,0.0,1.0,0.0,0.0,0
-0.6755944770682742,0.7707569331084072,-0.5173407602003702,0.5996176647603382,-1.077716979809727,-0.761838226239293,0.48068417413818354,0.6596069429134831,2,1.0,0.0,0.0,0.0,0.0,1.0,1.0,0.0,0.0,0.0,0.0,0.0,0
-0.4561862571814192,-0.6471489175609396,-0.3022799360985996,-1.1755246821464584,-0.4710176281513858,0.6135157397148282,0.11729420628907372,0.9763027277212369,1,0.0,1.0,0.0,0.0,0.0,1.0,1.0,0.0,0.0,0.0,0.0,0.0,1
0.20203840247914587,-0.47233211210256326,-0.08721911199682905,-1.189325097742912,-0.20663029600669613,-0.923644575175072,0.48068417413818354,-0.6905171923195729,2,1.0,0.0,1.0,0.0,0.0,0.0,0.0,0.0,1.0,0.0,0.0,0.0,0
-1.2241150267854117,1.0914922956785007,-1.270053644556567,2.1329971754774095,1.6218168326150009,-0.5191287028356245,-0.7911807133337009,0.10955636930001583,4,1.0,0.0,1.0,0.0,0.0,0.0,0.0,0.0,1.0,0.0,0.0,0.0,0
0.3117425124225734,-0.48065160105486604,0.5579633603084826,0.5996176647603382,-0.011818577584292759,2.2315792290726177,0.11729420628907372,-1.1905631683318159,5,0.0,1.0,0.0,0.0,0.0,1.0,0.0,0.0,1.0,0.0,0.0,0.0,1
0.09233429253571836,1.648942048080067,0.1278417121049415,1.4174200704761097,-0.512762996384758,-0.8427414007071825,-0.6094857294091459,0.8596253333183803,3,0.0,1.0,1.0,0.0,0.0,0.0,0.0,0.0,1.0,0.0,0.0,0.0,0
0.9699671720831384,-0.3898508802687459,0.9880850085120237,-0.5044155829559535,0.5169560867050866,-0.19551600496406651,1.7525490616100678,1.0263073253224613,3,0.0,1.0,0.0,0.0,0.0,1.0,0.0,0.0,0.0,0.0,0.0,1.0,0
-0.4561862571814192,1.13950288351018,-0.19474952404771434,0.7631781459034924,-0.20663029600669613,-0.8427414007071825,0.29898919021362863,-0.3404850091110028,3,1.0,0.0,1.0,0.0,0.0,0.0,1.0,0.0,0.0,0.0,0.0,0.0,0
0.09233429253571836,-0.4447780820061292,0.23537212415582678,0.08849116118798094,-0.7994145249205795,1.0180316120542756,-0.2460957615600361,0.5595977477110345,1,1.0,0.0,0.0,0.0,1.0,0.0,0.0,1.0,0.0,0.0,0.0,0.0,0
-1.7726355765025492,0.06736907132966606,-1.8077057048109935,2.1329971754774095,1.80827947739073,0.4517093907790493,-1.8813506168810303,0.7096115405147074,4,0.0,1.0,1.0,0.0,0.0,0.0,0.0,0.0,0.0,0.0,1.0,0.0,0
0.20203840247914587,0.5345557902452023,0.34290253620671207,1.1107441683326953,-0.38474386713575054,-0.5191287028356245,-0.06440077763548119,0.5762659469114426,1,0.0,1.0,1.0,0.0,0.0,0.0,0.0,0.0,0.0,0.0,0.0,1.0,0
-1.5532273566156942,0.8631560515957042,-1.7001752927601084,-0.5248606430988477,-1.7623410188370292,-1.085450924110851,-0.7911807133337009,0.42625215410776973,3,0.0,1.0,1.0,0.0,0.0,0.0,0.0,0.0,0.0,0.0,1.0,0.0,0
-0.017369817407709147,0.24250848916809645,-0.08721911199682905,1.008518867618224,-1.2391324036454323,-0.3573223538998456,0.48068417413818354,1.1763211181261342,4,1.0,0.0,0.0,0.0,1.0,0.0,0.0,0.0,0.0,0.0,0.0,1.0,0
0.4214466223660009,-0.2260371121967583,0.45043294825759733,0.5996176647603382,0.7757773697519935,0.37080621631115973,-0.2460957615600361,-0.12379841950569755,2,0.0,1.0,1.0,0.0,0.0,0.0,0.0,0.0,1.0,0.0,0.0,0.0,0
0.8602630621397109,-0.29701183580864804,0.6654937723593679,-0.4226353423843763,-0.07304511765990533,-0.3573223538998456,0.29898919021362863,-0.9405401803256944,1,1.0,0.0,1.0,0.0,0.0,0.0,0.0,0.0,0.0,0.0,1.0,0.0,0
-0.4561862571814192,-0.4974958777467787,-0.3022799360985996,-0.32041004166990483,0.6199279950140714,0.7753220886506074,0.48068417413818354,-1.4405861563379374,1,0.0,1.0,0.0,0.0,1.0,0.0,0.0,0.0,1.0,0.0,0.0,0.0,0
1.1893753919699934,-0.1559178001986482,1.2031458326137943,0.08849116118798094,-0.1760170259688901,-0.2764191794319561,1.3891590937609581,0.5262613493102183,2,1.0,0.0,1.0,0.0,0.0,0.0,0.0,0.0,0.0,0.0,1.0,0.0,0
-0.3464821472379917,0.2655019533464938,-0.4098103481494849,2.1329971754774095,0.6227110195629628,0.1280966929074913,-0.06440077763548119,-0.057125622704065154,1,1.0,0.0,1.0,0.0,0.0,0.0,0.0,0.0,0.0,0.0,0.0,1.0,0
-1.6629314665591217,0.8165776672088104,-1.8077057048109935,2.1329971754774095,1.9168174347974976,-0.4382255283677351,-0.7911807133337009,-1.040549375528143,3,0.0,1.0,0.0,0.0,0.0,1.0,0.0,1.0,0.0,0.0,0.0,0.0,1
0.09233429253571836,-0.48632664610399856,0.02031130005405623,-0.5248606430988477,-1.6593691105280446,0.2899030418432704,0.48068417413818354,-0.24047581390855424,1,0.0,1.0,0.0,0.0,0.0,1.0,0.0,0.0,0.0,1.0,0.0,0.0,0
-0.6755944770682742,0.008687834624381191,-0.5173407602003702,1.6218706719050526,-1.4283780729700524,0.37080621631115973,-0.6094857294091459,-1.207231367532224,3,1.0,0.0,1.0,0.0,0.0,0.0,0.0,0.0,0.0,1.0,0.0,0.0,0
0.6408548422528559,-0.4852268311719961,0.8805545964611385,-0.4226353423843763,0.31101227008711757,0.5326125652469389,1.570854077685513,0.9763027277212369,1,1.0,0.0,0.0,0.0,0.0,1.0,0.0,0.0,0.0,1.0,0.0,0.0,0
-0.8950026969551292,-0.4682994573518877,-1.0549928204547967,0.9574062172609882,-0.19271517326223855,2.6360951014120655,-0.2460957615600361,-0.07379382190447326,1,1.0,0.0,0.0,0.0,0.0,1.0,0.0,1.0,0.0,0.0,0.0,0.0,1
0.7505589521962834,-0.13813501476476014,0.8805545964611385,-0.6781985941705548,-1.5925765213546492,-0.761838226239293,-0.2460957615600361,-1.1572267699309997,5,0.0,1.0,1.0,0.0,0.0,0.0,1.0,0.0,0.0,0.0,0.0,0.0,0
0.20203840247914587,-0.22632550811226115,-0.08721911199682905,-0.6270859438133192,-0.38196084258685864,-0.6809350517714036,0.29898919021362863,0.30957475970491305,1,0.0,1.0,1.0,0.0,0.0,0.0,0.0,0.0,0.0,1.0,0.0,0.0,0
1.1893753919699934,-0.4027504874045433,1.2031458326137943,-0.9848744963139692,-0.20663029600669613,-0.761838226239293,0.6623791580627385,-0.07379382190447326,4,1.0,0.0,1.0,0.0,0.0,0.0,0.0,0.0,0.0,0.0,1.0,0.0,0
0.4214466223660009,-0.42085099715212093,0.5579633603084826,-0.8315365452422621,-1.283660796427696,-0.5191287028356245,0.11729420628907372,0.6596069429134831,5,1.0,0.0,1.0,0.0,0.0,0.0,0.0,0.0,0.0,0.0,0.0,1.0,0
0.5311507323094284,-0.31935029909420837,0.5579633603084826,-0.4226353423843763,-0.20663029600669613,-0.2764191794319561,-0.06440077763548119,-0.17380301710692184,1,0.0,1.0,0.0,0.0,0.0,1.0,0.0,1.0,0.0,0.0,0.0,0.0,0
-0.017369817407709147,-0.285661745710383,0.1278417121049415,-0.2181847409554334,-0.20663029600669613,-0.19551600496406651,0.48068417413818354,0.8762935325187884,2,0.0,1.0,0.0,0.0,0.0,1.0,0.0,0.0,0.0,0.0,1.0,0.0,0
-0.23677803729456418,0.23945344769031196,-0.08721911199682905,-0.2181847409554334,0.7006357069319238,-0.8427414007071825,0.48068417413818354,0.476256751708994,1,0.0,1.0,1.0,0.0,0.0,0.0,0.0,1.0,0.0,0.0,0.0,0.0,0
0.5311507323094284,7.226983420209959,0.7730241844102532,-0.7461784191456784,-1.1389435198853393,-1.3281604475145194,0.48068417413818354,-1.5905999491416103,2,0.0,1.0,1.0,0.0,0.0,0.0,0.0,0.0,0.0,1.0,0.0,0.0,0
0.5311507323094284,-0.6252161637836291,0.34290253620671207,-1.2455490131358713,0.26091782820707116,-0.2764191794319561,-0.427790745484591,-0.09046202110488136,3,0.0,1.0,0.0,0.0,1.0,0.0,0.0,0.0,0.0,1.0,0.0,0.0,1
-0.4561862571814192,-0.3322450181636412,-0.5173407602003702,-0.7293112445277906,-0.3151682534134637,-0.6000318773035141,-0.06440077763548119,0.8929617317191965,5,1.0,0.0,0.0,0.0,0.0,1.0,0.0,1.0,0.0,0.0,0.0,0.0,0
-0.8950026969551292,0.11272055105908156,-0.7324015843021408,-1.1995476278143593,2.2702615525067142,-1.2472572730466298,-1.3362656651073657,0.7429479389155236,2,1.0,0.0,1.0,0.0,0.0,0.0,0.0,0.0,1.0,0.0,0.0,0.0,1
0.7505589521962834,-0.5603955157245885,0.5579633603084826,-1.1126561222070586,0.9622400145277226,-0.4382255283677351,-0.427790745484591,0.5095931501098102,1,1.0,0.0,0.0,0.0,0.0,1.0,0.0,0.0,0.0,0.0,1.0,0.0,0
0.7505589521962834,-0.2571154381419646,1.2031458326137943,0.1498263416166638,1.5355430715993656,0.04719351843960194,-0.6094857294091459,1.1096483213245019,2,1.0,0.0,1.0,0.0,0.0,0.0,1.0,0.0,0.0,0.0,0.0,0.0,1
-0.3464821472379917,-0.6623165874898441,-0.5173407602003702,-1.3153688935238554,0.1134175271158233,-0.03370965602828762,0.29898919021362863,-0.17380301710692184,1,0.0,1.0,0.0,0.0,0.0,1.0,0.0,1.0,0.0,0.0,0.0,0.0,1
0.3117425124225734,-0.4355347485109444,0.45043294825759733,0.5996176647603382,1.3518634513725283,1.6652570077973916,-0.2460957615600361,0.49292495090940214,1,0.0,1.0,0.0,0.0,0.0,1.0,0.0,0.0,0.0,0.0,0.0,1.0,1
0.5311507323094284,0.7336369571367343,0.02031130005405623,-0.5248606430988477,0.5169560867050866,-1.085450924110851,-0.6094857294091459,0.476256751708994,3,1.0,0.0,0.0,0.0,0.0,1.0,0.0,0.0,1.0,0.0,0.0,0.0,0
-0.12707392735113665,-0.6623165874898441,-0.5173407602003702,-1.2404377481001478,0.4084181292983195,0.6944189141827177,0.11729420628907372,1.4430123053326638,4,1.0,0.0,0.0,0.0,0.0,1.0,0.0,0.0,0.0,1.0,0.0,0.0,1
0.6408548422528559,0.008487423903438526,0.8805545964611385,1.591203081690711,-0.6491311992804402,0.2899030418432704,1.0257691259118482,0.3595793573061373,2,0.0,1.0,1.0,0.0,0.0,0.0,0.0,0.0,0.0,1.0,0.0,0.0,0
0.6408548422528559,-0.5815364027508573,0.6654937723593679,-1.2404377481001478,0.4779937430206063,-0.6809350517714036,-0.427790745484591,-2.374005311560791,1,0.0,1.0,0.0,0.0,0.0,1.0,0.0,0.0,0.0,0.0,1.0,0.0,0
-0.5658903671248466,-0.5001500977826779,-0.3022799360985996,-0.5861958235275305,0.6032298477207224,0.2899030418432704,0.48068417413818354,1.2763303133285828,2,1.0,0.0,0.0,0.0,0.0,1.0,0.0,0.0,0.0,0.0,0.0,1.0,0
0.20203840247914587,-0.5080394368949086,0.1278417121049415,-0.9848744963139692,-1.1918209863142775,-0.4382255283677351,-0.427790745484591,-1.6572727459432426,1,0.0,1.0,0.0,0.0,0.0,1.0,0.0,0.0,0.0,1.0,0.0,0.0,0
2.396120601347696,-0.426359847944862,2.601041189275303,-0.9542069060996278,-0.18436609961556433,-0.6000318773035141,1.7525490616100678,1.8097126877416418,3,0.0,1.0,0.0,0.0,0.0,1.0,0.0,0.0,0.0,0.0,1.0,0.0,0
-0.12707392735113665,-0.33212281650452985,0.02031130005405623,-0.0137341395264905,-0.7938484758227966,0.20899986737538084,0.48068417413818354,0.009547174097567243,3,0.0,1.0,0.0,0.0,0.0,1.0,0.0,0.0,1.0,0.0,0.0,0.0,0
-1.5532273566156942,-0.4661682604169852,-1.7001752927601084,1.1107441683326953,-0.12313955953995176,2.8788046248157344,-1.5179606490319204,0.2595701621036887,5,0.0,1.0,1.0,0.0,0.0,0.0,1.0,0.0,0.0,0.0,0.0,0.0,0
-1.9920437963894042,-0.18075406539644517,-2.1302969409636496,1.5855806901514151,1.4798825806215363,0.9371284375863864,-2.063045600805585,0.04288357249838344,4,1.0,0.0,0.0,0.0,0.0,1.0,0.0,0.0,0.0,1.0,0.0,0.0,1
0.5311507323094284,0.007509810630547484,0.45043294825759733,0.08849116118798094,-0.21219634510447896,-0.5191287028356245,-0.427790745484591,0.8762935325187884,2,0.0,1.0,1.0,0.0,0.0,0.0,0.0,1.0,0.0,0.0,0.0,0.0,0
-0.6755944770682742,-0.40342504056283807,-0.6248711722512554,-0.9337618459567335,-1.1806888881187114,-0.6809350517714036,0.29898919021362863,-2.724037494769361,4,0.0,1.0,1.0,0.0,0.0,0.0,0.0,0.0,0.0,0.0,1.0,0.0,0
0.6408548422528559,-0.4628785917537069,0.7730241844102532,-0.6219746787775956,0.34162554012492413,-0.03370965602828762,-0.2460957615600361,-0.07379382190447326,2,0.0,1.0,0.0,0.0,0.0,1.0,1.0,0.0,0.0,0.0,0.0,0.0,0
0.09233429253571836,-0.40292645779366365,0.1278417121049415,-0.6270859438133192,-1.1862549372164943,-0.2764191794319561,0.29898919021362863,-2.4573463075628315,1,1.0,0.0,0.0,0.0,0.0,1.0,0.0,0.0,1.0,0.0,0.0,0.0,0
0.3117425124225734,-0.42234674545964423,0.23537212415582678,-0.6781985941705548,-1.4005478274811378,-0.2764191794319561,-0.427790745484591,0.7262797397151155,4,0.0,1.0,1.0,0.0,0.0,0.0,0.0,1.0,0.0,0.0,0.0,0.0,0
0.20203840247914587,0.1291200137118288,-0.08721911199682905,2.1329971754774095,1.3184671567858304,0.37080621631115973,0.11729420628907372,-0.2738122123093704,3,1.0,0.0,1.0,0.0,0.0,0.0,0.0,0.0,0.0,1.0,0.0,0.0,1
1.6281918317437034,-0.2418500068857709,1.6332674808173355,-0.7676457322957174,-1.1389435198853393,-0.761838226239293,2.2976340133837327,0.3262429589053211,1,0.0,1.0,0.0,0.0,0.0,1.0,0.0,0.0,0.0,0.0,1.0,0.0,0
-0.3464821472379917,-0.45801007765470947,-0.6248711722512554,-0.0137341395264905,1.1820989538901487,0.9371284375863864,0.48068417413818354,1.0263073253224613,2,0.0,1.0,0.0,0.0,0.0,1.0,0.0,0.0,0.0,1.0,0.0,0.0,1
-0.6755944770682742,-0.2905840285393894,-0.7324015843021408,2.1329971754774095,-0.20663029600669613,2.069772880136839,0.11729420628907372,0.826288934917564,3,0.0,1.0,0.0,0.0,0.0,1.0,0.0,0.0,0.0,0.0,0.0,1.0,1
0.3117425124225734,-0.47138382722785893,0.23537212415582678,-1.3426630488146192,0.8258718116320404,-1.1663540985787406,-0.427790745484591,0.9262981301200127,3,0.0,1.0,0.0,0.0,0.0,1.0,1.0,0.0,0.0,0.0,0.0,0.0,0
2.176712381460841,-0.5980091863990713,2.1709195410717617,-1.189325097742912,-1.3476703610521998,-0.3573223538998456,1.7525490616100678,0.8929617317191965,4,0.0,1.0,0.0,0.0,0.0,1.0,0.0,0.0,0.0,0.0,0.0,1.0,0
-0.23677803729456418,0.18235105642074612,-0.3022799360985996,1.008518867618224,-1.4283780729700524,-0.2764191794319561,-0.06440077763548119,1.2263257157273584,4,1.0,0.0,1.0,0.0,0.0,0.0,0.0,0.0,0.0,1.0,0.0,0.0,0
-0.6755944770682742,-0.41495598911658793,-0.6248711722512554,0.5996176647603382,0.5169560867050866,1.4225474843937234,-0.06440077763548119,-2.4573463075628315,4,0.0,1.0,0.0,0.0,0.0,1.0,0.0,0.0,0.0,1.0,0.0,0.0,1
2.0670082715174134,0.17017977117325261,1.6332674808173355,1.008518867618224,-0.38196084258685864,-0.2764191794319561,1.0257691259118482,1.159652918925726,1,0.0,1.0,1.0,0.0,0.0,0.0,1.0,0.0,0.0,0.0,0.0,0.0,1
0.09233429253571836,-0.2568710348237418,0.02031130005405623,-0.2181847409554334,-1.072150930711944,-0.2764191794319561,0.29898919021362863,1.1763211181261342,1,0.0,1.0,0.0,0.0,0.0,1.0,0.0,0.0,1.0,0.0,0.0,0.0,0
-0.4561862571814192,-0.46309855474010736,-0.19474952404771434,-0.4226353423843763,-1.6037086195502153,0.37080621631115973,0.48068417413818354,-0.5738397979167162,1,1.0,0.0,1.0,0.0,0.0,0.0,0.0,0.0,0.0,0.0,1.0,0.0,0
0.4214466223660009,-0.2736517666529166,0.34290253620671207,0.29294176261692384,-0.7994145249205795,0.20899986737538084,-0.06440077763548119,0.45958855250858593,2,0.0,1.0,0.0,0.0,0.0,1.0,0.0,0.0,1.0,0.0,0.0,0.0,0
1.079671282026566,0.2602179536065177,0.7730241844102532,1.1107441683326953,0.6561073141496603,-0.2764191794319561,2.8427189651573976,-0.3404850091110028,2,0.0,1.0,1.0,0.0,0.0,0.0,0.0,0.0,0.0,0.0,1.0,0.0,1
-0.23677803729456418,-0.2032684990711259,-0.19474952404771434,0.3875001657778099,0.6978526823830324,0.1280966929074913,0.29898919021362863,-0.7571899891212053,2,0.0,1.0,1.0,0.0,0.0,0.0,0.0,0.0,1.0,0.0,0.0,0.0,0
-2.2114520162762594,-0.19802360386206544,-2.1302969409636496,2.1329971754774095,-0.38474386713575054,1.4225474843937234,-1.8813506168810303,-0.4904988019146757,1,1.0,0.0,0.0,0.0,0.0,1.0,0.0,0.0,0.0,0.0,0.0,1.0,1
0.6408548422528559,-0.37911668653240227,0.6654937723593679,-1.2404377481001478,-1.6037086195502153,-1.085450924110851,0.29898919021362863,0.2595701621036887,1,1.0,0.0,1.0,0.0,0.0,0.0,0.0,0.0,1.0,0.0,0.0,0.0,0
-0.23677803729456418,-0.1915909085264424,0.02031130005405623,-0.6049030535582788,-1.0693679061630526,-0.6809350517714036,0.48068417413818354,1.5263533013347044,4,0.0,1.0,1.0,0.0,0.0,0.0,0.0,1.0,0.0,0.0,0.0,0.0,1
0.3117425124225734,-0.2592270828114092,0.23537212415582678,-1.2915503984573835,0.5169560867050866,-1.1663540985787406,-0.2460957615600361,0.9929709269216451,2,1.0,0.0,0.0,0.0,0.0,1.0,0.0,0.0,0.0,1.0,0.0,0.0,0
0.6408548422528559,-0.35054593863216155,0.5579633603084826,-0.8315365452422621,-1.6037086195502153,-0.6809350517714036,-0.427790745484591,-0.7738581883216135,1,0.0,1.0,0.0,0.0,0.0,1.0,0.0,1.0,0.0,0.0,0.0,0.0,0
0.5311507323094284,-0.38100348014908203,0.6654937723593679,0.08849116118798094,-0.011818577584292759,0.5326125652469389,0.29898919021362863,-0.6238443955179406,2,0.0,1.0,1.0,0.0,0.0,0.0,0.0,0.0,1.0,0.0,0.0,0.0,0
-0.3464821472379917,-0.3735051863460077,-0.4098103481494849,1.008518867618224,0.21638943542480757,1.584353833329502,-0.427790745484591,0.9096299309196046,4,0.0,1.0,0.0,0.0,0.0,1.0,1.0,0.0,0.0,0.0,0.0,0.0,1
-0.5658903671248466,-0.4626048600372974,-0.4098103481494849,-1.260882808243042,-0.590687683753719,-1.0045477496429613,-0.2460957615600361,1.2096575165269503,5,0.0,1.0,0.0,0.0,0.0,1.0,0.0,0.0,0.0,1.0,0.0,0.0,0
-2.2114520162762594,-0.44915778946868107,-2.1302969409636496,1.1107441683326953,0.789692492496451,2.5551919269441763,-2.24474058473014,-0.9572083795261025,3,0.0,1.0,0.0,0.0,0.0,1.0,0.0,0.0,0.0,1.0,0.0,0.0,1
0.6408548422528559,-0.28577905930312997,0.5579633603084826,-0.5248606430988477,0.7757773697519935,-0.4382255283677351,0.48068417413818354,0.7262797397151155,4,1.0,0.0,1.0,0.0,0.0,0.0,0.0,0.0,1.0,0.0,0.0,0.0,0
-0.017369817407709147,1.4153657968545743,0.1278417121049415,1.1107441683326953,-0.4904987999936262,-0.8427414007071825,-0.06440077763548119,-1.2572359651334484,1,0.0,1.0,1.0,0.0,0.0,0.0,0.0,1.0,0.0,0.0,0.0,0.0,0
0.09233429253571836,0.1386712953879743,0.02031130005405623,0.5996176647603382,-0.07304511765990533,-0.3573223538998456,0.11729420628907372,0.3262429589053211,4,0.0,1.0,1.0,0.0,0.0,0.0,0.0,0.0,0.0,1.0,0.0,0.0,0
2.396120601347696,-0.08069045884968244,2.278449953122647,0.5996176647603382,1.9168174347974976,-0.03370965602828762,2.8427189651573976,-0.32381680991059475,1,1.0,0.0,0.0,0.0,0.0,1.0,0.0,0.0,1.0,0.0,0.0,0.0,0
0.4214466223660009,-0.1576090711607497,0.45043294825759733,-0.12362633779454729,-0.20663029600669613,-0.3573223538998456,0.48068417413818354,0.6096023453122588,3,0.0,1.0,1.0,0.0,0.0,0.0,0.0,1.0,0.0,0.0,0.0,0.0,0
1.079671282026566,-0.4152541611648197,1.3106762446646796,-0.32041004166990483,0.2720499264026373,0.20899986737538084,1.3891590937609581,0.5595977477110345,1,0.0,1.0,0.0,0.0,0.0,1.0,0.0,0.0,0.0,1.0,0.0,0.0,0
-2.2114520162762594,-0.34218245708257866,-2.1302969409636496,2.1329971754774095,1.42978813874149,2.5551919269441763,-2.063045600805585,-0.5738397979167162,1,0.0,1.0,1.0,0.0,0.0,0.0,0.0,0.0,0.0,1.0,0.0,0.0,1
0.8602630621397109,-0.4884089623752565,0.8805545964611385,-0.974651966242522,0.1328986989580637,-0.4382255283677351,-0.2460957615600361,0.4429203533081778,4,1.0,0.0,0.0,0.0,0.0,1.0,0.0,0.0,0.0,1.0,0.0,0.0,0
-0.5658903671248466,1.6967668893898968,-0.4098103481494849,-0.8315365452422621,0.23865363181593938,-1.2472572730466298,-0.2460957615600361,0.809620735717156,3,0.0,1.0,0.0,0.0,0.0,1.0,0.0,1.0,0.0,0.0,0.0,0.0,0
-0.5658903671248466,0.36321439997195354,-0.4098103481494849,0.5996176647603382,0.5865317004273735,-0.6000318773035141,0.48068417413818354,0.626270544512667,2,0.0,1.0,1.0,0.0,0.0,0.0,0.0,0.0,0.0,1.0,0.0,0.0,0
-1.8823396864459767,-0.13544657826430978,-1.8077057048109935,2.1329971754774095,-1.136160495336448,1.098934786522165,-1.8813506168810303,-2.6073601003665043,2,1.0,0.0,1.0,0.0,0.0,0.0,0.0,1.0,0.0,0.0,0.0,0.0,0
-0.12707392735113665,0.8754544265686734,-0.19474952404771434,1.008518867618224,-0.38474386713575054,-0.761838226239293,-0.6094857294091459,0.5429295485106265,4,1.0,0.0,1.0,0.0,0.0,0.0,0.0,0.0,0.0,0.0,1.0,0.0,0
-0.23677803729456418,0.27299535908320366,-0.19474952404771434,-0.5248606430988477,-1.1806888881187114,-0.923644575175072,0.29898919021362863,-0.5071670011150838,2,0.0,1.0,1.0,0.0,0.0,0.0,1.0,0.0,0.0,0.0,0.0,0.0,0
-0.4561862571814192,-0.11043434267739242,-0.4098103481494849,1.1107441683326953,0.8926644008054357,0.37080621631115973,-0.6094857294091459,-0.6738489931191648,5,1.0,0.0,0.0,0.0,1.0,0.0,0.0,0.0,0.0,1.0,0.0,0.0,0
1.079671282026566,-0.11081072378745548,0.7730241844102532,-0.4226353423843763,-0.5211120700314322,-0.6809350517714036,1.9342440455346228,0.7429479389155236,2,0.0,1.0,0.0,0.0,1.0,0.0,0.0,0.0,0.0,0.0,1.0,0.0,0
-0.12707392735113665,-0.42110028853670817,0.02031130005405623,1.1107441683326953,0.1996912881314591,2.2315792290726177,0.11729420628907372,-1.5739317499412022,3,1.0,0.0,0.0,0.0,0.0,1.0,0.0,0.0,0.0,0.0,0.0,1.0,1
-1.2241150267854117,2.5413954287695715,-1.0549928204547967,-0.6270859438133192,-1.2419154281943239,-1.2472572730466298,-0.7911807133337009,-1.057217574728551,3,1.0,0.0,0.0,0.0,0.0,1.0,0.0,0.0,0.0,0.0,1.0,0.0,0
1.1893753919699934,-0.37436548602615183,1.095615420562909,-0.473747992741612,-1.7623410188370292,-0.19551600496406651,2.115939029459178,-0.10713022030528944,3,0.0,1.0,0.0,0.0,0.0,1.0,0.0,0.0,1.0,0.0,0.0,0.0,0
0.3117425124225734,0.5349126190898075,0.23537212415582678,-0.2181847409554334,-0.590687683753719,-0.923644575175072,-0.427790745484591,-1.8072865387469155,2,0.0,1.0,1.0,0.0,0.0,0.0,1.0,0.0,0.0,0.0,0.0,0.0,0
0.8602630621397109,-0.00399180952501564,0.5579633603084826,1.0340751927968417,0.6032298477207224,0.04719351843960194,-0.427790745484591,-0.3404850091110028,1,1.0,0.0,0.0,0.0,0.0,1.0,0.0,1.0,0.0,0.0,0.0,0.0,1
0.20203840247914587,-0.056846471123869896,0.1278417121049415,-0.13640450038385624,0.567050528585133,-0.5191287028356245,-0.427790745484591,0.8929617317191965,4,1.0,0.0,1.0,0.0,0.0,0.0,0.0,0.0,0.0,1.0,0.0,0.0,0
1.079671282026566,3.5255147179917046,0.8805545964611385,-0.6347528413669045,-0.782716377627231,-1.2472572730466298,2.8427189651573976,0.8596253333183803,1,0.0,1.0,1.0,0.0,0.0,0.0,0.0,0.0,0.0,0.0,1.0,0.0,0
-0.12707392735113665,-0.03260655002253648,-0.19474952404771434,-0.2181847409554334,1.1820989538901487,-0.6000318773035141,0.11729420628907372,-0.09046202110488136,1,0.0,1.0,0.0,0.0,0.0,1.0,0.0,0.0,0.0,0.0,1.0,0.0,1
0.4214466223660009,-0.3035569566706536,0.7730241844102532,1.0113811760382292,-0.18158307506667293,1.098934786522165,-0.427790745484591,-0.5571715987163082,1,0.0,1.0,1.0,0.0,0.0,0.0,0.0,1.0,0.0,0.0,0.0,0.0,0
-1.9920437963894042,-0.2984342631207045,-2.1302969409636496,1.9285465740484666,0.25813480365817976,1.9079665312010603,-2.063045600805585,0.05955177169879154,1,1.0,0.0,0.0,0.0,0.0,1.0,0.0,0.0,1.0,0.0,0.0,0.0,1
-0.23677803729456418,1.0965709966311696,-0.19474952404771434,0.1562665355616755,-0.045214872170990704,-1.0045477496429613,0.48068417413818354,-0.29048041150977855,2,0.0,1.0,1.0,0.0,0.0,0.0,0.0,0.0,0.0,0.0,0.0,1.0,0
-0.017369817407709147,2.235954825853858,-0.3022799360985996,1.008518867618224,1.8583739192707764,-1.0045477496429613,-0.6094857294091459,0.27623836130409685,1,0.0,1.0,0.0,0.0,1.0,0.0,0.0,0.0,0.0,1.0,0.0,0.0,1
-0.5658903671248466,-0.3146088747206868,-0.6248711722512554,0.5996176647603382,1.3796936968614435,0.6944189141827177,0.48068417413818354,-0.25714401310896234,1,0.0,1.0,0.0,0.0,0.0,1.0,0.0,0.0,1.0,0.0,0.0,0.0,1
-0.3464821472379917,-0.19720240871283698,-0.08721911199682905,-0.2181847409554334,-1.283660796427696,-0.3573223538998456,-0.2460957615600361,-2.8573830883726257,2,1.0,0.0,0.0,0.0,0.0,1.0,0.0,0.0,1.0,0.0,0.0,0.0,0
-0.3464821472379917,-0.5060060012872952,-0.4098103481494849,-1.1995476278143593,-0.7994145249205795,-0.8427414007071825,0.48068417413818354,0.7929525365167479,5,1.0,0.0,0.0,0.0,0.0,1.0,0.0,0.0,0.0,0.0,1.0,0.0,0
-2.321156126219687,-0.5550333069227811,-2.1302969409636496,-0.11595944024096194,1.0986082174234044,2.150676054604728,-2.063045600805585,0.8762935325187884,4,1.0,0.0,0.0,0.0,0.0,1.0,0.0,0.0,0.0,0.0,0.0,1.0,1
-0.3464821472379917,-0.5199956472223661,-0.4098103481494849,-0.8826491955994977,0.23587060726704795,-0.11461283049617718,-0.427790745484591,1.4263441061322557,5,0.0,1.0,0.0,0.0,0.0,1.0,0.0,1.0,0.0,0.0,0.0,0.0,0
-0.5658903671248466,4.583258062795262,-0.5173407602003702,1.1107441683326953,0.31101227008711757,-1.1663540985787406,-0.2460957615600361,-0.42382600511304336,2,0.0,1.0,1.0,0.0,0.0,0.0,0.0,0.0,0.0,0.0,1.0,0.0,0
1.9573041615739861,10.448160497589573,1.848328304919106,-1.2915503984573835,-0.20663029600669613,-1.3281604475145194,1.2074641098364032,0.5262613493102183,1,1.0,0.0,1.0,0.0,0.0,0.0,0.0,0.0,0.0,0.0,1.0,0.0,0
0.6408548422528559,-0.5761790820154143,0.7730241844102532,-0.2181847409554334,-1.1862549372164943,2.4742887524762867,-0.427790745484591,0.09288817009960774,1,1.0,0.0,0.0,0.0,0.0,1.0,0.0,0.0,0.0,1.0,0.0,0.0,1
1.8476000516305584,-0.37465388194165467,1.9558587169699913,-1.3426630488146192,-0.32351732706013797,-1.2472572730466298,2.6610239812328427,0.7096115405147074,3,1.0,0.0,1.0,0.0,0.0,0.0,0.0,0.0,0.0,0.0,1.0,0.0,0
0.20203840247914587,-0.49094586881840874,0.6654937723593679,-0.3382994692949373,-0.30681917976678896,0.6944189141827177,-0.427790745484591,0.8596253333183803,2,0.0,1.0,0.0,0.0,0.0,1.0,1.0,0.0,0.0,0.0,0.0,0.0,1
0.20203840247914587,-0.55253061694418,0.02031130005405623,-0.4481916675629941,1.396391844154792,1.2607411354579443,0.11729420628907372,0.34291115810572925,4,0.0,1.0,0.0,0.0,0.0,1.0,0.0,0.0,0.0,0.0,0.0,1.0,1
0.4214466223660009,-0.5021884214566558,0.5579633603084826,-0.2181847409554334,-0.20663029600669613,1.0180316120542756,-0.06440077763548119,-0.2738122123093704,1,1.0,0.0,1.0,0.0,0.0,0.0,0.0,0.0,0.0,1.0,0.0,0.0,1
0.6408548422528559,-0.5198832216959837,0.5579633603084826,-0.9337618459567335,0.34719158922270693,-0.2764191794319561,0.29898919021362863,0.2929065605045049,1,0.0,1.0,0.0,0.0,0.0,1.0,0.0,0.0,0.0,0.0,0.0,1.0,0
-0.017369817407709147,0.03667690262725176,0.02031130005405623,2.1329971754774095,-1.072150930711944,0.5326125652469389,-0.427790745484591,1.5263533013347044,3,0.0,1.0,1.0,0.0,0.0,0.0,0.0,0.0,0.0,1.0,0.0,0.0,0
-0.4561862571814192,-0.49175239976854385,-0.8399319963530261,-0.10829254268737658,-1.2419154281943239,1.098934786522165,0.29898919021362863,0.826288934917564,3,1.0,0.0,1.0,0.0,0.0,0.0,1.0,0.0,0.0,0.0,0.0,0.0,0
0.20203840247914587,-0.2946900042855318,0.34290253620671207,0.01693345068785093,0.9900702600166372,0.04719351843960194,0.48068417413818354,-2.0573095267530372,1,0.0,1.0,1.0,0.0,0.0,0.0,0.0,0.0,0.0,0.0,1.0,0.0,0
-1.9920437963894042,-0.26157335466634773,-1.9152361168618788,2.1329971754774095,2.2953087734467377,1.8270633567331707,-2.063045600805585,-0.19047121630732994,3,1.0,0.0,0.0,0.0,1.0,0.0,1.0,0.0,0.0,0.0,0.0,0.0,1
-0.12707392735113665,-0.19860039569307117,0.1278417121049415,-1.1382124473856763,0.4835597921183892,-1.085450924110851,0.48068417413818354,-0.3071486107101866,1,0.0,1.0,0.0,0.0,0.0,1.0,0.0,0.0,0.0,0.0,1.0,0.0,0
0.4214466223660009,-0.39070140381616114,0.1278417121049415,0.29294176261692384,-0.8467259422517345,0.8562252631184969,0.11729420628907372,0.24290196290328064,1,1.0,0.0,0.0,0.0,0.0,1.0,0.0,0.0,1.0,0.0,0.0,0.0,1
-1.3338191367288392,1.3547537739353297,-1.7001752927601084,1.8263212733339953,-1.4283780729700524,-0.6809350517714036,-1.3362656651073657,-0.9738765787265106,2,0.0,1.0,0.0,0.0,1.0,0.0,0.0,0.0,0.0,0.0,1.0,0.0,0
-1.6629314665591217,1.064275542161214,-1.592644880709223,2.1329971754774095,-0.20663029600669613,-0.5191287028356245,-1.1545706811828107,0.4095839549073616,2,0.0,1.0,1.0,0.0,0.0,0.0,1.0,0.0,0.0,0.0,0.0,0.0,0
1.1893753919699934,-0.4335257532351533,1.2031458326137943,-0.8724266655280506,0.567050528585133,-0.5191287028356245,2.4793289973082877,-0.7571899891212053,1,1.0,0.0,0.0,0.0,0.0,1.0,0.0,0.0,0.0,0.0,1.0,0.0,0
0.5311507323094284,0.21717852926748954,0.34290253620671207,0.39516706333139523,0.0661061097846683,-0.5191287028356245,0.48068417413818354,0.4429203533081778,3,1.0,0.0,1.0,0.0,0.0,0.0,0.0,1.0,0.0,0.0,0.0,0.0,0
0.8602630621397109,-0.42880388112708956,0.6654937723593679,-0.9337618459567335,-1.072150930711944,-0.6000318773035141,0.29898919021362863,0.6096023453122588,3,0.0,1.0,1.0,0.0,0.0,0.0,0.0,0.0,0.0,0.0,1.0,0.0,0
-1.9920437963894042,-0.22662368016049292,-2.022766528912764,2.1329971754774095,-0.20663029600669613,1.584353833329502,-1.6996556329564754,0.8429571341179722,4,0.0,1.0,1.0,0.0,0.0,0.0,0.0,0.0,0.0,0.0,1.0,0.0,0
-0.12707392735113665,-0.18095936418375227,0.34290253620671207,-1.035987146671205,-1.283660796427696,-1.0045477496429613,0.48068417413818354,-0.29048041150977855,1,0.0,1.0,1.0,0.0,0.0,0.0,0.0,0.0,1.0,0.0,0.0,0.0,0
0.09233429253571836,-0.404089817588404,-0.5173407602003702,-0.473747992741612,-0.5211120700314322,-0.03370965602828762,0.11729420628907372,-2.6740328971681366,1,1.0,0.0,0.0,0.0,0.0,1.0,0.0,0.0,1.0,0.0,0.0,0.0,0
0.09233429253571836,0.1112639072824739,-0.3022799360985996,-0.4326534218543945,-1.330972213758851,-0.8427414007071825,-0.06440077763548119,1.0763119229236855,1,0.0,1.0,1.0,0.0,0.0,0.0,0.0,1.0,0.0,0.0,0.0,0.0,0
-0.017369817407709147,-0.21210123499169647,-0.08721911199682905,-1.1816582001893268,-1.389415729285572,-1.085450924110851,-0.6094857294091459,0.809620735717156,1,0.0,1.0,0.0,0.0,0.0,1.0,1.0,0.0,0.0,0.0,0.0,0.0,0
-0.12707392735113665,0.35862939372209457,-0.19474952404771434,-0.0137341395264905,-1.6037086195502153,-0.8427414007071825,-0.6094857294091459,0.7262797397151155,2,0.0,1.0,0.0,0.0,1.0,0.0,0.0,0.0,0.0,1.0,0.0,0.0,0
2.5058247112911234,-0.25244244669754534,2.7085716013261885,2.1329971754774095,-0.21219634510447896,1.7461601822652812,2.4793289973082877,0.5929341461118507,1,0.0,1.0,0.0,0.0,0.0,1.0,0.0,0.0,1.0,0.0,0.0,0.0,1
-1.5532273566156942,0.888999258464579,-1.1625232325056818,1.1107441683326953,1.7053075690817452,-0.6809350517714036,-1.5179606490319204,-0.6071761963175324,4,1.0,0.0,1.0,0.0,0.0,0.0,0.0,0.0,0.0,1.0,0.0,0.0,1
-0.4561862571814192,0.19053367951484415,-0.5173407602003702,2.1329971754774095,-0.7938484758227966,0.20899986737538084,-0.427790745484591,0.826288934917564,5,0.0,1.0,1.0,0.0,0.0,0.0,1.0,0.0,0.0,0.0,0.0,0.0,0
-0.3464821472379917,-0.11984387042896871,-0.3022799360985996,1.1107441683326953,1.8110625019396218,0.37080621631115973,0.11729420628907372,-2.540687303564872,2,1.0,0.0,1.0,0.0,0.0,0.0,0.0,0.0,1.0,0.0,0.0,0.0,1
-0.12707392735113665,-0.2502672571653628,-0.6248711722512554,-0.9542069060996278,-1.7623410188370292,-0.923644575175072,0.29898919021362863,0.8596253333183803,5,1.0,0.0,1.0,0.0,0.0,0.0,0.0,0.0,1.0,0.0,0.0,0.0,0
0.09233429253571836,-0.5205088941906338,0.1278417121049415,-0.2667417587948073,0.5058239885095209,1.1798379609900547,0.48068417413818354,-1.040549375528143,1,0.0,1.0,0.0,0.0,0.0,1.0,0.0,0.0,0.0,0.0,1.0,0.0,1
-0.017369817407709147,-0.5625853694558643,0.23537212415582678,-0.4226353423843763,-0.21219634510447896,1.5034506588616126,0.48068417413818354,-0.007121025102840856,1,0.0,1.0,0.0,0.0,0.0,1.0,0.0,1.0,0.0,0.0,0.0,0.0,1
1.299079501913421,-0.5787355407240244,1.5257370687664502,-0.9337618459567335,-0.20663029600669613,0.2899030418432704,0.8440741419872934,0.5762659469114426,1,1.0,0.0,0.0,0.0,0.0,1.0,1.0,0.0,0.0,0.0,0.0,0.0,0
-0.23677803729456418,-0.4426224447394045,-0.5173407602003702,0.08849116118798094,1.1820989538901487,0.9371284375863864,0.29898919021362863,-0.25714401310896234,1,0.0,1.0,0.0,0.0,1.0,0.0,0.0,0.0,0.0,1.0,0.0,0.0,0
-1.7726355765025492,-0.11956036257983031,-1.7001752927601084,2.1329971754774095,0.425116276591668,1.0180316120542756,-1.3362656651073657,-0.3071486107101866,1,0.0,1.0,1.0,0.0,0.0,0.0,0.0,0.0,0.0,0.0,0.0,1.0,1
-0.12707392735113665,-0.03376013368454791,-0.08721911199682905,-0.2181847409554334,1.1820989538901487,-0.6000318773035141,0.11729420628907372,0.3595793573061373,2,0.0,1.0,0.0,0.0,0.0,1.0,0.0,0.0,0.0,0.0,0.0,1.0,1
0.3117425124225734,0.023806623889641176,-0.19474952404771434,-0.0137341395264905,-0.20663029600669613,-0.6000318773035141,0.48068417413818354,-0.12379841950569755,1,0.0,1.0,0.0,0.0,0.0,1.0,0.0,1.0,0.0,0.0,0.0,0.0,1
2.396120601347696,-0.5568516676103584,2.278449953122647,-1.1382124473856763,-1.325406164661068,-0.5191287028356245,1.2074641098364032,0.9596345285208289,1,0.0,1.0,0.0,0.0,0.0,1.0,0.0,0.0,0.0,1.0,0.0,0.0,0
0.7505589521962834,-0.0516944491757341,0.5579633603084826,-1.1382124473856763,-1.1806888881187114,-1.1663540985787406,0.29898919021362863,0.8429571341179722,2,0.0,1.0,1.0,0.0,0.0,0.0,0.0,0.0,1.0,0.0,0.0,0.0,0
1.518487721800276,-0.2750448655667863,1.6332674808173355,-0.6858654917241402,-0.4904987999936262,-0.6000318773035141,1.3891590937609581,-0.373821407511819,3,0.0,1.0,0.0,0.0,1.0,0.0,0.0,0.0,0.0,0.0,1.0,0.0,0
-1.0047068068985567,0.11377637339380388,-1.0549928204547967,2.1329971754774095,1.9168174347974976,0.37080621631115973,-1.3362656651073657,0.22623376370287254,1,0.0,1.0,0.0,0.0,0.0,1.0,0.0,0.0,0.0,0.0,1.0,0.0,1
0.09233429253571836,-0.38025071792895593,0.23537212415582678,-0.5248606430988477,1.0846930946789473,-0.19551600496406651,0.29898919021362863,-0.373821407511819,1,1.0,0.0,0.0,0.0,0.0,1.0,0.0,0.0,1.0,0.0,0.0,0.0,1
0.09233429253571836,-0.1680450928488616,0.1278417121049415,-0.3817452220985877,-0.07304511765990533,-0.5191287028356245,-0.06440077763548119,-1.2905723635342645,1,0.0,1.0,0.0,0.0,0.0,1.0,1.0,0.0,0.0,0.0,0.0,0.0,0
-1.3338191367288392,0.8854896268149001,-1.592644880709223,2.1329971754774095,2.2090350124311025,-0.4382255283677351,-1.1545706811828107,-0.8238627859228377,3,0.0,1.0,1.0,0.0,0.0,0.0,0.0,0.0,1.0,0.0,0.0,0.0,0
0.4214466223660009,7.809890222237608,0.23537212415582678,-0.2170602626475742,-0.370828744391293,-1.2472572730466298,0.6623791580627385,0.07621997089919964,2,0.0,1.0,1.0,0.0,0.0,0.0,0.0,0.0,0.0,0.0,0.0,1.0,0
-0.4561862571814192,-0.2616320114627212,-0.3022799360985996,0.39516706333139523,0.7228999033230556,0.2899030418432704,0.48068417413818354,-1.890627534748956,2,1.0,0.0,1.0,0.0,0.0,0.0,1.0,0.0,0.0,0.0,0.0,0.0,0
-0.23677803729456418,-0.12175999244383516,-0.4098103481494849,1.1107441683326953,2.028138416753156,0.37080621631115973,0.29898919021362863,-1.1072221723297755,1,0.0,1.0,0.0,0.0,0.0,1.0,1.0,0.0,0.0,0.0,0.0,0.0,1
-0.12707392735113665,-0.40931027246564217,0.02031130005405623,1.1107441683326953,1.4715335069748616,2.069772880136839,-0.2460957615600361,-0.7405217899207972,1,0.0,1.0,0.0,0.0,0.0,1.0,0.0,0.0,1.0,0.0,0.0,0.0,1
1.9573041615739861,-0.42873056013162275,1.848328304919106,0.5996176647603382,-0.48771577544473477,1.584353833329502,1.3891590937609581,0.9929709269216451,3,0.0,1.0,0.0,0.0,0.0,1.0,1.0,0.0,0.0,0.0,0.0,0.0,1
0.6408548422528559,-0.3923633463800759,0.34290253620671207,-0.4635254626701648,-0.5990367574003937,-0.11461283049617718,1.0257691259118482,-0.15713481790651374,3,0.0,1.0,0.0,0.0,1.0,0.0,0.0,1.0,0.0,0.0,0.0,0.0,0
-1.7726355765025492,0.7333485612212315,-1.592644880709223,-0.25549697571621544,1.1292214874612108,-1.0045477496429613,-1.8813506168810303,0.642938743713075,5,0.0,1.0,1.0,0.0,0.0,0.0,1.0,0.0,0.0,0.0,0.0,0.0,1
0.7505589521962834,-0.5262523721688688,0.6654937723593679,-0.7314579758427945,-1.0916321025541842,0.20899986737538084,0.8440741419872934,1.326334910929807,5,1.0,0.0,0.0,0.0,0.0,1.0,0.0,0.0,0.0,0.0,1.0,0.0,0
-0.017369817407709147,-0.2611920854899202,-0.3022799360985996,0.19071646190245237,0.2720499264026373,0.1280966929074913,0.29898919021362863,0.45958855250858593,1,1.0,0.0,1.0,0.0,0.0,0.0,0.0,0.0,0.0,0.0,1.0,0.0,0
-1.4435232466722667,1.912633676176968,-1.592644880709223,1.1107441683326953,-0.593470708302611,-0.923644575175072,-1.6996556329564754,-1.223899566732632,3,1.0,0.0,1.0,0.0,0.0,0.0,0.0,0.0,0.0,0.0,1.0,0.0,0
-0.5658903671248466,-0.6232120565742024,-0.4098103481494849,-1.035987146671205,-0.4904987999936262,0.6944189141827177,-0.2460957615600361,1.2263257157273584,1,0.0,1.0,0.0,0.0,0.0,1.0,0.0,0.0,0.0,0.0,0.0,1.0,1
0.6408548422528559,-0.3795566125052033,0.34290253620671207,-0.6270859438133192,0.27761597550042016,-0.3573223538998456,0.8440741419872934,1.0929801221240938,1,0.0,1.0,1.0,0.0,0.0,0.0,0.0,0.0,1.0,0.0,0.0,0.0,0
-0.017369817407709147,-0.49185016109583296,-0.19474952404771434,-1.0870997970284406,0.25813480365817976,-0.6809350517714036,0.29898919021362863,1.0263073253224613,1,0.0,1.0,0.0,0.0,0.0,1.0,0.0,0.0,0.0,1.0,0.0,0.0,0
0.3117425124225734,-0.4333253425142106,0.45043294825759733,0.1523819741345256,-0.7938484758227966,0.9371284375863864,-0.2460957615600361,-0.9905447779269188,2,0.0,1.0,1.0,0.0,0.0,0.0,0.0,0.0,0.0,0.0,1.0,0.0,0
0.6408548422528559,-0.4628590394882491,0.45043294825759733,0.5996176647603382,-1.1862549372164943,1.9888697056689495,-0.427790745484591,0.6096023453122588,1,1.0,0.0,0.0,0.0,0.0,1.0,0.0,0.0,0.0,0.0,0.0,1.0,1
1.737895941687131,-0.5351828694167284,1.418206656715565,-1.0870997970284406,1.1820989538901487,-0.5191287028356245,1.2074641098364032,0.3595793573061373,2,1.0,0.0,0.0,0.0,0.0,1.0,0.0,0.0,1.0,0.0,0.0,0.0,1
0.09233429253571836,1.0881293060197554,0.1278417121049415,0.5996176647603382,1.362995549568094,-0.923644575175072,-0.2460957615600361,-0.3404850091110028,3,0.0,1.0,1.0,0.0,0.0,0.0,0.0,0.0,0.0,0.0,0.0,1.0,0
0.4214466223660009,0.2998601718222495,0.1278417121049415,-0.7088661843848962,-0.512762996384758,-1.0045477496429613,-0.427790745484591,0.6762751421138912,4,1.0,0.0,1.0,0.0,0.0,0.0,0.0,0.0,1.0,0.0,0.0,0.0,0
0.20203840247914587,-0.414677369333814,-0.08721911199682905,-0.9337618459567335,0.28596504914709436,-0.6000318773035141,0.11729420628907372,1.292998512528991,5,0.0,1.0,1.0,0.0,0.0,0.0,0.0,0.0,1.0,0.0,0.0,0.0,0
0.09233429253571836,-0.4836382096035482,0.1278417121049415,-0.9337618459567335,-0.48493275089584337,-0.4382255283677351,0.48068417413818354,0.8429571341179722,1,1.0,0.0,1.0,0.0,0.0,0.0,0.0,0.0,0.0,0.0,0.0,1.0,0
1.299079501913421,-0.4990698351161333,1.3106762446646796,-1.3426630488146192,-0.30681917976678896,-1.1663540985787406,2.6610239812328427,0.8596253333183803,1,1.0,0.0,0.0,0.0,0.0,1.0,1.0,0.0,0.0,0.0,0.0,0.0,1
-1.6629314665591217,-0.22807543587073612,-1.7001752927601084,2.1329971754774095,-0.20663029600669613,1.584353833329502,-1.1545706811828107,-1.9239639331497722,1,1.0,0.0,1.0,0.0,0.0,0.0,0.0,0.0,0.0,0.0,1.0,0.0,0
1.1893753919699934,-0.43035339816462187,0.9880850085120237,-0.8355233319701264,0.16629499354476115,-0.4382255283677351,1.3891590937609581,-0.8905355827244701,1,0.0,1.0,1.0,0.0,0.0,0.0,0.0,0.0,0.0,0.0,0.0,1.0,0
1.737895941687131,-0.2730798628882753,1.6332674808173355,-0.9848744963139692,-0.20663029600669613,-0.923644575175072,1.570854077685513,1.2429939149277667,4,0.0,1.0,0.0,0.0,0.0,1.0,0.0,0.0,1.0,0.0,0.0,0.0,0
0.8602630621397109,0.009333059384489278,0.9880850085120237,-0.8749822980459124,0.9594569899788307,-1.0045477496429613,0.48068417413818354,0.009547174097567243,2,0.0,1.0,1.0,0.0,0.0,0.0,0.0,0.0,0.0,0.0,0.0,1.0,0
-1.0047068068985567,-0.2439469873561222,-0.6248711722512554,1.5439749927606252,1.5355430715993656,1.1798379609900547,-0.9728756972582557,-0.7405217899207972,1,0.0,1.0,0.0,0.0,1.0,0.0,0.0,0.0,0.0,0.0,1.0,0.0,0
-0.5658903671248466,2.2376069922850443,-0.7324015843021408,0.5996176647603382,0.472427693922823,-1.085450924110851,-0.9728756972582557,0.6929433413142994,5,0.0,1.0,1.0,0.0,0.0,0.0,1.0,0.0,0.0,0.0,0.0,0.0,0
-0.017369817407709147,0.5356653813099336,0.1278417121049415,0.2518471917297063,0.17464406719143588,-0.761838226239293,-0.427790745484591,0.7762843373163398,2,0.0,1.0,1.0,0.0,0.0,0.0,0.0,0.0,0.0,0.0,1.0,0.0,0
3.383457590838544,-0.25818103660941577,2.9236324254279586,-0.6475310039562134,-0.20663029600669613,-0.6000318773035141,1.7525490616100678,0.7596161381159318,3,0.0,1.0,0.0,0.0,0.0,1.0,0.0,0.0,0.0,1.0,0.0,0.0,0
-0.017369817407709147,-0.4498861113569849,0.1278417121049415,-1.0155420865283107,0.4445974484339084,-0.6809350517714036,0.48068417413818354,-0.5738397979167162,5,0.0,1.0,0.0,0.0,0.0,1.0,0.0,0.0,0.0,0.0,1.0,0.0,0
0.4214466223660009,-0.06827477028396618,0.34290253620671207,-1.035987146671205,0.4835597921183892,-1.085450924110851,-0.06440077763548119,0.30957475970491305,1,0.0,1.0,0.0,0.0,1.0,0.0,0.0,0.0,0.0,0.0,0.0,1.0,0
-1.2241150267854117,-0.5051701419389734,-1.7001752927601084,0.6507303151175738,-0.2010642469089133,2.7979014503478448,-1.5179606490319204,-0.6071761963175324,1,1.0,0.0,0.0,0.0,0.0,1.0,1.0,0.0,0.0,0.0,0.0,0.0,1
-0.8950026969551292,1.637430651791775,-1.0549928204547967,-0.0137341395264905,0.7952585415942338,-1.085450924110851,-1.6996556329564754,-0.7738581883216135,5,0.0,1.0,1.0,0.0,0.0,0.0,0.0,0.0,0.0,1.0,0.0,0.0,1
-0.017369817407709147,-0.12768432887755488,-0.19474952404771434,-1.2915503984573835,1.1709668556945831,-1.2472572730466298,0.29898919021362863,0.5429295485106265,3,0.0,1.0,1.0,0.0,0.0,0.0,0.0,0.0,0.0,0.0,1.0,0.0,0
2.0670082715174134,-0.16881740733444553,1.9558587169699913,-0.4226353423843763,-1.6593691105280446,-0.6000318773035141,1.0257691259118482,0.8596253333183803,3,1.0,0.0,0.0,0.0,0.0,1.0,0.0,0.0,0.0,1.0,0.0,0.0,0
0.3117425124225734,-0.37596877179369315,0.34290253620671207,-0.8315365452422621,-0.20663029600669613,-0.6000318773035141,0.48068417413818354,-0.4904988019146757,1,1.0,0.0,0.0,0.0,0.0,1.0,0.0,0.0,0.0,1.0,0.0,0.0,0
0.5311507323094284,-0.5893670850667145,0.23537212415582678,-1.2404377481001478,-1.2419154281943239,-0.6000318773035141,-0.6094857294091459,0.39291575570695353,1,0.0,1.0,0.0,0.0,0.0,1.0,0.0,0.0,0.0,1.0,0.0,0.0,0
1.6281918317437034,-0.5432188505198928,1.848328304919106,-1.189325097742912,0.4807767675694977,-0.6809350517714036,0.6623791580627385,-0.3071486107101866,2,0.0,1.0,0.0,0.0,0.0,1.0,0.0,0.0,0.0,0.0,1.0,0.0,0
0.09233429253571836,-0.31598730943546316,0.02031130005405623,-0.9337618459567335,-0.593470708302611,-0.8427414007071825,0.29898919021362863,-0.6238443955179406,1,0.0,1.0,0.0,0.0,0.0,1.0,0.0,0.0,0.0,1.0,0.0,0.0,0
0.8602630621397109,-0.2919282467896146,0.8805545964611385,0.08849116118798094,-0.20663029600669613,0.1280966929074913,0.48068417413818354,0.7096115405147074,1,0.0,1.0,0.0,0.0,0.0,1.0,1.0,0.0,0.0,0.0,0.0,0.0,1
-0.12707392735113665,-0.22805099553891384,-0.08721911199682905,0.29294176261692384,-0.20663029600669613,0.1280966929074913,0.29898919021362863,-1.5572635507407941,2,0.0,1.0,0.0,0.0,1.0,0.0,0.0,0.0,0.0,0.0,0.0,1.0,0
-1.4435232466722667,2.1195357492516282,-1.1625232325056818,-0.7804238948850263,-1.7623410188370292,-1.2472572730466298,-1.5179606490319204,-1.1572267699309997,2,1.0,0.0,1.0,0.0,0.0,0.0,0.0,0.0,0.0,1.0,0.0,0.0,0
0.5311507323094284,-0.4618178813526201,0.1278417121049415,-1.0768772669569935,-1.0582358079674865,-0.761838226239293,0.6623791580627385,1.2763303133285828,5,0.0,1.0,0.0,0.0,0.0,1.0,0.0,1.0,0.0,0.0,0.0,0.0,0
-0.4561862571814192,1.6634693813152277,-0.7324015843021408,1.6863748366558837,0.0020965451601643076,-0.8427414007071825,-0.7911807133337009,-0.5238352003154919,4,0.0,1.0,1.0,0.0,0.0,0.0,0.0,0.0,0.0,1.0,0.0,0.0,1
0.09233429253571836,0.35818457968292916,-0.08721911199682905,-0.8315365452422621,0.7006357069319238,-1.085450924110851,0.48068417413818354,0.20956556450246444,2,1.0,0.0,1.0,0.0,0.0,0.0,0.0,0.0,1.0,0.0,0.0,0.0,0
0.6408548422528559,-0.5208070662388656,0.1278417121049415,-0.8315365452422621,0.18577616538700154,-0.03370965602828762,-0.427790745484591,0.09288817009960774,1,1.0,0.0,0.0,0.0,0.0,1.0,1.0,0.0,0.0,0.0,0.0,0.0,1
-1.7726355765025492,-0.42610078042754584,-1.9152361168618788,1.1107441683326953,0.029926790649078935,2.2315792290726177,-1.8813506168810303,0.6596069429134831,5,1.0,0.0,0.0,0.0,0.0,1.0,1.0,0.0,0.0,0.0,0.0,0.0,1
-0.23677803729456418,1.0632294959592206,-0.19474952404771434,0.19071646190245237,0.6728054614430092,-1.0045477496429613,-0.06440077763548119,-1.1905631683318159,2,0.0,1.0,1.0,0.0,0.0,0.0,0.0,0.0,0.0,0.0,0.0,1.0,0
-0.12707392735113665,-0.4618178813526201,-0.3022799360985996,-1.322217988671725,0.9622400145277226,-1.1663540985787406,0.29898919021362863,1.2596621141281747,3,1.0,0.0,1.0,0.0,0.0,0.0,0.0,0.0,0.0,0.0,0.0,1.0,0
0.4214466223660009,-0.3444896244066015,0.02031130005405623,0.08849116118798094,1.271155739454676,0.37080621631115973,0.29898919021362863,-0.35715320831141095,1,0.0,1.0,0.0,0.0,0.0,1.0,0.0,0.0,1.0,0.0,0.0,0.0,0
2.944641151064834,-0.4792389498755385,3.1386932495297293,-0.34596636684852267,0.789692492496451,0.6135157397148282,2.2976340133837327,1.993062878946131,3,0.0,1.0,0.0,0.0,0.0,1.0,0.0,0.0,0.0,1.0,0.0,0.0,0
-1.3338191367288392,0.8690803880294239,-1.3775840566074524,1.1107441683326953,-0.38752689168464194,-0.6809350517714036,-0.9728756972582557,0.39291575570695353,1,1.0,0.0,1.0,0.0,0.0,0.0,0.0,0.0,1.0,0.0,0.0,0.0,0
-0.12707392735113665,-0.5404815333557978,0.1278417121049415,-0.3919677521700348,1.262806665808001,1.1798379609900547,-0.06440077763548119,0.17622916610164824,2,1.0,0.0,1.0,0.0,0.0,0.0,0.0,0.0,0.0,0.0,1.0,0.0,1
-2.2114520162762594,-0.4779582764880512,-2.1302969409636496,0.5996176647603382,1.3741276477636606,2.2315792290726177,-2.063045600805585,-3.390765462785685,1,0.0,1.0,0.0,0.0,0.0,1.0,1.0,0.0,0.0,0.0,0.0,0.0,1
-0.23677803729456418,-0.026701765854274574,-0.19474952404771434,2.1329971754774095,-0.7938484758227966,0.6944189141827177,-0.06440077763548119,-0.873867383524062,2,0.0,1.0,1.0,0.0,0.0,0.0,1.0,0.0,0.0,0.0,0.0,0.0,0
-0.017369817407709147,2.825387196478055,-0.08721911199682905,1.1107441683326953,0.8314378607298232,-1.085450924110851,-0.6094857294091459,0.7596161381159318,3,0.0,1.0,0.0,1.0,0.0,0.0,0.0,1.0,0.0,0.0,0.0,0.0,0
0.5311507323094284,-0.285876820630419,0.5579633603084826,-0.5248606430988477,0.31101227008711757,-0.4382255283677351,-0.06440077763548119,0.12622456850042393,2,0.0,1.0,0.0,0.0,0.0,1.0,0.0,1.0,0.0,0.0,0.0,0.0,0
0.09233429253571836,-0.6252503802481802,0.23537212415582678,-1.0246401382918986,-0.25394171333785115,0.7753220886506074,-0.2460957615600361,-1.9739685307509967,2,1.0,0.0,0.0,0.0,0.0,1.0,0.0,0.0,0.0,1.0,0.0,0.0,1
-0.5658903671248466,-0.5564899506993888,-0.9474624084039113,-0.9337618459567335,0.8063906397898,0.04719351843960194,-0.06440077763548119,1.2263257157273584,5,1.0,0.0,0.0,0.0,0.0,1.0,0.0,0.0,0.0,0.0,0.0,1.0,0
-1.4435232466722667,-0.024883405166697233,-1.3775840566074524,1.6218706719050526,2.097714030475443,0.4517093907790493,-1.5179606490319204,-1.723945542744875,1,1.0,0.0,1.0,0.0,0.0,0.0,1.0,0.0,0.0,0.0,0.0,0.0,1
1.737895941687131,3.8785259827662957,1.7407978928682208,-0.9848744963139692,-1.3476703610521998,-1.3281604475145194,1.0257691259118482,2.0263992773469472,4,0.0,1.0,1.0,0.0,0.0,0.0,0.0,0.0,0.0,0.0,1.0,0.0,0
-1.3338191367288392,-0.6134261477125631,-1.3775840566074524,-0.49930431792022983,0.8926644008054357,2.7979014503478448,-0.7911807133337009,0.5429295485106265,3,0.0,1.0,0.0,0.0,1.0,0.0,0.0,0.0,1.0,0.0,0.0,0.0,1
0.09233429253571836,-0.03903435729179509,0.45043294825759733,1.1107441683326953,0.8926644008054357,0.1280966929074913,0.29898919021362863,-1.4739225547387536,2,0.0,1.0,1.0,0.0,0.0,0.0,0.0,0.0,0.0,0.0,1.0,0.0,0
-0.12707392735113665,-0.35791714270976005,-0.19474952404771434,0.08849116118798094,-0.593470708302611,0.37080621631115973,-0.427790745484591,0.42625215410776973,5,0.0,1.0,1.0,0.0,0.0,0.0,0.0,0.0,0.0,0.0,1.0,0.0,0
0.4214466223660009,-0.34452384087115273,0.34290253620671207,-0.9337618459567335,-0.0006864793887271056,-0.761838226239293,-0.06440077763548119,-2.1739869211558935,1,0.0,1.0,1.0,0.0,0.0,0.0,0.0,1.0,0.0,0.0,0.0,0.0,0
0.3117425124225734,-0.5388098146591542,0.6654937723593679,-0.8315365452422621,-1.4645573921056416,0.1280966929074913,-0.2460957615600361,-1.2739041643338564,2,0.0,1.0,0.0,0.0,0.0,1.0,0.0,0.0,0.0,1.0,0.0,0.0,1
-0.6755944770682742,6.34219452757992,-0.5173407602003702,-0.4226353423843763,-1.4506422693611842,-1.2472572730466298,-0.6094857294091459,0.5262613493102183,5,0.0,1.0,0.0,0.0,1.0,0.0,0.0,0.0,0.0,1.0,0.0,0.0,0
-0.017369817407709147,-0.5367714909851764,-0.3022799360985996,-0.5248606430988477,-0.1788000505177815,0.8562252631184969,0.29898919021362863,0.8429571341179722,2,1.0,0.0,0.0,0.0,0.0,1.0,0.0,0.0,0.0,1.0,0.0,0.0,1
-0.6755944770682742,4.583820190427175,-0.6248711722512554,-0.8315365452422621,-0.20663029600669613,-1.2472572730466298,-0.427790745484591,-0.8405309851232459,1,1.0,0.0,1.0,0.0,0.0,0.0,0.0,0.0,0.0,0.0,1.0,0.0,0
0.09233429253571836,-0.457843883398318,0.23537212415582678,-0.8315365452422621,0.4084181292983195,-0.3573223538998456,0.29898919021362863,-0.39048960671222716,1,1.0,0.0,1.0,0.0,0.0,0.0,0.0,0.0,0.0,1.0,0.0,0.0,0
-0.5658903671248466,-0.57976203466056,-0.4098103481494849,-0.4226353423843763,1.4993637524637766,1.9079665312010603,-0.6094857294091459,1.0929801221240938,3,1.0,0.0,0.0,0.0,0.0,1.0,0.0,1.0,0.0,0.0,0.0,0.0,1
-1.2241150267854117,0.8301176110383514,-0.9474624084039113,1.3284840588545195,-1.17790586356982,-0.6000318773035141,-1.3362656651073657,0.39291575570695353,4,1.0,0.0,1.0,0.0,0.0,0.0,0.0,0.0,0.0,1.0,0.0,0.0,0
0.20203840247914587,7.749918536012107,0.02031130005405623,-0.7906464249564734,-1.2113021581565175,-1.3281604475145194,0.11729420628907372,-1.2905723635342645,1,0.0,1.0,1.0,0.0,0.0,0.0,1.0,0.0,0.0,0.0,0.0,0.0,0
-0.23677803729456418,0.34188776642383545,-0.6248711722512554,1.0886635033783696,-0.20663029600669613,-0.3573223538998456,0.48068417413818354,-0.25714401310896234,2,0.0,1.0,1.0,0.0,0.0,0.0,1.0,0.0,0.0,0.0,0.0,0.0,1
-0.12707392735113665,-0.14042262982332518,-0.08721911199682905,1.1107441683326953,-0.20663029600669613,0.4517093907790493,-0.427790745484591,-0.04045742350365705,1,1.0,0.0,1.0,0.0,0.0,0.0,0.0,0.0,0.0,0.0,1.0,0.0,0
-0.12707392735113665,-0.5138171313376947,-0.08721911199682905,-0.6270859438133192,-0.38196084258685864,0.37080621631115973,0.48068417413818354,0.6762751421138912,2,0.0,1.0,0.0,0.0,0.0,1.0,0.0,0.0,0.0,0.0,0.0,1.0,0
-0.5658903671248466,-0.1448512179495216,-0.4098103481494849,1.1107441683326953,0.377804859260513,0.4517093907790493,0.29898919021362863,1.509685102134296,4,1.0,0.0,0.0,0.0,0.0,1.0,0.0,0.0,1.0,0.0,0.0,0.0,1
-0.3464821472379917,3.4567542884429128,-0.19474952404771434,1.1107441683326953,0.11898357621360613,-1.085450924110851,-0.427790745484591,0.2929065605045049,1,1.0,0.0,1.0,0.0,0.0,0.0,1.0,0.0,0.0,0.0,0.0,0.0,0
0.4214466223660009,-0.17868641332428062,0.5579633603084826,1.6218706719050526,1.8472418210752108,0.9371284375863864,0.29898919021362863,1.5596896997355205,2,1.0,0.0,1.0,0.0,0.0,0.0,0.0,0.0,0.0,1.0,0.0,0.0,1
1.9573041615739861,-0.527039350853546,1.6332674808173355,-1.189325097742912,0.99563630911442,-0.761838226239293,2.2976340133837327,-0.007121025102840856,2,1.0,0.0,0.0,0.0,0.0,1.0,0.0,0.0,1.0,0.0,0.0,0.0,1
0.7505589521962834,-0.2441669503425227,0.7730241844102532,0.19071646190245237,0.6505412650518774,0.04719351843960194,-0.427790745484591,-0.12379841950569755,2,0.0,1.0,1.0,0.0,0.0,0.0,1.0,0.0,0.0,0.0,0.0,0.0,1
0.9699671720831384,-0.43287564040868076,0.5579633603084826,0.19071646190245237,-1.072150930711944,1.0180316120542756,0.8440741419872934,-1.5072589531395697,1,1.0,0.0,0.0,0.0,0.0,1.0,1.0,0.0,0.0,0.0,0.0,0.0,1
-0.4561862571814192,0.06523298632839913,-0.3022799360985996,1.6218706719050526,-0.512762996384758,0.20899986737538084,-0.6094857294091459,-0.5238352003154919,2,1.0,0.0,1.0,0.0,0.0,0.0,1.0,0.0,0.0,0.0,0.0,0.0,0
2.176712381460841,-0.34427943755292995,2.278449953122647,0.19071646190245237,-0.7938484758227966,0.4517093907790493,0.8440741419872934,0.27623836130409685,1,0.0,1.0,1.0,0.0,0.0,0.0,0.0,0.0,0.0,0.0,1.0,0.0,0
-1.6629314665591217,-0.07829530633109938,-1.7001752927601084,2.043141136149389,1.5828544889305212,0.8562252631184969,-1.6996556329564754,-1.057217574728551,2,1.0,0.0,1.0,0.0,0.0,0.0,0.0,1.0,0.0,0.0,0.0,0.0,1
0.6408548422528559,-0.5844741306358948,0.5579633603084826,-0.7293112445277906,-0.20663029600669613,1.0180316120542756,0.29898919021362863,0.30957475970491305,2,0.0,1.0,0.0,0.0,1.0,0.0,0.0,0.0,0.0,1.0,0.0,0.0,1
0.20203840247914587,-0.2650585459842043,0.6654937723593679,0.5996176647603382,0.11898357621360613,0.4517093907790493,0.48068417413818354,1.4596805045330719,2,1.0,0.0,0.0,0.0,1.0,0.0,0.0,0.0,0.0,0.0,0.0,1.0,0
-0.5658903671248466,-0.18044122914912003,-0.19474952404771434,1.1107441683326953,2.2006859387844275,0.5326125652469389,0.11729420628907372,1.659698894937969,3,1.0,0.0,0.0,0.0,0.0,1.0,0.0,1.0,0.0,0.0,0.0,0.0,1
-1.4435232466722667,-0.139024642843091,-1.4851144686583377,2.1329971754774095,-1.072150930711944,1.098934786522165,-1.1545706811828107,0.45958855250858593,1,0.0,1.0,1.0,0.0,0.0,0.0,0.0,0.0,0.0,0.0,0.0,1.0,0
0.3117425124225734,-0.4191646142563839,0.5579633603084826,0.08849116118798094,1.2934199358458072,0.7753220886506074,-0.6094857294091459,1.0263073253224613,3,0.0,1.0,0.0,0.0,0.0,1.0,0.0,0.0,0.0,1.0,0.0,0.0,1
-0.12707392735113665,-0.514819184942408,0.23537212415582678,-1.0666547368855464,1.271155739454676,-0.5191287028356245,0.48068417413818354,-0.3071486107101866,4,0.0,1.0,0.0,0.0,0.0,1.0,0.0,0.0,0.0,1.0,0.0,0.0,1
-0.017369817407709147,-0.318304252892215,-0.08721911199682905,1.6218706719050526,2.0253553922042653,1.7461601822652812,-0.06440077763548119,0.6096023453122588,3,1.0,0.0,1.0,0.0,0.0,0.0,0.0,0.0,0.0,1.0,0.0,0.0,1
-1.1144109168419842,6.341040943917909,-1.4851144686583377,-0.2181847409554334,-1.1806888881187114,-1.2472572730466298,-1.1545706811828107,-0.6238443955179406,1,1.0,0.0,1.0,0.0,0.0,0.0,0.0,0.0,0.0,0.0,0.0,1.0,0
-0.12707392735113665,0.1304740080947829,-0.19474952404771434,-0.8315365452422621,-0.16766795232221535,-1.0045477496429613,0.11729420628907372,0.12622456850042393,1,0.0,1.0,1.0,0.0,0.0,0.0,0.0,0.0,0.0,0.0,0.0,1.0,0
1.079671282026566,-0.39282282461833473,1.095615420562909,-0.4226353423843763,-0.2010642469089133,-0.03370965602828762,2.6610239812328427,1.1763211181261342,4,0.0,1.0,0.0,0.0,0.0,1.0,1.0,0.0,0.0,0.0,0.0,0.0,0
0.09233429253571836,0.19942507223178818,0.02031130005405623,1.1107441683326953,2.2953087734467377,-0.19551600496406651,0.11729420628907372,1.159652918925726,2,0.0,1.0,1.0,0.0,0.0,0.0,0.0,1.0,0.0,0.0,0.0,0.0,1
-0.8950026969551292,0.9163870943046215,-0.7324015843021408,1.1107441683326953,1.271155739454676,-0.6809350517714036,-0.9728756972582557,-0.3071486107101866,3,0.0,1.0,1.0,0.0,0.0,0.0,0.0,0.0,0.0,0.0,0.0,1.0,0
0.7505589521962834,-0.2261886422540564,0.7730241844102532,-0.9542069060996278,-1.077716979809727,-0.923644575175072,0.11729420628907372,-1.723945542744875,1,1.0,0.0,0.0,0.0,0.0,1.0,0.0,0.0,1.0,0.0,0.0,0.0,0
0.6408548422528559,-0.45343973560394385,0.6654937723593679,-0.9337618459567335,-1.2419154281943239,-0.5191287028356245,-0.06440077763548119,0.30957475970491305,4,0.0,1.0,0.0,0.0,0.0,1.0,0.0,0.0,0.0,1.0,0.0,0.0,0
0.4214466223660009,0.36023756755600034,0.45043294825759733,0.39516706333139523,-0.512762996384758,-0.6809350517714036,-0.427790745484591,-1.0905539731293672,4,0.0,1.0,1.0,0.0,0.0,0.0,0.0,0.0,0.0,1.0,0.0,0.0,0
-0.7852985870117017,1.3557313872082208,-0.9474624084039113,2.1329971754774095,1.5967696116749777,-0.6809350517714036,-1.3362656651073657,0.42625215410776973,3,1.0,0.0,1.0,0.0,0.0,0.0,0.0,0.0,0.0,0.0,0.0,1.0,0
-0.23677803729456418,6.341867027133502,-0.08721911199682905,-0.4226353423843763,-0.20663029600669613,-1.2472572730466298,0.29898919021362863,-0.22380761470814614,3,1.0,0.0,1.0,0.0,0.0,0.0,0.0,0.0,0.0,1.0,0.0,0.0,0
0.3117425124225734,-0.37475653133530823,0.02031130005405623,-1.035987146671205,-1.5925765213546492,-0.8427414007071825,-0.427790745484591,0.34291115810572925,1,1.0,0.0,0.0,0.0,0.0,1.0,0.0,0.0,0.0,0.0,1.0,0.0,0
0.09233429253571836,-0.005189385784307168,-0.19474952404771434,-0.5694308742103572,0.519739111253978,-0.8427414007071825,-0.2460957615600361,-0.8405309851232459,5,1.0,0.0,1.0,0.0,0.0,0.0,0.0,0.0,1.0,0.0,0.0,0.0,1
-0.4561862571814192,-0.35265758330160624,-0.4098103481494849,0.7018429654748096,0.2720499264026373,1.0180316120542756,0.29898919021362863,0.5095931501098102,1,0.0,1.0,0.0,0.0,0.0,1.0,0.0,1.0,0.0,0.0,0.0,0.0,1
0.3117425124225734,-0.1970459905891744,0.34290253620671207,1.2129694690471668,0.7006357069319238,0.6944189141827177,0.11729420628907372,-1.0072129771273268,3,0.0,1.0,0.0,0.0,0.0,1.0,0.0,0.0,0.0,0.0,1.0,0.0,1
-0.5658903671248466,-0.2538502098105085,-0.6248711722512554,1.4174200704761097,-1.1862549372164943,1.1798379609900547,0.11729420628907372,-1.4239179571375293,1,0.0,1.0,1.0,0.0,0.0,0.0,1.0,0.0,0.0,0.0,0.0,0.0,0
0.20203840247914587,-0.021803923357090447,0.02031130005405623,-0.2181847409554334,-0.20663029600669613,-0.6000318773035141,-0.06440077763548119,0.809620735717156,1,0.0,1.0,1.0,0.0,0.0,0.0,0.0,0.0,1.0,0.0,0.0,0.0,0
0.4214466223660009,-0.2748493429122081,0.6654937723593679,0.29294176261692384,-0.7994145249205795,0.20899986737538084,0.11729420628907372,-1.2905723635342645,2,1.0,0.0,0.0,0.0,0.0,1.0,0.0,0.0,0.0,0.0,1.0,0.0,0
-2.2114520162762594,-0.285060513547555,-2.1302969409636496,1.5032893230762656,1.0457307509944664,1.4225474843937234,-2.063045600805585,0.04288357249838344,4,0.0,1.0,0.0,0.0,0.0,1.0,0.0,1.0,0.0,0.0,0.0,0.0,1
-0.23677803729456418,-0.4741309205246828,-0.3022799360985996,-0.7293112445277906,1.1793159293412572,-0.11461283049617718,0.29898919021362863,-0.47383060271426763,2,0.0,1.0,0.0,0.0,0.0,1.0,1.0,0.0,0.0,0.0,0.0,0.0,1
1.299079501913421,-0.06731670927653297,1.5257370687664502,-0.4226353423843763,-0.512762996384758,-0.6809350517714036,1.0257691259118482,1.5596896997355205,1,1.0,0.0,0.0,0.0,0.0,1.0,0.0,0.0,0.0,0.0,0.0,1.0,0
0.09233429253571836,0.02529259606443556,-0.08721911199682905,0.003133035091397287,-0.07582814220879674,-0.5191287028356245,0.29898919021362863,0.45958855250858593,2,0.0,1.0,1.0,0.0,0.0,0.0,0.0,0.0,0.0,0.0,1.0,0.0,1
0.7505589521962834,-0.2561378248690735,0.7730241844102532,0.01693345068785093,-1.1806888881187114,-0.03370965602828762,0.29898919021362863,0.5429295485106265,3,0.0,1.0,0.0,0.0,0.0,1.0,0.0,0.0,0.0,1.0,0.0,0.0,0
-0.23677803729456418,-0.6355544241444518,-0.3022799360985996,-1.0828063343984329,-0.08696024040436288,0.7753220886506074,0.11729420628907372,0.3762475565065454,3,1.0,0.0,0.0,0.0,0.0,1.0,0.0,1.0,0.0,0.0,0.0,0.0,1
2.0670082715174134,0.24146244296610303,2.0633891290208766,1.008518867618224,-0.38196084258685864,-0.3573223538998456,1.2074641098364032,-0.09046202110488136,1,1.0,0.0,1.0,0.0,0.0,0.0,0.0,0.0,0.0,0.0,1.0,0.0,0
0.9699671720831384,-0.3449735429766826,0.9880850085120237,-0.6270859438133192,0.4807767675694977,-0.4382255283677351,1.570854077685513,-1.1905631683318159,1,0.0,1.0,1.0,0.0,0.0,0.0,0.0,0.0,0.0,0.0,1.0,0.0,0
-0.6755944770682742,-0.22768439056157969,-0.19474952404771434,-0.8315365452422621,0.31101227008711757,-0.8427414007071825,0.29898919021362863,-3.024065080376707,1,0.0,1.0,0.0,0.0,0.0,1.0,0.0,0.0,1.0,0.0,0.0,0.0,0
1.6281918317437034,-0.363704613285275,1.2031458326137943,-0.9337618459567335,1.1709668556945831,-0.761838226239293,1.7525490616100678,1.2763303133285828,2,0.0,1.0,0.0,0.0,0.0,1.0,0.0,0.0,0.0,0.0,1.0,0.0,0
-0.3464821472379917,-0.3379347274118671,-0.5173407602003702,-0.0137341395264905,1.262806665808001,0.20899986737538084,0.48068417413818354,-1.373913359536305,1,0.0,1.0,1.0,0.0,0.0,0.0,0.0,0.0,0.0,0.0,0.0,1.0,0
0.9699671720831384,-0.5329099185572568,0.9880850085120237,-0.6270859438133192,0.029926790649078935,0.5326125652469389,2.115939029459178,-0.5571715987163082,2,1.0,0.0,0.0,0.0,0.0,1.0,0.0,0.0,0.0,0.0,0.0,1.0,0
-0.017369817407709147,-0.3033223294851597,-0.19474952404771434,0.8449583864750696,0.6561073141496603,0.9371284375863864,-0.6094857294091459,1.0263073253224613,1,0.0,1.0,0.0,0.0,0.0,1.0,0.0,0.0,0.0,1.0,0.0,0.0,1
1.079671282026566,-0.4280706711724213,1.2031458326137943,-0.9411220676081754,-0.05634697036655636,-0.6000318773035141,2.4793289973082877,-0.373821407511819,4,1.0,0.0,0.0,0.0,0.0,1.0,0.0,1.0,0.0,0.0,0.0,0.0,0
0.09233429253571836,-0.48610179505123363,0.34290253620671207,-0.3817452220985877,-1.1389435198853393,0.6135157397148282,-0.06440077763548119,1.0763119229236855,4,1.0,0.0,0.0,0.0,0.0,1.0,0.0,0.0,0.0,0.0,1.0,0.0,0
-1.1144109168419842,1.1799174162114956,-0.7324015843021408,0.2364111713218211,-1.0693679061630526,-1.0045477496429613,-1.5179606490319204,-2.1406505227550774,2,1.0,0.0,1.0,0.0,0.0,0.0,0.0,0.0,0.0,0.0,1.0,0.0,0
0.4214466223660009,-0.5281098373873617,0.5579633603084826,-0.4226353423843763,-0.04799789671988212,0.9371284375863864,-0.6094857294091459,-1.223899566732632,2,0.0,1.0,1.0,0.0,0.0,0.0,0.0,0.0,0.0,0.0,1.0,0.0,0
-0.5658903671248466,-0.5194970644531917,-0.5173407602003702,0.08849116118798094,-0.20663029600669613,1.9079665312010603,-0.427790745484591,0.9429663293204208,1,0.0,1.0,0.0,0.0,0.0,1.0,0.0,0.0,0.0,0.0,1.0,0.0,1
1.518487721800276,-0.1691058032499484,1.5257370687664502,-0.7088661843848962,-1.5536141776701688,-0.761838226239293,0.8440741419872934,1.159652918925726,1,0.0,1.0,1.0,0.0,0.0,0.0,0.0,0.0,0.0,0.0,1.0,0.0,0
0.6408548422528559,0.008663394292558914,0.6654937723593679,-1.0768772669569935,-0.20663029600669613,-1.1663540985787406,0.48068417413818354,0.14289276770083204,3,1.0,0.0,1.0,0.0,0.0,0.0,1.0,0.0,0.0,0.0,0.0,0.0,0
-1.9920437963894042,-0.17946850394259345,-1.9152361168618788,1.6218706719050526,1.9112513856997146,0.9371284375863864,-2.063045600805585,0.49292495090940214,3,0.0,1.0,1.0,0.0,0.0,0.0,1.0,0.0,0.0,0.0,0.0,0.0,1
0.5311507323094284,-0.48063204878940824,0.45043294825759733,-0.688421124242002,-1.0443206852230293,-0.03370965602828762,-0.2460957615600361,1.2763303133285828,5,1.0,0.0,1.0,0.0,0.0,0.0,0.0,0.0,0.0,0.0,1.0,0.0,0
1.9573041615739861,-0.42777738719055397,1.7407978928682208,0.5996176647603382,-0.48771577544473477,1.584353833329502,1.0257691259118482,-0.057125622704065154,2,0.0,1.0,0.0,0.0,0.0,1.0,0.0,0.0,0.0,0.0,1.0,0.0,1
-1.3338191367288392,2.896816510261839,-1.592644880709223,0.8121440649457242,-0.3207343025112465,-1.085450924110851,-0.9728756972582557,-0.4571624035138595,4,1.0,0.0,1.0,0.0,0.0,0.0,0.0,0.0,0.0,1.0,0.0,0.0,1
1.079671282026566,-0.3923340179818892,1.095615420562909,0.29294176261692384,-1.077716979809727,0.8562252631184969,0.6623791580627385,-0.8238627859228377,1,1.0,0.0,1.0,0.0,0.0,0.0,0.0,0.0,0.0,1.0,0.0,0.0,1
-1.0047068068985567,2.8936392671249433,-0.8399319963530261,-0.8366478102779856,0.2720499264026373,-1.2472572730466298,-0.7911807133337009,-1.207231367532224,3,0.0,1.0,0.0,0.0,0.0,1.0,1.0,0.0,0.0,0.0,0.0,0.0,0
0.5311507323094284,-0.13925438196222037,0.7730241844102532,-0.9337618459567335,-1.5925765213546492,-1.0045477496429613,0.29898919021362863,0.8929617317191965,2,0.0,1.0,1.0,0.0,0.0,0.0,0.0,1.0,0.0,0.0,0.0,0.0,0
2.7252329311779784,0.47721877179014255,2.7085716013261885,-1.1382124473856763,-0.40979108807577375,-1.2472572730466298,2.115939029459178,0.9596345285208289,2,0.0,1.0,1.0,0.0,0.0,0.0,0.0,0.0,0.0,0.0,1.0,0.0,0
-0.12707392735113665,-0.5548035678036517,-0.3022799360985996,-1.2404377481001478,-1.113896298945316,-0.761838226239293,0.48068417413818354,0.2595701621036887,4,0.0,1.0,0.0,0.0,0.0,1.0,0.0,0.0,0.0,0.0,1.0,0.0,1
0.7505589521962834,-0.4857449662066284,0.6654937723593679,-0.9755719939489522,0.16629499354476115,-0.5191287028356245,-0.2460957615600361,0.7262797397151155,1,0.0,1.0,0.0,0.0,0.0,1.0,0.0,0.0,0.0,0.0,0.0,1.0,0
-2.101747906332832,-0.1570420554624729,-2.1302969409636496,2.1329971754774095,2.2953087734467377,1.1798379609900547,-1.8813506168810303,0.7262797397151155,1,1.0,0.0,0.0,0.0,0.0,1.0,0.0,0.0,0.0,1.0,0.0,0.0,1
-1.6629314665591217,-0.13834520161843172,-1.7001752927601084,1.768155077227461,0.5753996022318077,0.8562252631184969,-1.8813506168810303,1.292998512528991,4,0.0,1.0,0.0,0.0,0.0,1.0,0.0,0.0,0.0,0.0,0.0,1.0,1
-0.23677803729456418,-0.45015495500702996,-0.3022799360985996,0.39516706333139523,-1.6593691105280446,1.5034506588616126,-0.06440077763548119,0.9429663293204208,2,1.0,0.0,1.0,0.0,0.0,0.0,0.0,0.0,0.0,1.0,0.0,0.0,0
1.079671282026566,-0.49794069178594413,0.8805545964611385,-0.6270859438133192,-0.6964426166115952,0.20899986737538084,1.9342440455346228,-0.6238443955179406,1,0.0,1.0,0.0,0.0,0.0,1.0,0.0,0.0,0.0,1.0,0.0,0.0,0
-0.12707392735113665,-0.5309253636132879,-0.19474952404771434,-1.2404377481001478,-1.1166793234942074,-0.8427414007071825,0.29898919021362863,0.5095931501098102,2,1.0,0.0,0.0,0.0,1.0,0.0,0.0,1.0,0.0,0.0,0.0,0.0,0
-1.4435232466722667,-0.34385906384558684,-1.4851144686583377,1.1107441683326953,2.2953087734467377,1.4225474843937234,-0.7911807133337009,-0.3404850091110028,4,0.0,1.0,1.0,0.0,0.0,0.0,0.0,0.0,0.0,1.0,0.0,0.0,1
0.6408548422528559,-0.43968960492073134,0.6654937723593679,-0.8468703403494328,-0.4904987999936262,-0.4382255283677351,-0.2460957615600361,1.509685102134296,4,1.0,0.0,0.0,0.0,0.0,1.0,0.0,0.0,0.0,1.0,0.0,0.0,0
-2.101747906332832,-0.03357438716269861,-2.1302969409636496,2.1329971754774095,1.80827947739073,0.7753220886506074,-1.8813506168810303,0.9763027277212369,3,0.0,1.0,0.0,0.0,0.0,1.0,1.0,0.0,0.0,0.0,0.0,0.0,1
-0.5658903671248466,-0.4661487081515274,-0.6248711722512554,-1.035987146671205,0.8063906397898,-0.6809350517714036,0.11729420628907372,-3.0073968811762986,1,0.0,1.0,0.0,0.0,0.0,1.0,0.0,1.0,0.0,0.0,0.0,0.0,1
-1.8823396864459767,0.623108000503673,-2.022766528912764,1.1107441683326953,1.9251665084441723,-0.6000318773035141,-2.24474058473014,-0.17380301710692184,4,0.0,1.0,1.0,0.0,0.0,0.0,0.0,0.0,0.0,0.0,0.0,1.0,0
-1.1144109168419842,2.659456895670258,-0.6248711722512554,0.19071646190245237,-0.5545083646181301,-1.1663540985787406,-1.6996556329564754,0.6096023453122588,1,0.0,1.0,0.0,0.0,0.0,1.0,0.0,0.0,0.0,1.0,0.0,0.0,0
0.7505589521962834,0.00686947393680385,0.6654937723593679,-0.2181847409554334,-0.21219634510447896,-0.6809350517714036,-0.427790745484591,1.1096483213245019,5,1.0,0.0,1.0,0.0,0.0,0.0,0.0,0.0,0.0,1.0,0.0,0.0,0
0.8602630621397109,-0.2943869441709356,1.095615420562909,-0.6781985941705548,-0.3958759653313162,-0.6000318773035141,0.11729420628907372,0.5762659469114426,1,1.0,0.0,0.0,0.0,0.0,1.0,0.0,0.0,0.0,0.0,0.0,1.0,0
0.09233429253571836,-0.4040556011238528,0.45043294825759733,-0.9337618459567335,0.4445974484339084,-0.6809350517714036,-0.427790745484591,0.3595793573061373,5,1.0,0.0,0.0,0.0,1.0,0.0,0.0,0.0,0.0,1.0,0.0,0.0,0
0.3117425124225734,-0.4472318913210857,0.5579633603084826,-0.6807542266884167,0.4835597921183892,-0.19551600496406651,-0.2460957615600361,0.6596069429134831,2,0.0,1.0,1.0,0.0,0.0,0.0,0.0,0.0,1.0,0.0,0.0,0.0,0
0.9699671720831384,-0.3572328134187363,0.8805545964611385,-1.2915503984573835,2.0253553922042653,-1.1663540985787406,1.7525490616100678,1.3430031101302151,2,0.0,1.0,0.0,0.0,0.0,1.0,0.0,0.0,0.0,1.0,0.0,0.0,1
-0.5658903671248466,-0.34421589269019204,-0.19474952404771434,-0.2181847409554334,0.2720499264026373,-0.03370965602828762,0.48068417413818354,-0.09046202110488136,5,1.0,0.0,1.0,0.0,0.0,0.0,0.0,1.0,0.0,0.0,0.0,0.0,0
0.4214466223660009,0.17130891450344177,0.5579633603084826,1.0511468180161585,0.14403079715362935,-0.19551600496406651,-0.2460957615600361,0.4429203533081778,3,0.0,1.0,0.0,0.0,0.0,1.0,1.0,0.0,0.0,0.0,0.0,0.0,1
0.6408548422528559,0.1255175088012253,0.6654937723593679,0.39516706333139523,-0.4904987999936262,-0.4382255283677351,-0.6094857294091459,0.3595793573061373,3,1.0,0.0,1.0,0.0,0.0,0.0,0.0,1.0,0.0,0.0,0.0,0.0,0
0.9699671720831384,-0.1227718221812774,0.6654937723593679,-0.8315365452422621,1.1709668556945831,-0.923644575175072,1.570854077685513,0.6096023453122588,1,0.0,1.0,0.0,0.0,0.0,1.0,0.0,0.0,0.0,0.0,1.0,0.0,0
1.9573041615739861,-0.4088703464928412,1.7407978928682208,-0.2181847409554334,0.567050528585133,0.2899030418432704,2.8427189651573976,-0.5238352003154919,1,0.0,1.0,0.0,0.0,1.0,0.0,0.0,0.0,0.0,0.0,1.0,0.0,0
-0.23677803729456418,-0.34376130251829773,-0.19474952404771434,-0.9337618459567335,0.9900702600166372,-0.761838226239293,0.29898919021362863,-0.15713481790651374,5,0.0,1.0,0.0,0.0,0.0,1.0,0.0,1.0,0.0,0.0,0.0,0.0,0
0.3117425124225734,-0.06610446881814808,0.34290253620671207,-0.9542069060996278,0.1328986989580637,-1.0045477496429613,-0.6094857294091459,-0.6405125947183486,1,0.0,1.0,0.0,0.0,0.0,1.0,0.0,0.0,0.0,1.0,0.0,0.0,0
-1.1144109168419842,0.915780974075429,-1.3775840566074524,1.5476551035863462,-0.09252628950214571,-0.6000318773035141,-0.9728756972582557,0.642938743713075,4,0.0,1.0,1.0,0.0,0.0,0.0,0.0,0.0,0.0,0.0,0.0,1.0,0
-0.23677803729456418,-0.5853637587142256,-0.08721911199682905,-1.260882808243042,0.0661061097846683,-0.6809350517714036,-0.2460957615600361,-1.4405861563379374,1,1.0,0.0,0.0,0.0,0.0,1.0,0.0,0.0,0.0,0.0,0.0,1.0,0
2.615528821234551,1.0631415107646605,2.601041189275303,1.4174200704761097,-1.4283780729700524,-0.6809350517714036,1.570854077685513,1.3430031101302151,1,0.0,1.0,1.0,0.0,0.0,0.0,0.0,0.0,0.0,0.0,1.0,0.0,0
0.09233429253571836,-0.15719358551977103,-0.19474952404771434,0.08849116118798094,-0.5378102173247812,-0.2764191794319561,0.48068417413818354,-1.5072589531395697,2,0.0,1.0,1.0,0.0,0.0,0.0,0.0,0.0,0.0,0.0,1.0,0.0,0
1.9573041615739861,-0.5112362322972623,1.6332674808173355,-0.9695407012067985,0.41120115384721095,-0.3573223538998456,2.2976340133837327,0.34291115810572925,2,0.0,1.0,0.0,0.0,0.0,1.0,1.0,0.0,0.0,0.0,0.0,0.0,0
-0.4561862571814192,0.47609940459268235,-0.3022799360985996,-1.1382124473856763,-1.1333774707875566,-1.2472572730466298,-0.06440077763548119,0.826288934917564,2,0.0,1.0,1.0,0.0,0.0,0.0,0.0,0.0,0.0,0.0,1.0,0.0,0
0.3117425124225734,-0.3898997609323905,0.5579633603084826,-0.0137341395264905,-0.20663029600669613,0.4517093907790493,0.29898919021362863,-0.04045742350365705,2,0.0,1.0,1.0,0.0,0.0,0.0,0.0,1.0,0.0,0.0,0.0,0.0,0
-0.12707392735113665,-0.5707777686826914,0.34290253620671207,-1.035987146671205,-1.1806888881187114,-0.11461283049617718,-0.06440077763548119,1.4430123053326638,5,0.0,1.0,0.0,0.0,0.0,1.0,0.0,0.0,0.0,1.0,0.0,0.0,0
1.6281918317437034,-0.609784538271044,1.5257370687664502,-1.1382124473856763,0.25813480365817976,-0.03370965602828762,1.570854077685513,0.42625215410776973,2,0.0,1.0,1.0,0.0,0.0,0.0,1.0,0.0,0.0,0.0,0.0,0.0,1
0.8602630621397109,-0.5835014054293682,0.6654937723593679,-1.035987146671205,-0.20663029600669613,0.04719351843960194,-0.6094857294091459,0.9096299309196046,2,1.0,0.0,0.0,0.0,0.0,1.0,1.0,0.0,0.0,0.0,0.0,0.0,1
-0.017369817407709147,-0.470396437822239,-0.3022799360985996,-0.11595944024096194,-0.20663029600669613,0.9371284375863864,0.48068417413818354,0.39291575570695353,2,1.0,0.0,0.0,0.0,0.0,1.0,0.0,0.0,0.0,1.0,0.0,0.0,1
-1.0047068068985567,-0.636038342714533,-1.270053644556567,-0.7088661843848962,-1.5925765213546492,3.0406109737515132,-1.1545706811828107,1.0763119229236855,3,0.0,1.0,0.0,0.0,1.0,0.0,0.0,0.0,0.0,0.0,0.0,1.0,1
-1.9920437963894042,-0.3083570378405486,-1.8077057048109935,1.6218706719050526,2.1338933496110326,1.6652570077973916,-2.063045600805585,-0.6571807939187567,2,0.0,1.0,1.0,0.0,0.0,0.0,0.0,0.0,0.0,1.0,0.0,0.0,1
0.9699671720831384,-0.2999397875609567,0.5579633603084826,0.08849116118798094,0.377804859260513,0.1280966929074913,2.2976340133837327,0.30957475970491305,3,1.0,0.0,1.0,0.0,0.0,0.0,0.0,0.0,0.0,0.0,1.0,0.0,0
-0.4561862571814192,-0.526662969743483,-0.7324015843021408,-0.4226353423843763,-0.20663029600669613,0.9371284375863864,0.29898919021362863,1.0096391261220532,1,1.0,0.0,0.0,0.0,0.0,1.0,1.0,0.0,0.0,0.0,0.0,0.0,1
-1.3338191367288392,1.0627749057873264,-1.3775840566074524,2.1329971754774095,-0.32351732706013797,-0.5191287028356245,-1.6996556329564754,0.12622456850042393,2,0.0,1.0,0.0,0.0,1.0,0.0,0.0,0.0,0.0,0.0,0.0,1.0,0
-0.3464821472379917,-0.10880172851166439,-0.3022799360985996,1.1107441683326953,1.0986082174234044,0.37080621631115973,0.29898919021362863,-1.3072405627346726,1,1.0,0.0,0.0,0.0,0.0,1.0,0.0,0.0,0.0,1.0,0.0,0.0,1
0.6408548422528559,-0.4024865318208627,0.6654937723593679,-0.4226353423843763,-0.590687683753719,-0.03370965602828762,-0.06440077763548119,0.476256751708994,3,0.0,1.0,0.0,0.0,0.0,1.0,0.0,0.0,1.0,0.0,0.0,0.0,0
0.5311507323094284,-0.5125560102156652,0.34290253620671207,-0.7804238948850263,-0.6769614447693548,0.04719351843960194,0.29898919021362863,0.3595793573061373,5,0.0,1.0,0.0,0.0,0.0,1.0,0.0,0.0,0.0,0.0,0.0,1.0,0
2.2864164914042684,-0.0753135858487817,2.493510777224418,-0.2692973913126691,0.34162554012492413,-0.6000318773035141,1.570854077685513,0.5262613493102183,3,0.0,1.0,1.0,0.0,0.0,0.0,0.0,0.0,0.0,0.0,1.0,0.0,0
0.3117425124225734,-0.05663628427019832,0.45043294825759733,0.19071646190245237,-1.3810666556388975,-0.3573223538998456,-0.06440077763548119,0.07621997089919964,2,1.0,0.0,1.0,0.0,0.0,0.0,1.0,0.0,0.0,0.0,0.0,0.0,0
0.7505589521962834,-0.3190325747805188,0.6654937723593679,-0.7676457322957174,1.80827947739073,-0.6809350517714036,0.29898919021362863,1.0596437237232774,4,0.0,1.0,1.0,0.0,0.0,0.0,0.0,0.0,1.0,0.0,0.0,0.0,0
-1.9920437963894042,-0.2092710445666769,-1.8077057048109935,2.1329971754774095,-0.7938484758227966,1.5034506588616126,-2.24474058473014,-1.7739501403460993,2,1.0,0.0,0.0,0.0,0.0,1.0,0.0,0.0,0.0,0.0,1.0,0.0,1
0.8602630621397109,-0.07494698087144756,0.9880850085120237,-0.40219028224148196,-0.6769614447693548,-0.6809350517714036,0.11729420628907372,0.9763027277212369,1,1.0,0.0,1.0,0.0,0.0,0.0,0.0,0.0,0.0,1.0,0.0,0.0,0
-0.5658903671248466,-0.19641543002815967,-0.9474624084039113,2.1329971754774095,-0.7938484758227966,1.4225474843937234,0.48068417413818354,-0.14046661870610566,2,0.0,1.0,0.0,0.0,0.0,1.0,1.0,0.0,0.0,0.0,0.0,0.0,1
-2.2114520162762594,-0.585173124126012,-2.1302969409636496,-0.2181847409554334,-1.7623410188370292,2.716998275879955,-2.24474058473014,-0.25714401310896234,3,0.0,1.0,0.0,0.0,1.0,0.0,0.0,0.0,0.0,0.0,0.0,1.0,1
-0.017369817407709147,-0.3190227986477899,0.02031130005405623,1.6218706719050526,2.0253553922042653,1.7461601822652812,0.48068417413818354,-0.17380301710692184,3,1.0,0.0,1.0,0.0,0.0,0.0,0.0,0.0,0.0,1.0,0.0,0.0,1
-0.23677803729456418,-0.3984685412692805,-0.19474952404771434,-0.7571165263221268,1.2822878376502416,-0.4382255283677351,-0.427790745484591,0.9763027277212369,1,1.0,0.0,1.0,0.0,0.0,0.0,0.0,1.0,0.0,0.0,0.0,0.0,0
-0.3464821472379917,-0.39768645065096764,-0.19474952404771434,0.5996176647603382,0.5503523812917845,1.2607411354579443,-0.6094857294091459,0.39291575570695353,1,0.0,1.0,0.0,0.0,0.0,1.0,0.0,0.0,0.0,0.0,1.0,0.0,1
-0.3464821472379917,-0.5392301883664974,-0.5173407602003702,-0.9542069060996278,-0.8884713104851066,-0.19551600496406651,-0.2460957615600361,1.0929801221240938,5,0.0,1.0,0.0,0.0,0.0,1.0,0.0,0.0,0.0,1.0,0.0,0.0,0
-0.4561862571814192,0.2409198675996485,-0.7324015843021408,-0.0137341395264905,-1.4283780729700524,-0.761838226239293,0.29898919021362863,-0.6905171923195729,1,0.0,1.0,1.0,0.0,0.0,0.0,0.0,1.0,0.0,0.0,0.0,0.0,0
-0.4561862571814192,-0.5610554046837899,-0.5173407602003702,-0.4226353423843763,0.46407862027614877,1.5034506588616126,0.29898919021362863,0.07621997089919964,2,1.0,0.0,0.0,0.0,0.0,1.0,0.0,0.0,0.0,0.0,1.0,0.0,1
0.7505589521962834,-0.40359123481922954,0.8805545964611385,0.17538266679528167,0.6978526823830324,0.7753220886506074,0.48068417413818354,0.642938743713075,1,0.0,1.0,1.0,0.0,0.0,0.0,0.0,0.0,0.0,0.0,1.0,0.0,0
-0.23677803729456418,-0.40395295173019924,0.1278417121049415,-1.2404377481001478,-0.07304511765990533,-1.085450924110851,0.48068417413818354,0.19289736530205634,1,0.0,1.0,0.0,0.0,0.0,1.0,0.0,0.0,0.0,0.0,1.0,0.0,0
0.5311507323094284,-0.5558642782047385,0.34290253620671207,-0.9235393158852863,-0.20663029600669613,0.04719351843960194,0.29898919021362863,0.9929709269216451,1,1.0,0.0,1.0,0.0,0.0,0.0,0.0,0.0,1.0,0.0,0.0,0.0,0
-0.23677803729456418,-0.5601022317427211,-0.19474952404771434,-0.652642268991937,-1.077716979809727,0.8562252631184969,0.29898919021362863,0.15956096690124014,4,0.0,1.0,0.0,0.0,1.0,0.0,0.0,0.0,0.0,1.0,0.0,0.0,0
0.6408548422528559,-0.26718974291910674,0.34290253620671207,-0.4226353423843763,-1.2419154281943239,-0.4382255283677351,-0.427790745484591,-1.1572267699309997,3,0.0,1.0,1.0,0.0,0.0,0.0,0.0,0.0,0.0,0.0,0.0,1.0,0
0.09233429253571836,0.03622720052172188,0.5579633603084826,-1.1126561222070586,-1.1862549372164943,-1.1663540985787406,0.29898919021362863,0.826288934917564,1,0.0,1.0,0.0,0.0,0.0,1.0,0.0,1.0,0.0,0.0,0.0,0.0,0
-0.3464821472379917,-0.45071219457257783,-0.3022799360985996,-0.6270859438133192,-0.38196084258685864,-0.03370965602828762,0.48068417413818354,-0.29048041150977855,5,1.0,0.0,0.0,0.0,1.0,0.0,0.0,0.0,0.0,0.0,1.0,0.0,0
0.3117425124225734,0.12257489284982327,0.5579633603084826,-0.5248606430988477,-1.1806888881187114,-0.923644575175072,-0.427790745484591,-0.32381680991059475,3,0.0,1.0,0.0,0.0,1.0,0.0,0.0,0.0,1.0,0.0,0.0,0.0,0
0.09233429253571836,-0.3753626515645007,0.23537212415582678,-0.24374106613405125,-0.21219634510447896,0.1280966929074913,0.29898919021362863,0.6929433413142994,3,0.0,1.0,0.0,0.0,0.0,1.0,1.0,0.0,0.0,0.0,0.0,0.0,0
-1.0047068068985567,-0.4672974037471744,-0.8399319963530261,0.08849116118798094,1.616250783517218,1.1798379609900547,-1.6996556329564754,-1.9573003315505884,1,0.0,1.0,0.0,0.0,0.0,1.0,1.0,0.0,0.0,0.0,0.0,0.0,1
0.09233429253571836,-0.3802458298625915,0.45043294825759733,-1.1382124473856763,-0.782716377627231,-0.923644575175072,-0.06440077763548119,1.5930260981363367,4,0.0,1.0,0.0,0.0,0.0,1.0,1.0,0.0,0.0,0.0,0.0,0.0,0
-0.23677803729456418,-0.5266238652125673,-0.3022799360985996,-0.37152269202714056,-1.1806888881187114,1.0180316120542756,0.29898919021362863,-0.6738489931191648,2,0.0,1.0,0.0,0.0,0.0,1.0,0.0,0.0,0.0,0.0,1.0,0.0,1
0.09233429253571836,-0.37349052214691436,-0.3022799360985996,-0.4226353423843763,-1.5925765213546492,-0.11461283049617718,0.48068417413818354,-0.6738489931191648,2,0.0,1.0,1.0,0.0,0.0,0.0,0.0,0.0,0.0,0.0,0.0,1.0,0
0.20203840247914587,-0.4782124559390029,0.23537212415582678,-1.0870997970284406,0.31101227008711757,-0.6809350517714036,-0.2460957615600361,-1.023881176327735,1,1.0,0.0,0.0,0.0,0.0,1.0,0.0,0.0,0.0,1.0,0.0,0.0,0
-2.321156126219687,0.2402453144413537,-2.1302969409636496,1.6218706719050526,1.0763440210322726,-0.03370965602828762,-2.24474058473014,-0.32381680991059475,4,0.0,1.0,1.0,0.0,0.0,0.0,0.0,0.0,0.0,1.0,0.0,0.0,1
-0.4561862571814192,-0.34510063270215846,-0.4098103481494849,1.008518867618224,0.583748675878482,1.3416443099258337,0.29898919021362863,0.12622456850042393,3,1.0,0.0,0.0,0.0,0.0,1.0,0.0,0.0,0.0,0.0,1.0,0.0,1
0.3117425124225734,-0.37906291780239326,0.45043294825759733,0.5408381168495171,0.0661061097846683,1.0180316120542756,0.48068417413818354,-0.17380301710692184,3,1.0,0.0,0.0,0.0,0.0,1.0,1.0,0.0,0.0,0.0,0.0,0.0,1
-0.23677803729456418,0.5352792240671417,-0.5173407602003702,0.5996176647603382,-1.5536141776701688,-0.6809350517714036,0.48068417413818354,0.07621997089919964,4,0.0,1.0,1.0,0.0,0.0,0.0,0.0,1.0,0.0,0.0,0.0,0.0,0
-1.1144109168419842,0.682854835676409,-1.270053644556567,1.1107441683326953,0.21638943542480757,-0.6000318773035141,-1.3362656651073657,-1.023881176327735,5,1.0,0.0,0.0,0.0,0.0,1.0,0.0,0.0,0.0,0.0,1.0,0.0,0
-1.5532273566156942,1.0651407299077227,-1.592644880709223,2.1329971754774095,-0.2233284433000451,-0.5191287028356245,-1.1545706811828107,-0.10713022030528944,2,0.0,1.0,1.0,0.0,0.0,0.0,1.0,0.0,0.0,0.0,0.0,0.0,0
-0.23677803729456418,-0.2866344709169096,-0.08721911199682905,-0.259074861241222,-1.3476703610521998,-0.19551600496406651,0.48068417413818354,-0.17380301710692184,1,0.0,1.0,1.0,0.0,0.0,0.0,0.0,0.0,0.0,0.0,0.0,1.0,0
-0.3464821472379917,-0.17871574172246735,-0.08721911199682905,1.1107441683326953,1.8221946001351876,0.5326125652469389,-0.2460957615600361,-0.10713022030528944,1,1.0,0.0,1.0,0.0,0.0,0.0,0.0,0.0,0.0,1.0,0.0,0.0,1
-0.8950026969551292,2.6106886575520885,-0.5173407602003702,-0.8315365452422621,-1.283660796427696,-1.2472572730466298,-1.6996556329564754,1.142984719725318,3,1.0,0.0,0.0,0.0,0.0,1.0,0.0,0.0,0.0,1.0,0.0,0.0,0
-1.3338191367288392,2.258845640638602,-1.1625232325056818,-1.1382124473856763,-0.10922443679549469,-1.3281604475145194,-0.9728756972582557,-0.32381680991059475,4,0.0,1.0,0.0,0.0,0.0,1.0,1.0,0.0,0.0,0.0,0.0,0.0,0
-0.017369817407709147,-0.0233045597309782,0.02031130005405623,-1.153546242492847,-0.20663029600669613,-1.1663540985787406,-0.427790745484591,-0.42382600511304336,1,0.0,1.0,1.0,0.0,0.0,0.0,0.0,0.0,0.0,0.0,0.0,1.0,0
0.09233429253571836,-0.40448575096392486,-0.19474952404771434,0.19071646190245237,0.4835597921183892,0.7753220886506074,-0.2460957615600361,0.9262981301200127,4,1.0,0.0,1.0,0.0,0.0,0.0,0.0,0.0,0.0,0.0,1.0,0.0,0
0.5311507323094284,-0.47345636736638796,0.45043294825759733,-0.11595944024096194,-0.014601602133184666,0.9371284375863864,0.6623791580627385,0.9096299309196046,2,0.0,1.0,0.0,0.0,0.0,1.0,0.0,0.0,0.0,1.0,0.0,0.0,1
-0.6755944770682742,-0.26956534317223196,-0.7324015843021408,-0.6270859438133192,1.5967696116749777,-0.6000318773035141,0.48068417413818354,-1.0905539731293672,2,0.0,1.0,1.0,0.0,0.0,0.0,1.0,0.0,0.0,0.0,0.0,0.0,1
-0.12707392735113665,-0.5023790560448694,-0.08721911199682905,-0.2692973913126691,0.34162554012492413,0.9371284375863864,0.11729420628907372,-0.15713481790651374,2,0.0,1.0,0.0,0.0,0.0,1.0,0.0,1.0,0.0,0.0,0.0,0.0,1
-0.23677803729456418,-0.06428122006420628,-0.3022799360985996,-0.8315365452422621,1.5355430715993656,-0.923644575175072,0.29898919021362863,-0.22380761470814614,1,1.0,0.0,1.0,0.0,0.0,0.0,1.0,0.0,0.0,0.0,0.0,0.0,1
0.20203840247914587,-0.41556210934578036,0.23537212415582678,-0.4226353423843763,0.03549283974686225,0.04719351843960194,0.29898919021362863,1.0596437237232774,2,1.0,0.0,0.0,0.0,0.0,1.0,0.0,0.0,0.0,0.0,0.0,1.0,0
-0.6755944770682742,-0.46336251032378795,-0.19474952404771434,-1.035987146671205,1.7581850355106836,-0.6809350517714036,-0.06440077763548119,0.3762475565065454,5,0.0,1.0,1.0,0.0,0.0,0.0,0.0,1.0,0.0,0.0,0.0,0.0,0
-0.23677803729456418,0.17447638150760875,0.02031130005405623,-0.9337618459567335,-1.5925765213546492,-1.085450924110851,-0.6094857294091459,0.9596345285208289,2,1.0,0.0,1.0,0.0,0.0,0.0,0.0,0.0,0.0,0.0,0.0,1.0,0
0.20203840247914587,-0.5563579729075484,0.1278417121049415,-0.652642268991937,1.065211922836707,0.7753220886506074,-0.2460957615600361,-1.5572635507407941,3,0.0,1.0,1.0,0.0,0.0,0.0,0.0,0.0,1.0,0.0,0.0,0.0,0
-0.5658903671248466,-0.5195508331832006,-0.6248711722512554,-0.4226353423843763,-0.6964426166115952,0.8562252631184969,0.29898919021362863,0.4095839549073616,5,0.0,1.0,0.0,0.0,0.0,1.0,0.0,0.0,0.0,1.0,0.0,0.0,1
-1.7726355765025492,-0.5087091019868389,-1.7001752927601084,0.08849116118798094,0.99563630911442,1.7461601822652812,-2.063045600805585,-2.840714889172218,1,0.0,1.0,1.0,0.0,0.0,0.0,0.0,0.0,0.0,1.0,0.0,0.0,1
-0.3464821472379917,-0.37254223727221003,-0.19474952404771434,1.008518867618224,0.21638943542480757,1.584353833329502,-0.6094857294091459,0.07621997089919964,1,0.0,1.0,0.0,0.0,0.0,1.0,0.0,0.0,1.0,0.0,0.0,0.0,1
1.1893753919699934,-0.08067090658422461,0.9880850085120237,-0.2181847409554334,-1.3476703610521998,-0.6000318773035141,1.570854077685513,-0.6071761963175324,3,0.0,1.0,0.0,0.0,0.0,1.0,0.0,1.0,0.0,0.0,0.0,0.0,0
1.737895941687131,-0.19627856416995493,1.6332674808173355,-0.6270859438133192,-0.07304511765990533,-0.6809350517714036,2.4793289973082877,-0.42382600511304336,1,0.0,1.0,1.0,0.0,0.0,0.0,0.0,0.0,0.0,0.0,1.0,0.0,0
-0.5658903671248466,-0.2854662230558048,-0.5173407602003702,-0.9337618459567335,-0.2038472714578047,-0.8427414007071825,0.29898919021362863,0.4095839549073616,5,0.0,1.0,1.0,0.0,0.0,0.0,0.0,0.0,0.0,1.0,0.0,0.0,0
1.737895941687131,-0.4337457162215538,1.6332674808173355,-1.0870997970284406,-1.389415729285572,-0.8427414007071825,1.0257691259118482,1.326334910929807,1,0.0,1.0,1.0,0.0,0.0,0.0,0.0,0.0,0.0,0.0,1.0,0.0,0
0.5311507323094284,0.04106149815616809,0.34290253620671207,-0.4226353423843763,-1.3476703610521998,-0.761838226239293,0.48068417413818354,0.19289736530205634,2,0.0,1.0,0.0,0.0,0.0,1.0,0.0,0.0,0.0,1.0,0.0,0.0,0
-0.23677803729456418,-0.49818998317053137,-0.3022799360985996,0.5255043217423463,0.7646452715564278,2.393385578008397,-0.6094857294091459,0.22623376370287254,2,1.0,0.0,0.0,0.0,0.0,1.0,0.0,1.0,0.0,0.0,0.0,0.0,1
1.1893753919699934,-0.19840976110485742,0.8805545964611385,-0.6270859438133192,-1.1166793234942074,-0.6809350517714036,2.115939029459178,0.5929341461118507,1,0.0,1.0,0.0,0.0,0.0,1.0,0.0,0.0,0.0,0.0,1.0,0.0,0
-1.6629314665591217,-0.022942842820008514,-1.592644880709223,2.1329971754774095,1.7331378145706604,0.6944189141827177,-1.5179606490319204,-0.14046661870610566,2,0.0,1.0,1.0,0.0,0.0,0.0,1.0,0.0,0.0,0.0,0.0,0.0,1
1.079671282026566,-0.5264332306243537,1.095615420562909,-0.7293112445277906,-1.1862549372164943,0.2899030418432704,1.0257691259118482,-0.15713481790651374,2,0.0,1.0,0.0,0.0,1.0,0.0,0.0,0.0,0.0,0.0,1.0,0.0,0
1.079671282026566,-0.40342504056283807,0.9880850085120237,0.39516706333139523,0.789692492496451,1.098934786522165,1.9342440455346228,-0.4571624035138595,1,1.0,0.0,0.0,0.0,0.0,1.0,0.0,0.0,0.0,1.0,0.0,0.0,1
-2.101747906332832,-0.4212469305276418,-2.1302969409636496,1.1107441683326953,1.7192226918262028,2.2315792290726177,-2.24474058473014,0.476256751708994,2,0.0,1.0,0.0,0.0,0.0,1.0,0.0,0.0,0.0,0.0,0.0,1.0,1
-1.1144109168419842,-0.09070121876408672,-0.8399319963530261,1.9285465740484666,1.9168174347974976,0.7753220886506074,-1.5179606490319204,1.0263073253224613,3,1.0,0.0,1.0,0.0,0.0,0.0,0.0,0.0,0.0,0.0,1.0,0.0,1
-2.2114520162762594,-0.4136704276627362,-2.1302969409636496,1.6218706719050526,1.8472418210752108,2.7979014503478448,-2.24474058473014,-0.7405217899207972,3,1.0,0.0,0.0,0.0,0.0,1.0,0.0,1.0,0.0,0.0,0.0,0.0,1
0.5311507323094284,-0.4199809213392479,0.34290253620671207,-0.6781985941705548,-1.4283780729700524,-0.2764191794319561,-0.427790745484591,0.5429295485106265,4,0.0,1.0,1.0,0.0,0.0,0.0,0.0,0.0,0.0,0.0,1.0,0.0,0
-0.4561862571814192,-0.22008344736485183,-0.3022799360985996,1.008518867618224,-0.907952482327347,0.6135157397148282,-0.2460957615600361,-1.4405861563379374,1,0.0,1.0,0.0,0.0,0.0,1.0,0.0,0.0,1.0,0.0,0.0,0.0,0
-1.9920437963894042,-0.2717894133680591,-1.8077057048109935,2.1329971754774095,0.6227110195629628,1.9079665312010603,-1.8813506168810303,-1.9739685307509967,2,1.0,0.0,1.0,0.0,0.0,0.0,0.0,0.0,1.0,0.0,0.0,0.0,0
-0.017369817407709147,-0.23792488959511338,0.1278417121049415,0.5996176647603382,-0.21219634510447896,0.37080621631115973,-0.427790745484591,1.1763211181261342,4,1.0,0.0,1.0,0.0,0.0,0.0,0.0,0.0,0.0,0.0,0.0,1.0,0
-0.017369817407709147,-0.22743021111062803,0.23537212415582678,2.1329971754774095,-0.0897432649532543,1.584353833329502,0.11729420628907372,-1.1238903715301836,2,1.0,0.0,0.0,0.0,0.0,1.0,0.0,0.0,0.0,0.0,1.0,0.0,1
-1.1144109168419842,-0.5284275617010513,-1.0549928204547967,0.03737851083074522,1.3769106723125515,1.9888697056689495,-0.7911807133337009,0.30957475970491305,4,0.0,1.0,0.0,0.0,0.0,1.0,0.0,0.0,0.0,0.0,1.0,0.0,1
1.518487721800276,-0.5064557033928251,1.3106762446646796,-0.5683063959024981,-1.1806888881187114,0.37080621631115973,0.6623791580627385,0.7262797397151155,2,1.0,0.0,0.0,0.0,0.0,1.0,0.0,0.0,0.0,1.0,0.0,0.0,0
1.6281918317437034,-0.22773327122522424,1.7407978928682208,-0.9542069060996278,0.07723820798023394,-0.923644575175072,0.6623791580627385,0.642938743713075,1,1.0,0.0,1.0,0.0,0.0,0.0,0.0,0.0,0.0,0.0,0.0,1.0,0
0.9699671720831384,-0.35623075981402297,0.8805545964611385,-1.2915503984573835,2.0253553922042653,-1.1663540985787406,1.3891590937609581,-0.09046202110488136,1,0.0,1.0,0.0,0.0,0.0,1.0,0.0,0.0,0.0,1.0,0.0,0.0,1
0.3117425124225734,-0.5437565378199829,-0.08721911199682905,-0.4226353423843763,-0.907952482327347,1.1798379609900547,-0.2460957615600361,-0.5071670011150838,2,0.0,1.0,0.0,0.0,0.0,1.0,0.0,0.0,0.0,1.0,0.0,0.0,1
-0.5658903671248466,-0.4620036278744694,-1.0549928204547967,0.7158478316726922,1.154268708401234,2.150676054604728,-0.06440077763548119,-0.6571807939187567,2,1.0,0.0,0.0,0.0,0.0,1.0,0.0,1.0,0.0,0.0,0.0,0.0,1
-0.7852985870117017,-0.23867276374887503,-0.7324015843021408,1.6218706719050526,1.6218168326150009,1.2607411354579443,-1.1545706811828107,0.5929341461118507,2,1.0,0.0,1.0,0.0,0.0,0.0,0.0,0.0,0.0,0.0,0.0,1.0,0
0.09233429253571836,-0.1919184089728609,0.1278417121049415,-0.4226353423843763,-0.4904987999936262,-0.5191287028356245,-0.06440077763548119,0.30957475970491305,5,0.0,1.0,1.0,0.0,0.0,0.0,0.0,0.0,1.0,0.0,0.0,0.0,0
0.09233429253571836,-0.4389857233642498,0.45043294825759733,-0.6270859438133192,-0.6769614447693548,-0.11461283049617718,0.11729420628907372,0.15956096690124014,4,0.0,1.0,0.0,0.0,1.0,0.0,0.0,0.0,0.0,1.0,0.0,0.0,0
-0.3464821472379917,-0.021872356286192822,-0.4098103481494849,-0.16707209059819766,-1.4506422693611842,-0.6000318773035141,-0.6094857294091459,0.4429203533081778,5,0.0,1.0,1.0,0.0,0.0,0.0,1.0,0.0,0.0,0.0,0.0,0.0,0
1.299079501913421,-0.3830369157566954,1.5257370687664502,1.6065368767978818,-0.20663029600669613,2.393385578008397,2.4793289973082877,-0.22380761470814614,1,0.0,1.0,0.0,0.0,0.0,1.0,0.0,0.0,1.0,0.0,0.0,0.0,1
0.7505589521962834,0.18295717664993855,0.34290253620671207,0.5996176647603382,1.4464862860348384,-0.4382255283677351,0.29898919021362863,-0.12379841950569755,2,0.0,1.0,1.0,0.0,0.0,0.0,0.0,1.0,0.0,0.0,0.0,0.0,0
0.5311507323094284,-0.5912685428824875,0.45043294825759733,-1.1382124473856763,-1.6064916440991066,-0.2764191794319561,-0.06440077763548119,1.12631652052491,3,1.0,0.0,0.0,0.0,0.0,1.0,0.0,0.0,0.0,0.0,1.0,0.0,1
-1.9920437963894042,-0.02145198257884967,-1.9152361168618788,2.1329971754774095,1.42978813874149,0.6944189141827177,-1.8813506168810303,0.2595701621036887,4,0.0,1.0,0.0,0.0,1.0,0.0,1.0,0.0,0.0,0.0,0.0,0.0,0
-0.12707392735113665,-0.05210993481671279,0.02031130005405623,1.6218706719050526,-0.512762996384758,0.5326125652469389,-0.6094857294091459,-0.44049420431345143,1,1.0,0.0,1.0,0.0,0.0,0.0,0.0,0.0,0.0,0.0,0.0,1.0,0
0.6408548422528559,0.18246348194712858,0.45043294825759733,-0.28555121412627005,-0.19828122236002188,-0.8427414007071825,-0.6094857294091459,-2.2739961163583424,3,0.0,1.0,1.0,0.0,0.0,0.0,0.0,0.0,1.0,0.0,0.0,0.0,0
-0.017369817407709147,-0.5552825983073683,0.02031130005405623,-0.9337618459567335,-0.07582814220879674,0.04719351843960194,-0.427790745484591,1.3596713093306232,5,1.0,0.0,0.0,0.0,0.0,1.0,0.0,1.0,0.0,0.0,0.0,0.0,0
-0.6755944770682742,-0.47179931286883764,-0.5173407602003702,-1.1995476278143593,1.8472418210752108,-0.923644575175072,-0.2460957615600361,-1.4739225547387536,4,1.0,0.0,0.0,0.0,0.0,1.0,0.0,1.0,0.0,0.0,0.0,0.0,0
0.8602630621397109,-0.19834132817575503,0.8805545964611385,0.34405441297415956,0.4835597921183892,0.04719351843960194,0.48068417413818354,0.04288357249838344,3,1.0,0.0,0.0,0.0,0.0,1.0,0.0,0.0,1.0,0.0,0.0,0.0,0
0.5311507323094284,-0.4152932656957353,0.6654937723593679,-1.189325097742912,0.8063906397898,-1.0045477496429613,0.48068417413818354,0.14289276770083204,1,0.0,1.0,0.0,0.0,0.0,1.0,0.0,0.0,0.0,1.0,0.0,0.0,0
-1.1144109168419842,1.5616362947445324,-0.9474624084039113,0.5919507672067528,-1.072150930711944,-1.0045477496429613,-0.9728756972582557,-0.007121025102840856,4,0.0,1.0,1.0,0.0,0.0,0.0,0.0,0.0,0.0,0.0,0.0,1.0,0
0.20203840247914587,-0.5550088665909588,0.02031130005405623,-0.9337618459567335,0.8314378607298232,0.04719351843960194,0.11729420628907372,-0.8905355827244701,1,1.0,0.0,0.0,0.0,1.0,0.0,0.0,1.0,0.0,0.0,0.0,0.0,0
-1.7726355765025492,-0.4149706533156813,-1.270053644556567,1.1107441683326953,1.8583739192707764,2.150676054604728,-2.24474058473014,-0.9238719811252863,3,0.0,1.0,0.0,0.0,0.0,1.0,0.0,0.0,0.0,0.0,0.0,1.0,1
0.3117425124225734,-0.5828610687356246,0.45043294825759733,-1.035987146671205,-0.48771577544473477,-0.03370965602828762,0.11729420628907372,0.24290196290328064,1,0.0,1.0,0.0,0.0,0.0,1.0,0.0,0.0,0.0,0.0,0.0,1.0,1
0.3117425124225734,-0.41945301017188674,0.45043294825759733,-1.1586575075285706,-0.593470708302611,-0.923644575175072,-0.6094857294091459,-1.5572635507407941,3,0.0,1.0,0.0,0.0,0.0,1.0,0.0,0.0,0.0,1.0,0.0,0.0,0
-1.8823396864459767,-0.13175120009278163,-2.022766528912764,2.1329971754774095,1.80827947739073,1.098934786522165,-2.24474058473014,0.5095931501098102,2,1.0,0.0,1.0,0.0,0.0,0.0,0.0,0.0,0.0,0.0,1.0,0.0,0
0.09233429253571836,-0.2977450457633163,0.02031130005405623,-0.2999649815270105,-0.1760170259688901,-0.19551600496406651,0.29898919021362863,0.05955177169879154,5,0.0,1.0,1.0,0.0,0.0,0.0,0.0,1.0,0.0,0.0,0.0,0.0,0
-0.5658903671248466,-0.46271728556367986,-0.5173407602003702,0.08849116118798094,-0.07582814220879674,1.1798379609900547,0.48068417413818354,-0.6071761963175324,1,0.0,1.0,0.0,0.0,1.0,0.0,0.0,0.0,1.0,0.0,0.0,0.0,0
1.299079501913421,0.061571824621422175,0.9880850085120237,-0.5248606430988477,-0.07304511765990533,-0.8427414007071825,1.7525490616100678,-1.707277343544467,4,0.0,1.0,1.0,0.0,0.0,0.0,0.0,1.0,0.0,0.0,0.0,0.0,1
-0.23677803729456418,-0.39175233808451904,-0.3022799360985996,0.08849116118798094,1.9112513856997146,0.6135157397148282,0.29898919021362863,-0.5571715987163082,2,1.0,0.0,0.0,0.0,0.0,1.0,0.0,1.0,0.0,0.0,0.0,0.0,1
-0.12707392735113665,-0.4492555507959702,-0.19474952404771434,-1.117767387242782,0.11898357621360613,-0.8427414007071825,0.29898919021362863,1.292998512528991,5,1.0,0.0,0.0,0.0,0.0,1.0,0.0,0.0,0.0,0.0,0.0,1.0,0
-0.12707392735113665,-0.37456100868073006,-0.19474952404771434,-1.2915503984573835,-1.6037086195502153,-1.1663540985787406,0.11729420628907372,0.5095931501098102,1,0.0,1.0,0.0,0.0,0.0,1.0,0.0,0.0,0.0,0.0,0.0,1.0,0
-0.23677803729456418,0.008418990974336153,0.23537212415582678,-0.4635254626701648,-0.32351732706013797,-0.761838226239293,-0.06440077763548119,-1.040549375528143,5,0.0,1.0,1.0,0.0,0.0,0.0,0.0,0.0,0.0,0.0,1.0,0.0,0
1.8476000516305584,-0.48003081662658026,1.9558587169699913,-0.88704488353022,1.137570561107885,-0.3573223538998456,1.0257691259118482,0.7762843373163398,2,0.0,1.0,0.0,0.0,0.0,1.0,1.0,0.0,0.0,0.0,0.0,0.0,1
1.4087836118568484,-0.25697368421739536,1.2031458326137943,0.5996176647603382,0.021577717002404694,0.4517093907790493,1.570854077685513,0.14289276770083204,3,1.0,0.0,0.0,0.0,0.0,1.0,0.0,0.0,0.0,1.0,0.0,0.0,0
0.20203840247914587,-0.48553966741932125,0.34290253620671207,-1.3426630488146192,-1.1806888881187114,-1.1663540985787406,0.48068417413818354,0.6762751421138912,3,0.0,1.0,1.0,0.0,0.0,0.0,0.0,1.0,0.0,0.0,0.0,0.0,0
0.09233429253571836,-0.5907601839805843,0.1278417121049415,-1.3313160404353128,0.8425699589253889,-0.923644575175072,-0.06440077763548119,-0.9405401803256944,2,0.0,1.0,0.0,0.0,0.0,1.0,0.0,0.0,0.0,0.0,1.0,0.0,1
-0.12707392735113665,0.4790615728095422,0.02031130005405623,-1.3426630488146192,-0.38196084258685864,-1.3281604475145194,-0.2460957615600361,-0.6571807939187567,1,0.0,1.0,1.0,0.0,0.0,0.0,0.0,0.0,0.0,0.0,0.0,1.0,0
-0.6755944770682742,-0.28438596038926023,-0.4098103481494849,1.6218706719050526,-0.448753431760254,1.5034506588616126,-0.2460957615600361,0.9262981301200127,3,1.0,0.0,1.0,0.0,0.0,0.0,0.0,0.0,1.0,0.0,0.0,0.0,0
-0.6755944770682742,0.32537587824470576,-0.9474624084039113,0.5996176647603382,1.4715335069748616,-0.5191287028356245,0.29898919021362863,0.5762659469114426,3,1.0,0.0,0.0,0.0,0.0,1.0,0.0,0.0,0.0,0.0,0.0,1.0,1
-0.3464821472379917,-0.4316487357512025,-0.19474952404771434,-0.2181847409554334,0.8258718116320404,0.4517093907790493,0.11729420628907372,-2.90738768597385,1,0.0,1.0,1.0,0.0,0.0,0.0,1.0,0.0,0.0,0.0,0.0,0.0,0
-0.017369817407709147,-0.4847478006682795,-0.19474952404771434,-0.5248606430988477,-1.5480481285723857,0.2899030418432704,0.11729420628907372,0.14289276770083204,4,1.0,0.0,0.0,0.0,0.0,1.0,0.0,0.0,0.0,1.0,0.0,0.0,0
-0.8950026969551292,-0.24572135544641946,-0.9474624084039113,2.1329971754774095,1.80827947739073,1.7461601822652812,-0.7911807133337009,-0.8071945867224296,3,1.0,0.0,0.0,0.0,0.0,1.0,1.0,0.0,0.0,0.0,0.0,0.0,1
-0.017369817407709147,11.267796353647789,-0.4098103481494849,-0.581084558491807,0.14959684625141217,-1.3281604475145194,0.11729420628907372,-0.25714401310896234,1,0.0,1.0,0.0,0.0,0.0,1.0,0.0,0.0,0.0,0.0,0.0,1.0,0
0.5311507323094284,-0.47184330546611775,0.7730241844102532,0.8040682661892811,1.9557797784819784,2.4742887524762867,0.48068417413818354,0.17622916610164824,4,0.0,1.0,0.0,0.0,0.0,1.0,0.0,0.0,0.0,1.0,0.0,0.0,1
-2.101747906332832,-0.5139931017268151,-2.1302969409636496,0.7221858003169894,0.21638943542480757,3.121514148219403,-1.8813506168810303,0.04288357249838344,1,1.0,0.0,0.0,0.0,0.0,1.0,1.0,0.0,0.0,0.0,0.0,0.0,1
-1.1144109168419842,-0.5673512341612083,-0.8399319963530261,-0.4226353423843763,1.8472418210752108,1.584353833329502,-1.5179606490319204,0.009547174097567243,1,0.0,1.0,0.0,0.0,0.0,1.0,0.0,0.0,0.0,1.0,0.0,0.0,1
-0.6755944770682742,-0.5002527471763315,-0.6248711722512554,0.08849116118798094,1.8472418210752108,1.584353833329502,0.29898919021362863,0.8929617317191965,4,1.0,0.0,0.0,0.0,1.0,0.0,0.0,0.0,0.0,0.0,0.0,1.0,0
-0.12707392735113665,-0.28593058936042803,0.02031130005405623,-0.2181847409554334,-1.5230009076323625,-0.19551600496406651,-0.06440077763548119,-0.707185391519981,1,0.0,1.0,0.0,0.0,0.0,1.0,0.0,0.0,0.0,1.0,0.0,0.0,0
-0.12707392735113665,-0.4750596531339293,0.1278417121049415,-0.5376388056881566,2.0253553922042653,0.20899986737538084,-0.6094857294091459,0.05955177169879154,2,0.0,1.0,0.0,0.0,0.0,1.0,1.0,0.0,0.0,0.0,0.0,0.0,0
-0.8950026969551292,0.981207742363662,-0.7324015843021408,1.6218706719050526,-1.4283780729700524,-0.6000318773035141,-1.5179606490319204,-0.9405401803256944,2,0.0,1.0,1.0,0.0,0.0,0.0,0.0,0.0,0.0,0.0,0.0,1.0,0
1.9573041615739861,-0.1808371625246409,2.278449953122647,-0.8315365452422621,-0.20663029600669613,-0.8427414007071825,0.6623791580627385,0.9763027277212369,4,0.0,1.0,0.0,0.0,1.0,0.0,0.0,0.0,0.0,0.0,1.0,0.0,0
0.5311507323094284,-0.3818246752983105,0.7730241844102532,0.08849116118798094,-0.011818577584292759,0.5326125652469389,0.48068417413818354,-0.07379382190447326,3,1.0,0.0,1.0,0.0,0.0,0.0,0.0,0.0,0.0,0.0,0.0,1.0,0
-1.4435232466722667,1.9437804350512766,-1.7001752927601084,1.1107441683326953,1.0067684073099856,-0.923644575175072,-1.3362656651073657,0.5429295485106265,3,0.0,1.0,1.0,0.0,0.0,0.0,0.0,1.0,0.0,0.0,0.0,0.0,0
0.3117425124225734,-0.20901197704936078,0.23537212415582678,1.1107441683326953,0.31101227008711757,0.6944189141827177,-0.06440077763548119,0.642938743713075,1,0.0,1.0,0.0,0.0,0.0,1.0,0.0,1.0,0.0,0.0,0.0,0.0,1
-1.8823396864459767,-0.5871087984063362,-1.8077057048109935,-0.1579740388346097,-1.0554527834185952,3.0406109737515132,-1.8813506168810303,-2.6073601003665043,1,1.0,0.0,0.0,0.0,0.0,1.0,0.0,0.0,0.0,0.0,0.0,1.0,1
0.6408548422528559,-0.13991915898778629,0.23537212415582678,-0.6819809302969903,-1.3977648029322463,-0.8427414007071825,0.11729420628907372,1.5763578989359286,5,1.0,0.0,1.0,0.0,0.0,0.0,1.0,0.0,0.0,0.0,0.0,0.0,0
-0.4561862571814192,-0.6271860545285045,-0.5173407602003702,-0.9542069060996278,-1.2419154281943239,1.2607411354579443,-0.427790745484591,-1.8406229371477318,1,1.0,0.0,0.0,0.0,1.0,0.0,0.0,1.0,0.0,0.0,0.0,0.0,1
1.299079501913421,0.06042801709213965,1.7407978928682208,-0.5248606430988477,-0.07304511765990533,-0.8427414007071825,0.6623791580627385,0.9429663293204208,1,1.0,0.0,1.0,0.0,0.0,0.0,0.0,1.0,0.0,0.0,0.0,0.0,1
0.20203840247914587,-0.5376464548644139,0.45043294825759733,-1.2747854491402102,-1.0220564888318975,-0.923644575175072,0.11729420628907372,0.24290196290328064,1,0.0,1.0,0.0,0.0,0.0,1.0,0.0,1.0,0.0,0.0,0.0,0.0,0
-0.3464821472379917,1.2099057033574283,-0.5173407602003702,0.39516706333139523,0.8926644008054357,-0.923644575175072,0.48068417413818354,0.6929433413142994,3,1.0,0.0,1.0,0.0,0.0,0.0,0.0,0.0,0.0,0.0,1.0,0.0,0
1.1893753919699934,-0.5569201005394608,0.6654937723593679,-0.9950970263854163,0.18577616538700154,-0.11461283049617718,1.570854077685513,1.3596713093306232,2,0.0,1.0,0.0,0.0,0.0,1.0,0.0,0.0,0.0,1.0,0.0,0.0,0
-0.4561862571814192,-0.47657006564054594,-0.5173407602003702,0.5740613395817202,0.6032298477207224,2.150676054604728,0.29898919021362863,-1.0905539731293672,2,0.0,1.0,0.0,0.0,0.0,1.0,0.0,0.0,0.0,0.0,0.0,1.0,1
0.5311507323094284,-0.37898959680692645,0.7730241844102532,-1.035987146671205,-0.04799789671988212,-0.8427414007071825,-0.6094857294091459,0.19289736530205634,1,1.0,0.0,1.0,0.0,0.0,0.0,1.0,0.0,0.0,0.0,0.0,0.0,0
0.4214466223660009,-0.40371343647834096,0.1278417121049415,-0.4226353423843763,-0.4932818245425176,-0.03370965602828762,-0.06440077763548119,1.2096575165269503,5,1.0,0.0,1.0,0.0,0.0,0.0,1.0,0.0,0.0,0.0,0.0,0.0,0
0.09233429253571836,-0.41587005752674105,-0.19474952404771434,-0.9848744963139692,-1.7623410188370292,-0.6809350517714036,-0.06440077763548119,0.9929709269216451,2,0.0,1.0,1.0,0.0,0.0,0.0,0.0,0.0,0.0,0.0,0.0,1.0,0
-0.12707392735113665,0.07776598848686231,-0.08721911199682905,-0.6270859438133192,0.4835597921183892,-0.923644575175072,0.48068417413818354,1.0596437237232774,2,0.0,1.0,1.0,0.0,0.0,0.0,1.0,0.0,0.0,0.0,0.0,0.0,0
1.8476000516305584,-0.45079040363440914,1.848328304919106,-0.4635254626701648,-1.1389435198853393,0.20899986737538084,0.8440741419872934,1.0096391261220532,1,0.0,1.0,0.0,0.0,0.0,1.0,0.0,0.0,0.0,0.0,1.0,0.0,0
0.09233429253571836,-0.4143596450201244,0.34290253620671207,-0.8826491955994977,0.23865363181593938,-0.6000318773035141,0.48068417413818354,1.7597080901404176,5,0.0,1.0,0.0,0.0,0.0,1.0,0.0,0.0,0.0,1.0,0.0,0.0,0
1.1893753919699934,-0.5205577748542785,1.2031458326137943,-0.9337618459567335,0.2525687545603969,-0.19551600496406651,0.8440741419872934,0.809620735717156,3,0.0,1.0,0.0,0.0,0.0,1.0,0.0,0.0,0.0,0.0,0.0,1.0,0
0.09233429253571836,-0.22872554869720865,0.1278417121049415,-0.44308040252727054,-1.6037086195502153,-0.5191287028356245,0.48068417413818354,0.9262981301200127,5,0.0,1.0,1.0,0.0,0.0,0.0,0.0,0.0,0.0,0.0,0.0,1.0,0
-0.3464821472379917,-0.42987436766090525,-0.3022799360985996,-0.4226353423843763,1.262806665808001,0.1280966929074913,0.11729420628907372,-0.8905355827244701,1,0.0,1.0,0.0,0.0,0.0,1.0,0.0,0.0,0.0,0.0,1.0,0.0,0
-0.017369817407709147,-0.29636661104853995,0.1278417121049415,-0.9337618459567335,-1.1806888881187114,-0.8427414007071825,0.48068417413818354,1.159652918925726,4,0.0,1.0,1.0,0.0,0.0,0.0,0.0,0.0,0.0,0.0,0.0,1.0,0
-0.12707392735113665,-0.5265407680843717,-0.19474952404771434,-0.4635254626701648,0.4835597921183892,0.8562252631184969,0.29898919021362863,-0.2738122123093704,3,0.0,1.0,0.0,0.0,0.0,1.0,0.0,0.0,0.0,1.0,0.0,0.0,1
-0.12707392735113665,-0.5554830090283109,0.02031130005405623,-1.2915503984573835,-0.20663029600669613,-0.923644575175072,0.11729420628907372,-0.6571807939187567,1,0.0,1.0,1.0,0.0,0.0,0.0,0.0,0.0,0.0,1.0,0.0,0.0,0
-0.6755944770682742,-0.09320879680905225,-0.5173407602003702,0.5996176647603382,0.567050528585133,-0.03370965602828762,0.48068417413818354,-1.7572819411456913,1,0.0,1.0,0.0,0.0,0.0,1.0,1.0,0.0,0.0,0.0,0.0,0.0,0
-0.6755944770682742,-0.42828085802609284,-0.3022799360985996,-0.4226353423843763,0.4835597921183892,0.1280966929074913,0.29898919021362863,-2.390673510761199,2,0.0,1.0,1.0,0.0,0.0,0.0,0.0,0.0,0.0,1.0,0.0,0.0,0
-0.017369817407709147,-0.4040458249911239,0.1278417121049415,0.19071646190245237,0.34162554012492413,0.7753220886506074,-0.2460957615600361,1.159652918925726,3,0.0,1.0,1.0,0.0,0.0,0.0,0.0,0.0,0.0,0.0,0.0,1.0,0
-0.12707392735113665,0.7707276047102205,-0.3022799360985996,-0.9459266567417556,-0.35969664619572683,-1.1663540985787406,-0.2460957615600361,1.2763303133285828,3,0.0,1.0,1.0,0.0,0.0,0.0,0.0,0.0,0.0,0.0,0.0,1.0,0
0.8602630621397109,-0.2862580898068465,0.9880850085120237,-0.6270859438133192,-0.6769614447693548,-0.6000318773035141,0.48068417413818354,-0.09046202110488136,2,1.0,0.0,0.0,0.0,1.0,0.0,0.0,0.0,0.0,0.0,0.0,1.0,0
-0.017369817407709147,-0.15727668264796676,0.23537212415582678,-0.5658529886853507,0.9288437199410247,-0.6809350517714036,-0.06440077763548119,1.2429939149277667,2,1.0,0.0,1.0,0.0,0.0,0.0,0.0,0.0,0.0,1.0,0.0,0.0,1
0.09233429253571836,-0.34594626818320917,-0.08721911199682905,-1.2404377481001478,0.21638943542480757,-1.085450924110851,0.48068417413818354,0.7762843373163398,2,0.0,1.0,0.0,0.0,0.0,1.0,1.0,0.0,0.0,0.0,0.0,0.0,0
-2.321156126219687,-0.5431504175907904,-2.022766528912764,0.03737851083074522,0.7952585415942338,2.3124824035405074,-2.24474058473014,-2.5240191043644638,1,0.0,1.0,1.0,0.0,0.0,0.0,0.0,0.0,0.0,1.0,0.0,0.0,1
0.3117425124225734,-0.5200298636869173,0.23537212415582678,-0.8315365452422621,0.1969082635825677,-0.03370965602828762,-0.6094857294091459,0.476256751708994,1,1.0,0.0,0.0,0.0,0.0,1.0,0.0,0.0,0.0,0.0,0.0,1.0,1
1.079671282026566,-0.2788086766674168,0.7730241844102532,-0.7293112445277906,1.4103069668992496,-0.6809350517714036,1.7525490616100678,1.3596713093306232,2,0.0,1.0,0.0,0.0,0.0,1.0,0.0,1.0,0.0,0.0,0.0,0.0,1
-0.12707392735113665,-0.4708412518614044,0.1278417121049415,-0.5376388056881566,2.0253553922042653,0.20899986737538084,-0.6094857294091459,-0.9905447779269188,1,0.0,1.0,0.0,0.0,0.0,1.0,1.0,0.0,0.0,0.0,0.0,0.0,0
0.7505589521962834,-0.40374276487652766,0.5579633603084826,-0.4226353423843763,-0.7465370584916416,-0.03370965602828762,0.11729420628907372,0.5595977477110345,1,0.0,1.0,1.0,0.0,0.0,0.0,1.0,0.0,0.0,0.0,0.0,0.0,0
-0.23677803729456418,-0.4274938793414156,0.02031130005405623,0.5996176647603382,0.7952585415942338,1.584353833329502,-0.6094857294091459,0.8929617317191965,3,0.0,1.0,0.0,0.0,0.0,1.0,1.0,0.0,0.0,0.0,0.0,0.0,1
-0.3464821472379917,-0.1574135485061715,-0.6248711722512554,0.5996176647603382,0.8453529834742802,0.1280966929074913,0.29898919021362863,-0.04045742350365705,4,1.0,0.0,1.0,0.0,0.0,0.0,0.0,0.0,0.0,0.0,1.0,0.0,0
2.615528821234551,-0.4495243944460152,2.601041189275303,-0.7829795274028881,-0.4904987999936262,-0.2764191794319561,1.7525490616100678,1.292998512528991,1,0.0,1.0,0.0,0.0,0.0,1.0,0.0,0.0,0.0,1.0,0.0,0.0,0
0.9699671720831384,0.20043201390286597,0.7730241844102532,1.1107441683326953,1.065211922836707,-0.19551600496406651,1.570854077685513,0.9429663293204208,2,0.0,1.0,0.0,0.0,0.0,1.0,0.0,0.0,0.0,0.0,1.0,0.0,1
0.3117425124225734,-0.5559180469347474,0.23537212415582678,-1.035987146671205,0.4835597921183892,-0.2764191794319561,-0.2460957615600361,-0.5238352003154919,2,0.0,1.0,1.0,0.0,0.0,0.0,0.0,0.0,0.0,0.0,0.0,1.0,0
2.5058247112911234,-0.15117637582512666,2.7085716013261885,1.1107441683326953,-0.4904987999936262,0.4517093907790493,2.2976340133837327,0.642938743713075,1,0.0,1.0,1.0,0.0,0.0,0.0,0.0,0.0,0.0,0.0,1.0,0.0,0
-2.101747906332832,-0.311583161641089,-2.1302969409636496,2.1329971754774095,0.9678060636255055,2.2315792290726177,-2.24474058473014,0.4095839549073616,3,1.0,0.0,0.0,0.0,0.0,1.0,0.0,0.0,0.0,1.0,0.0,0.0,1
-0.5658903671248466,-0.6132990579870873,-0.5173407602003702,-1.1382124473856763,0.5169560867050866,0.04719351843960194,0.48068417413818354,0.5929341461118507,1,1.0,0.0,0.0,0.0,0.0,1.0,0.0,0.0,0.0,0.0,0.0,1.0,1
1.299079501913421,-0.3158553316436229,0.9880850085120237,-0.4635254626701648,1.1793159293412572,-0.3573223538998456,1.0257691259118482,-0.007121025102840856,1,0.0,1.0,1.0,0.0,0.0,0.0,0.0,0.0,0.0,0.0,1.0,0.0,0
0.7505589521962834,-0.2400267581318291,0.34290253620671207,-0.6270859438133192,-1.5925765213546492,-0.6809350517714036,0.48068417413818354,0.15956096690124014,3,0.0,1.0,1.0,0.0,0.0,0.0,1.0,0.0,0.0,0.0,0.0,0.0,0
0.20203840247914587,-0.44804819840394977,-0.08721911199682905,-0.09551438009806765,-1.5536141776701688,0.6944189141827177,-0.06440077763548119,-0.6905171923195729,3,0.0,1.0,1.0,0.0,0.0,0.0,0.0,0.0,0.0,1.0,0.0,0.0,0
-0.4561862571814192,-0.47627678165867865,-0.4098103481494849,-1.3043285610466924,-1.3476703610521998,-1.085450924110851,-0.6094857294091459,0.5929341461118507,5,1.0,0.0,0.0,0.0,0.0,1.0,0.0,0.0,0.0,0.0,0.0,1.0,0
-0.5658903671248466,-0.22646726203683035,-0.6248711722512554,2.1329971754774095,0.0661061097846683,1.584353833329502,0.48068417413818354,-0.22380761470814614,3,0.0,1.0,0.0,0.0,0.0,1.0,0.0,0.0,1.0,0.0,0.0,0.0,1
-1.9920437963894042,-0.47894566589367116,-2.022766528912764,1.1107441683326953,-0.46545157905360296,3.121514148219403,-2.24474058473014,-1.373913359536305,4,1.0,0.0,1.0,0.0,0.0,0.0,0.0,0.0,0.0,1.0,0.0,0.0,0
0.09233429253571836,-0.4160020353185814,0.1278417121049415,0.08849116118798094,0.18577616538700154,0.7753220886506074,-0.427790745484591,1.4096759069318476,3,1.0,0.0,0.0,0.0,0.0,1.0,0.0,0.0,0.0,0.0,1.0,0.0,1
-0.7852985870117017,1.7372694072857726,-0.7324015843021408,0.13960381154521667,1.3073350585902648,-1.085450924110851,-0.7911807133337009,1.0429755245228693,3,0.0,1.0,1.0,0.0,0.0,0.0,0.0,0.0,1.0,0.0,0.0,0.0,0
0.6408548422528559,-0.40464216908758743,0.8805545964611385,-1.035987146671205,-1.1333774707875566,-0.761838226239293,-0.6094857294091459,-0.057125622704065154,1,1.0,0.0,0.0,0.0,0.0,1.0,0.0,1.0,0.0,0.0,0.0,0.0,0
0.3117425124225734,0.35941148434040743,0.45043294825759733,-0.4226353423843763,-1.6037086195502153,-0.923644575175072,-0.6094857294091459,0.9596345285208289,2,1.0,0.0,1.0,0.0,0.0,0.0,0.0,0.0,0.0,1.0,0.0,0.0,0
0.8602630621397109,-0.5855837217006262,0.7730241844102532,-1.035987146671205,-0.20663029600669613,0.04719351843960194,-0.427790745484591,1.1763211181261342,2,1.0,0.0,0.0,0.0,0.0,1.0,0.0,1.0,0.0,0.0,0.0,0.0,1
-0.12707392735113665,-0.31631480988188165,-0.5173407602003702,0.873888146577265,-0.6658293465737892,1.0180316120542756,-0.427790745484591,0.6929433413142994,5,0.0,1.0,1.0,0.0,0.0,0.0,0.0,0.0,0.0,0.0,0.0,1.0,0
0.20203840247914587,-0.485407689627481,0.23537212415582678,-1.3426630488146192,-1.1806888881187114,-1.1663540985787406,-0.06440077763548119,-1.8239547379473238,1,0.0,1.0,1.0,0.0,0.0,0.0,0.0,1.0,0.0,0.0,0.0,0.0,0
-0.4561862571814192,-0.5559033827356541,-0.5173407602003702,-0.7088661843848962,-0.30681917976678896,0.6135157397148282,-0.06440077763548119,-2.6740328971681366,1,0.0,1.0,0.0,0.0,0.0,1.0,0.0,0.0,0.0,1.0,0.0,0.0,0
-1.7726355765025492,-0.3804364644508052,-2.1302969409636496,1.0806899299226407,1.3796936968614435,1.7461601822652812,-1.5179606490319204,-2.1239823235546695,2,1.0,0.0,1.0,0.0,0.0,0.0,0.0,0.0,0.0,0.0,1.0,0.0,1
-1.3338191367288392,1.4853971236581243,-1.7001752927601084,-1.1995476278143593,-0.21219634510447896,-1.2472572730466298,-1.6996556329564754,-0.9405401803256944,4,1.0,0.0,0.0,0.0,1.0,0.0,0.0,0.0,1.0,0.0,0.0,0.0,0
-1.0047068068985567,1.591517044430447,-0.8399319963530261,2.1329971754774095,-0.21219634510447896,-0.761838226239293,-1.1545706811828107,-1.373913359536305,1,0.0,1.0,1.0,0.0,0.0,0.0,0.0,0.0,0.0,1.0,0.0,0.0,0
-0.12707392735113665,0.036129439194432775,0.02031130005405623,0.08593552867011915,-1.5925765213546492,-0.5191287028356245,0.29898919021362863,-0.07379382190447326,1,1.0,0.0,1.0,0.0,0.0,0.0,0.0,0.0,0.0,0.0,0.0,1.0,0
-1.7726355765025492,-0.3153763011399063,-2.1302969409636496,1.4174200704761097,-1.072150930711944,1.5034506588616126,-1.3362656651073657,-2.223991518757118,3,0.0,1.0,0.0,0.0,0.0,1.0,0.0,0.0,0.0,1.0,0.0,0.0,1
-0.4561862571814192,3.4362830665085746,-0.5173407602003702,1.1107441683326953,0.16072894444697833,-1.085450924110851,-0.2460957615600361,-1.4405861563379374,2,0.0,1.0,1.0,0.0,0.0,0.0,0.0,0.0,0.0,0.0,1.0,0.0,0
0.6408548422528559,-0.5322598057307842,0.34290253620671207,-0.6781985941705548,-1.1166793234942074,0.4517093907790493,0.48068417413818354,0.476256751708994,4,0.0,1.0,1.0,0.0,0.0,0.0,0.0,1.0,0.0,0.0,0.0,0.0,0
-0.6755944770682742,-0.5673219057630214,-0.5173407602003702,-0.6270859438133192,-1.325406164661068,1.0180316120542756,0.48068417413818354,-1.0072129771273268,2,0.0,1.0,1.0,0.0,0.0,0.0,0.0,1.0,0.0,0.0,0.0,0.0,0
1.518487721800276,0.47411484964871353,1.7407978928682208,-1.1526262147864168,-0.14818678047997497,-1.2472572730466298,1.0257691259118482,0.19289736530205634,1,0.0,1.0,1.0,0.0,0.0,0.0,1.0,0.0,0.0,0.0,0.0,0.0,0
0.8602630621397109,-0.1702838272437821,0.8805545964611385,1.008518867618224,-0.10922443679549469,0.4517093907790493,-0.2460957615600361,0.42625215410776973,1,0.0,1.0,1.0,0.0,0.0,0.0,0.0,0.0,0.0,0.0,0.0,1.0,0
-0.6755944770682742,0.8376110167750612,-0.6248711722512554,1.008518867618224,-0.3151682534134637,-0.6809350517714036,0.29898919021362863,-0.6571807939187567,1,0.0,1.0,1.0,0.0,0.0,0.0,0.0,0.0,0.0,1.0,0.0,0.0,1
-0.6755944770682742,-0.37650157102741877,-0.8399319963530261,0.6507303151175738,-1.3476703610521998,1.1798379609900547,0.48068417413818354,-0.5405033995159,2,0.0,1.0,1.0,0.0,0.0,0.0,0.0,0.0,0.0,0.0,0.0,1.0,0
0.8602630621397109,-0.5204257970624382,0.8805545964611385,-0.9337618459567335,0.30266319644044337,-0.19551600496406651,0.11729420628907372,0.8762935325187884,3,0.0,1.0,0.0,0.0,0.0,1.0,0.0,0.0,0.0,0.0,0.0,1.0,0
-0.12707392735113665,-0.1572278019843222,0.1278417121049415,-0.2181847409554334,-1.1389435198853393,-0.4382255283677351,-0.2460957615600361,0.9096299309196046,1,0.0,1.0,1.0,0.0,0.0,0.0,0.0,1.0,0.0,0.0,0.0,0.0,0
1.737895941687131,-0.39566767924244767,1.418206656715565,-0.06484678988372622,-0.04799789671988212,0.4517093907790493,1.2074641098364032,1.659698894937969,3,0.0,1.0,0.0,0.0,0.0,1.0,0.0,0.0,0.0,0.0,1.0,0.0,0
-0.017369817407709147,-0.11752692697221695,0.02031130005405623,1.0340751927968417,0.6867205841874667,0.2899030418432704,-0.06440077763548119,-0.19047121630732994,2,0.0,1.0,1.0,0.0,0.0,0.0,0.0,0.0,0.0,1.0,0.0,0.0,1
0.5311507323094284,-0.497520318078601,0.02031130005405623,-1.2915503984573835,0.12454962531138895,-1.0045477496429613,1.2074641098364032,-1.2739041643338564,2,0.0,1.0,0.0,0.0,0.0,1.0,0.0,0.0,0.0,1.0,0.0,0.0,0
-0.017369817407709147,-0.21109918138698314,0.1278417121049415,-0.2181847409554334,1.2266273466724122,-0.3573223538998456,-0.06440077763548119,0.24290196290328064,1,1.0,0.0,0.0,1.0,0.0,0.0,0.0,1.0,0.0,0.0,0.0,0.0,1
-1.4435232466722667,-0.4615148212380239,-1.3775840566074524,1.1107441683326953,0.029926790649078935,2.7979014503478448,-1.5179606490319204,1.0596437237232774,3,0.0,1.0,1.0,0.0,0.0,0.0,0.0,0.0,1.0,0.0,0.0,0.0,0
-1.7726355765025492,-0.3469727621197448,-2.022766528912764,1.6529471633222519,0.5336542339984356,2.069772880136839,-1.8813506168810303,-2.073977725953445,3,0.0,1.0,1.0,0.0,0.0,0.0,0.0,1.0,0.0,0.0,0.0,0.0,0
0.09233429253571836,-0.1250643253062069,0.45043294825759733,1.008518867618224,-0.21219634510447896,0.2899030418432704,-0.06440077763548119,1.2596621141281747,2,0.0,1.0,1.0,0.0,0.0,0.0,0.0,0.0,0.0,0.0,0.0,1.0,0
-0.4561862571814192,1.0980080881423195,-0.4098103481494849,0.08849116118798094,-0.3151682534134637,-1.0045477496429613,0.48068417413818354,0.7096115405147074,1,1.0,0.0,1.0,0.0,0.0,0.0,0.0,0.0,0.0,0.0,0.0,1.0,0
-1.6629314665591217,0.30102353161698986,-1.8077057048109935,1.1107441683326953,1.271155739454676,-0.3573223538998456,-0.7911807133337009,-3.5907838531905822,2,0.0,1.0,0.0,0.0,0.0,1.0,0.0,0.0,0.0,0.0,1.0,0.0,0
-0.23677803729456418,-0.40358145868650064,0.1278417121049415,-0.8315365452422621,0.8926644008054357,-0.5191287028356245,0.11729420628907372,1.5930260981363367,2,0.0,1.0,1.0,0.0,0.0,0.0,0.0,0.0,0.0,0.0,1.0,0.0,0
2.5058247112911234,0.006722831945870194,2.3859803651735323,-0.2181847409554334,-0.07582814220879674,-0.6809350517714036,1.2074641098364032,1.142984719725318,5,0.0,1.0,1.0,0.0,0.0,0.0,0.0,0.0,0.0,0.0,1.0,0.0,0
-0.12707392735113665,-0.34511040883488736,-0.3022799360985996,0.9880738074753296,-1.3476703610521998,1.3416443099258337,0.11729420628907372,1.7430398909400096,5,0.0,1.0,0.0,0.0,0.0,1.0,0.0,0.0,1.0,0.0,0.0,0.0,1
1.4087836118568484,-0.12750347042207005,1.5257370687664502,0.29294176261692384,-0.20663029600669613,-0.19551600496406651,2.8427189651573976,-1.3905815587367132,2,0.0,1.0,1.0,0.0,0.0,0.0,0.0,0.0,0.0,0.0,1.0,0.0,0
-0.12707392735113665,-0.1221705900184494,-0.4098103481494849,-0.9337618459567335,-0.21219634510447896,-1.0045477496429613,0.48068417413818354,-1.85729113634814,1,0.0,1.0,1.0,0.0,0.0,0.0,0.0,0.0,0.0,1.0,0.0,0.0,0
0.9699671720831384,-0.20329293940294818,0.8805545964611385,-0.2181847409554334,-1.1862549372164943,-0.3573223538998456,1.570854077685513,0.39291575570695353,1,0.0,1.0,0.0,0.0,0.0,1.0,0.0,0.0,1.0,0.0,0.0,0.0,0
-0.8950026969551292,0.9744573227143495,-0.5173407602003702,0.7018429654748096,-0.011818577584292759,-0.8427414007071825,-0.7911807133337009,0.8596253333183803,2,1.0,0.0,0.0,0.0,0.0,1.0,0.0,1.0,0.0,0.0,0.0,0.0,0
0.3117425124225734,-0.5657675006591247,0.5579633603084826,-1.189325097742912,-1.6037086195502153,-0.6000318773035141,-0.6094857294091459,-0.6071761963175324,2,0.0,1.0,0.0,0.0,0.0,1.0,0.0,0.0,0.0,0.0,0.0,1.0,0
0.4214466223660009,-0.38626303955723584,0.1278417121049415,-1.1586575075285706,-1.389415729285572,-1.0045477496429613,-0.06440077763548119,0.826288934917564,3,0.0,1.0,1.0,0.0,0.0,0.0,0.0,0.0,0.0,1.0,0.0,0.0,0
-0.8950026969551292,0.31314104813447435,-0.9474624084039113,0.08849116118798094,0.8926644008054357,-0.761838226239293,-1.6996556329564754,0.626270544512667,5,1.0,0.0,1.0,0.0,0.0,0.0,0.0,0.0,0.0,0.0,1.0,0.0,0
0.6408548422528559,-0.34658171681058836,0.45043294825759733,1.1344604380984527,-0.45710250540692876,1.5034506588616126,0.6623791580627385,-0.9572083795261025,1,0.0,1.0,0.0,0.0,0.0,1.0,0.0,1.0,0.0,0.0,0.0,0.0,1
0.9699671720831384,-0.47768454477164174,0.7730241844102532,-1.1382124473856763,-0.3151682534134637,-0.761838226239293,2.8427189651573976,1.1929893173265422,3,1.0,0.0,0.0,0.0,0.0,1.0,0.0,0.0,0.0,1.0,0.0,0.0,1
-0.5658903671248466,3.8695857093857073,-0.6248711722512554,-0.6547890003069409,0.03549283974686225,-1.2472572730466298,0.11729420628907372,-0.39048960671222716,2,1.0,0.0,1.0,0.0,0.0,0.0,0.0,0.0,0.0,0.0,1.0,0.0,0
-1.6629314665591217,0.8180783035826982,-2.022766528912764,2.1329971754774095,1.9168174347974976,-0.4382255283677351,-1.3362656651073657,-0.3071486107101866,2,0.0,1.0,0.0,0.0,0.0,1.0,0.0,1.0,0.0,0.0,0.0,0.0,1
0.09233429253571836,-0.19269561152480927,-0.19474952404771434,-1.2199926879572536,-0.20663029600669613,-1.1663540985787406,0.29898919021362863,0.22623376370287254,4,0.0,1.0,1.0,0.0,0.0,0.0,0.0,0.0,0.0,0.0,0.0,1.0,0
0.09233429253571836,-0.5378615297844499,0.1278417121049415,-0.03929046470510836,0.9900702600166372,1.9888697056689495,0.11729420628907372,0.42625215410776973,2,1.0,0.0,0.0,0.0,0.0,1.0,0.0,0.0,0.0,0.0,1.0,0.0,1
0.7505589521962834,-0.4506584258425688,0.7730241844102532,0.26738543743830595,-0.21219634510447896,1.3416443099258337,-0.427790745484591,-1.1738949691314078,2,0.0,1.0,1.0,0.0,0.0,0.0,0.0,1.0,0.0,0.0,0.0,0.0,0
-0.23677803729456418,0.03615387952625505,-0.3022799360985996,-0.40219028224148196,-1.1862549372164943,-0.761838226239293,-0.2460957615600361,1.0096391261220532,5,1.0,0.0,1.0,0.0,0.0,0.0,0.0,0.0,0.0,0.0,1.0,0.0,0
0.9699671720831384,-0.28114028432326194,1.3106762446646796,-0.7293112445277906,-0.20663029600669613,-0.6809350517714036,1.2074641098364032,1.0263073253224613,5,0.0,1.0,0.0,0.0,0.0,1.0,0.0,0.0,0.0,0.0,0.0,1.0,0
0.6408548422528559,-0.3740037691151821,0.7730241844102532,-0.4226353423843763,-0.20663029600669613,-0.11461283049617718,-0.6094857294091459,1.3930077077314396,1,1.0,0.0,1.0,0.0,0.0,0.0,0.0,0.0,1.0,0.0,0.0,0.0,0
1.9573041615739861,-0.12221947068209395,2.0633891290208766,0.08849116118798094,1.262806665808001,-0.2764191794319561,2.6610239812328427,-0.22380761470814614,1,0.0,1.0,0.0,0.0,0.0,1.0,0.0,0.0,1.0,0.0,0.0,0.0,1
1.079671282026566,-0.31703824370382105,1.095615420562909,-0.9337618459567335,-0.1370546822844093,-0.8427414007071825,1.9342440455346228,1.1929893173265422,3,0.0,1.0,0.0,0.0,0.0,1.0,0.0,0.0,0.0,0.0,1.0,0.0,0
1.9573041615739861,-0.12162312658563042,2.0633891290208766,0.08849116118798094,1.262806665808001,-0.2764191794319561,1.9342440455346228,-0.32381680991059475,4,0.0,1.0,0.0,0.0,0.0,1.0,1.0,0.0,0.0,0.0,0.0,0.0,1
-0.23677803729456418,2.529766718888532,-0.3022799360985996,-0.6270859438133192,-0.27898893427787436,-1.2472572730466298,-0.06440077763548119,-0.12379841950569755,2,1.0,0.0,1.0,0.0,0.0,0.0,0.0,0.0,0.0,1.0,0.0,0.0,0
-1.9920437963894042,-0.23436637728178997,-1.592644880709223,2.1329971754774095,-0.1788000505177815,1.6652570077973916,-1.8813506168810303,-1.0905539731293672,1,1.0,0.0,0.0,0.0,0.0,1.0,0.0,0.0,0.0,1.0,0.0,0.0,1
-0.12707392735113665,-0.4442746111705903,-0.08721911199682905,0.8858485067608581,0.12733264986028087,2.150676054604728,-0.6094857294091459,0.009547174097567243,2,0.0,1.0,0.0,0.0,1.0,0.0,0.0,0.0,0.0,0.0,0.0,1.0,0
-0.6755944770682742,-0.48488466652648426,-0.7324015843021408,-0.4226353423843763,1.262806665808001,0.5326125652469389,0.48068417413818354,-1.0738857739289591,1,0.0,1.0,0.0,0.0,1.0,0.0,0.0,0.0,0.0,1.0,0.0,0.0,0
0.4214466223660009,-0.4094080337929313,0.34290253620671207,-1.1586575075285706,-0.32351732706013797,-0.923644575175072,-0.2460957615600361,-1.4072497579371213,2,1.0,0.0,0.0,0.0,0.0,1.0,0.0,0.0,0.0,1.0,0.0,0.0,0
0.6408548422528559,-0.3102976001872373,0.34290253620671207,-0.16962772311605945,-1.4283780729700524,-0.03370965602828762,-0.6094857294091459,1.0263073253224613,3,0.0,1.0,1.0,0.0,0.0,0.0,0.0,0.0,1.0,0.0,0.0,0.0,0
-0.8950026969551292,1.3960041659849673,-0.8399319963530261,-0.0137341395264905,1.9168174347974976,-1.085450924110851,-0.9728756972582557,-0.8571991843236539,3,1.0,0.0,1.0,0.0,0.0,0.0,0.0,0.0,1.0,0.0,0.0,0.0,0
-0.23677803729456418,-0.572879637219407,-0.3022799360985996,-0.8890893895445094,-1.6176237422946724,0.37080621631115973,-0.2460957615600361,1.0263073253224613,1,1.0,0.0,0.0,0.0,0.0,1.0,0.0,0.0,0.0,0.0,0.0,1.0,0
0.7505589521962834,-0.1685485636844005,0.34290253620671207,-0.2181847409554334,-0.20663029600669613,-0.4382255283677351,0.29898919021362863,-0.023789224303248955,2,1.0,0.0,0.0,0.0,0.0,1.0,0.0,1.0,0.0,0.0,0.0,0.0,0
1.079671282026566,3.3994221580542177,1.095615420562909,-0.5459190550460288,-0.19549819781112998,-1.2472572730466298,2.2976340133837327,0.5595977477110345,4,1.0,0.0,1.0,0.0,0.0,0.0,1.0,0.0,0.0,0.0,0.0,0.0,0
-0.7852985870117017,-0.408782361298281,-0.7324015843021408,1.008518867618224,0.9594569899788307,1.9079665312010603,-0.7911807133337009,-0.9405401803256944,4,1.0,0.0,0.0,0.0,0.0,1.0,1.0,0.0,0.0,0.0,0.0,0.0,1
-1.4435232466722667,2.12068933291364,-1.8077057048109935,-0.7804238948850263,-1.7623410188370292,-1.2472572730466298,-0.9728756972582557,0.5929341461118507,3,1.0,0.0,1.0,0.0,0.0,0.0,1.0,0.0,0.0,0.0,0.0,0.0,0
0.8602630621397109,-0.4510396950189963,0.7730241844102532,-0.9337618459567335,0.9900702600166372,-0.5191287028356245,-0.427790745484591,-0.10713022030528944,4,0.0,1.0,0.0,0.0,0.0,1.0,0.0,0.0,0.0,1.0,0.0,0.0,1
-1.8823396864459767,-0.14399580633574194,-1.3775840566074524,2.1329971754774095,-1.1862549372164943,1.1798379609900547,-2.063045600805585,-0.8905355827244701,1,1.0,0.0,1.0,0.0,0.0,0.0,0.0,0.0,0.0,0.0,1.0,0.0,0
0.09233429253571836,-0.2964594843094646,0.23537212415582678,-0.4635254626701648,0.4835597921183892,-0.3573223538998456,0.29898919021362863,-0.14046661870610566,1,0.0,1.0,1.0,0.0,0.0,0.0,0.0,0.0,0.0,0.0,0.0,1.0,1
-0.3464821472379917,-0.519951654625086,-0.4098103481494849,-0.581084558491807,-1.6037086195502153,0.5326125652469389,0.29898919021362863,-2.0906459251538534,2,0.0,1.0,0.0,0.0,0.0,1.0,0.0,0.0,0.0,0.0,0.0,1.0,0
-2.101747906332832,-0.3665299156439301,-2.1302969409636496,1.6218706719050526,1.3184671567858304,2.2315792290726177,-2.24474058473014,0.07621997089919964,1,0.0,1.0,1.0,0.0,0.0,0.0,0.0,0.0,0.0,1.0,0.0,0.0,1
-0.12707392735113665,-0.16324989974533105,0.02031130005405623,-1.1995476278143593,-0.28177195882676576,-1.1663540985787406,0.29898919021362863,-0.6405125947183486,2,0.0,1.0,1.0,0.0,0.0,0.0,0.0,0.0,0.0,0.0,0.0,1.0,0
0.9699671720831384,-0.24443090592620326,0.9880850085120237,0.08849116118798094,-0.4904987999936262,-0.03370965602828762,1.0257691259118482,0.6596069429134831,4,1.0,0.0,1.0,0.0,0.0,0.0,0.0,0.0,0.0,0.0,1.0,0.0,0
1.299079501913421,-0.4661878126824431,0.9880850085120237,0.5996176647603382,-0.29012103247344,2.069772880136839,0.8440741419872934,0.8929617317191965,3,0.0,1.0,1.0,0.0,0.0,0.0,0.0,0.0,0.0,0.0,1.0,0.0,0
-0.12707392735113665,-0.5031513705304534,-0.19474952404771434,-1.3426630488146192,-1.2419154281943239,-1.1663540985787406,0.48068417413818354,-0.14046661870610566,1,0.0,1.0,0.0,0.0,1.0,0.0,0.0,0.0,0.0,1.0,0.0,0.0,0
0.20203840247914587,-0.12267406085398828,0.1278417121049415,-0.9337618459567335,1.1709668556945831,-1.0045477496429613,-0.2460957615600361,0.5429295485106265,1,0.0,1.0,0.0,0.0,0.0,1.0,0.0,0.0,1.0,0.0,0.0,0.0,0
0.20203840247914587,0.3316032747930217,0.23537212415582678,0.08849116118798094,-1.1389435198853393,-0.761838226239293,0.48068417413818354,0.5595977477110345,1,0.0,1.0,1.0,0.0,0.0,0.0,0.0,0.0,1.0,0.0,0.0,0.0,0
0.6408548422528559,-0.2870499565578883,0.8805545964611385,0.7631781459034924,-1.1806888881187114,0.6944189141827177,-0.6094857294091459,0.22623376370287254,2,0.0,1.0,1.0,0.0,0.0,0.0,0.0,0.0,1.0,0.0,0.0,0.0,0
-0.6755944770682742,-0.1694333036963669,-0.8399319963530261,1.6218706719050526,1.1793159293412572,0.9371284375863864,-0.6094857294091459,-0.6738489931191648,2,1.0,0.0,0.0,0.0,0.0,1.0,0.0,0.0,0.0,0.0,1.0,0.0,1
0.7505589521962834,-0.3168720494474296,1.2031458326137943,-0.4226353423843763,1.3184671567858304,-0.2764191794319561,-0.427790745484591,-1.4739225547387536,3,1.0,0.0,1.0,0.0,0.0,0.0,0.0,0.0,0.0,1.0,0.0,0.0,1
1.079671282026566,-0.1970704309209967,0.9880850085120237,-1.3426630488146192,-0.7938484758227966,-1.2472572730466298,2.4793289973082877,-0.14046661870610566,1,0.0,1.0,0.0,0.0,0.0,1.0,0.0,0.0,0.0,1.0,0.0,0.0,0
-0.4561862571814192,-0.3629127465342333,-0.6248711722512554,0.08849116118798094,1.3657785741169859,0.4517093907790493,0.29898919021362863,-2.0573095267530372,1,0.0,1.0,0.0,0.0,0.0,1.0,0.0,1.0,0.0,0.0,0.0,0.0,0
2.2864164914042684,-0.4786914864427195,2.493510777224418,-0.8877604606352213,1.1709668556945831,-0.3573223538998456,1.3891590937609581,0.19289736530205634,4,1.0,0.0,0.0,0.0,0.0,1.0,1.0,0.0,0.0,0.0,0.0,0.0,1
-0.017369817407709147,-0.5493240454090974,-0.19474952404771434,-0.4226353423843763,0.8592681062187378,1.2607411354579443,-0.06440077763548119,0.34291115810572925,1,1.0,0.0,0.0,0.0,0.0,1.0,0.0,0.0,1.0,0.0,0.0,0.0,1
0.6408548422528559,-0.3451592894985319,0.45043294825759733,-0.6270859438133192,-0.38474386713575054,-0.4382255283677351,0.48068417413818354,1.0596437237232774,1,1.0,0.0,1.0,0.0,0.0,0.0,0.0,0.0,0.0,1.0,0.0,0.0,0
-0.3464821472379917,-0.12069928204274838,-0.19474952404771434,2.1329971754774095,1.1793159293412572,1.0180316120542756,0.11729420628907372,0.9096299309196046,3,0.0,1.0,1.0,0.0,0.0,0.0,0.0,0.0,1.0,0.0,0.0,0.0,0
-0.23677803729456418,0.3701750064749378,0.02031130005405623,1.1107441683326953,1.201580125732389,-0.4382255283677351,-0.427790745484591,0.009547174097567243,1,0.0,1.0,1.0,0.0,0.0,0.0,0.0,0.0,1.0,0.0,0.0,0.0,0
-1.6629314665591217,0.8510776396091353,-1.592644880709223,2.1329971754774095,-0.20663029600669613,-0.4382255283677351,-1.6996556329564754,-1.0905539731293672,3,0.0,1.0,1.0,0.0,0.0,0.0,0.0,0.0,0.0,1.0,0.0,0.0,0
-0.8950026969551292,-0.23899048806256462,-0.8399319963530261,0.08849116118798094,1.2934199358458072,-0.03370965602828762,-1.6996556329564754,1.5430215005351124,5,0.0,1.0,0.0,0.0,0.0,1.0,1.0,0.0,0.0,0.0,0.0,0.0,1
0.3117425124225734,-0.05079015689830988,0.02031130005405623,0.5996176647603382,-0.1788000505177815,-0.11461283049617718,0.29898919021362863,0.3262429589053211,1,0.0,1.0,1.0,0.0,0.0,0.0,0.0,0.0,0.0,0.0,1.0,0.0,0
1.4087836118568484,-0.3996367891303853,1.5257370687664502,-0.6270859438133192,-1.6593691105280446,-0.2764191794319561,2.115939029459178,-1.057217574728551,1,1.0,0.0,0.0,0.0,0.0,1.0,0.0,0.0,0.0,0.0,1.0,0.0,0
2.5058247112911234,-0.3555464305229992,2.278449953122647,-1.1382124473856763,-0.20663029600669613,-1.0045477496429613,2.2976340133837327,0.27623836130409685,1,0.0,1.0,0.0,0.0,0.0,1.0,0.0,1.0,0.0,0.0,0.0,0.0,0
-1.2241150267854117,0.9179659397403405,-1.1625232325056818,1.6218706719050526,-0.32351732706013797,-0.6000318773035141,-1.1545706811828107,0.3595793573061373,3,1.0,0.0,1.0,0.0,0.0,0.0,0.0,0.0,0.0,0.0,1.0,0.0,0
-1.3338191367288392,-0.5466747134395626,-1.270053644556567,-0.05513538631585144,0.1328986989580637,2.150676054604728,-0.9728756972582557,-3.090737877178339,3,1.0,0.0,0.0,0.0,1.0,0.0,0.0,0.0,0.0,0.0,0.0,1.0,0
-2.101747906332832,0.9282553194375187,-2.022766528912764,2.1329971754774095,-0.20663029600669613,-0.5191287028356245,-1.8813506168810303,-0.6905171923195729,3,0.0,1.0,0.0,0.0,1.0,0.0,0.0,0.0,0.0,0.0,1.0,0.0,0
0.09233429253571836,-0.41616822957497285,0.23537212415582678,-0.3817452220985877,-1.6037086195502153,0.1280966929074913,0.48068417413818354,-0.9572083795261025,2,1.0,0.0,1.0,0.0,0.0,0.0,0.0,0.0,0.0,0.0,0.0,1.0,0
1.299079501913421,-0.4156256542085183,0.8805545964611385,-0.8315365452422621,-1.0443206852230293,-0.5191287028356245,1.0257691259118482,1.326334910929807,5,1.0,0.0,0.0,0.0,1.0,0.0,0.0,0.0,0.0,0.0,1.0,0.0,0
0.20203840247914587,1.2721747807742232,-0.4098103481494849,-0.3351304849727887,-0.0034695039376185185,-1.085450924110851,-0.06440077763548119,-0.25714401310896234,3,1.0,0.0,0.0,0.0,1.0,0.0,0.0,0.0,0.0,0.0,0.0,1.0,0
1.1893753919699934,1.0921228562395153,1.2031458326137943,-0.9337618459567335,-0.7994145249205795,-1.2472572730466298,2.6610239812328427,0.809620735717156,2,0.0,1.0,0.0,0.0,0.0,1.0,0.0,0.0,0.0,0.0,0.0,1.0,0
-0.6755944770682742,1.8251812808504997,-0.19474952404771434,1.1107441683326953,0.569833553134025,-0.923644575175072,0.29898919021362863,0.20956556450246444,2,0.0,1.0,0.0,0.0,0.0,1.0,0.0,0.0,0.0,0.0,0.0,1.0,0
0.4214466223660009,1.2747312394828334,0.1278417121049415,-0.5248606430988477,-0.07304511765990533,-1.1663540985787406,-0.06440077763548119,0.3762475565065454,4,0.0,1.0,0.0,0.0,1.0,0.0,0.0,1.0,0.0,0.0,0.0,0.0,0
-0.017369817407709147,-0.31656898933283334,0.23537212415582678,0.8807372417251346,-0.7938484758227966,1.0180316120542756,-0.427790745484591,-0.6238443955179406,3,1.0,0.0,0.0,0.0,1.0,0.0,0.0,1.0,0.0,0.0,0.0,0.0,0
-1.7726355765025492,-0.30381113612160526,-1.7001752927601084,1.519645371190581,-1.1806888881187114,1.584353833329502,-2.24474058473014,-1.4405861563379374,4,0.0,1.0,1.0,0.0,0.0,0.0,0.0,0.0,0.0,0.0,0.0,1.0,0
0.3117425124225734,-0.5624436155312952,0.5579633603084826,-0.7293112445277906,-1.2419154281943239,0.6944189141827177,0.11729420628907372,1.0596437237232774,1,0.0,1.0,0.0,0.0,1.0,0.0,0.0,0.0,0.0,0.0,1.0,0.0,0
-1.6629314665591217,1.1794237215086856,-1.592644880709223,1.4174200704761097,-1.072150930711944,-0.761838226239293,-0.9728756972582557,-0.4571624035138595,1,0.0,1.0,1.0,0.0,0.0,0.0,1.0,0.0,0.0,0.0,0.0,0.0,0
-0.7852985870117017,0.14754313583946052,-0.9474624084039113,2.1329971754774095,-0.20663029600669613,0.2899030418432704,-0.9728756972582557,-2.890719486773442,3,1.0,0.0,1.0,0.0,0.0,0.0,0.0,1.0,0.0,0.0,0.0,0.0,0
-0.6755944770682742,0.031759507864609814,-0.7324015843021408,-1.2404377481001478,0.34440856467381553,-1.2472572730466298,0.29898919021362863,0.5762659469114426,1,0.0,1.0,1.0,0.0,0.0,0.0,1.0,0.0,0.0,0.0,0.0,0.0,0
0.8602630621397109,-0.35284821788981996,0.9880850085120237,0.8040682661892811,1.6663452253972644,1.1798379609900547,-0.2460957615600361,-0.3404850091110028,2,0.0,1.0,1.0,0.0,0.0,0.0,0.0,0.0,0.0,1.0,0.0,0.0,1
0.09233429253571836,-0.3150927932907679,-0.3022799360985996,1.008518867618224,-0.21219634510447896,1.098934786522165,-0.2460957615600361,0.8596253333183803,2,1.0,0.0,1.0,0.0,0.0,0.0,0.0,1.0,0.0,0.0,0.0,0.0,0
-1.6629314665591217,-0.13075892262079722,-1.592644880709223,2.1329971754774095,1.5967696116749777,1.098934786522165,-1.8813506168810303,0.4095839549073616,3,1.0,0.0,0.0,0.0,0.0,1.0,0.0,0.0,0.0,0.0,0.0,1.0,1
0.4214466223660009,-0.07378362107670722,0.45043294825759733,-0.2692973913126691,-0.2706398606312001,-0.6000318773035141,0.48068417413818354,-2.840714889172218,1,1.0,0.0,1.0,0.0,0.0,0.0,0.0,1.0,0.0,0.0,0.0,0.0,0
-0.5658903671248466,-0.15804410906718624,-0.7324015843021408,-0.9337618459567335,2.1478084723554893,-1.0045477496429613,0.29898919021362863,0.5762659469114426,5,0.0,1.0,1.0,0.0,0.0,0.0,0.0,0.0,0.0,1.0,0.0,0.0,1
0.3117425124225734,-0.4139343832464168,0.23537212415582678,0.027155980759298076,-0.907952482327347,0.6135157397148282,0.11729420628907372,0.8596253333183803,1,0.0,1.0,0.0,0.0,0.0,1.0,0.0,0.0,0.0,0.0,1.0,0.0,0
-0.8950026969551292,-0.33572532141513334,-0.7324015843021408,1.6218706719050526,-0.011818577584292759,1.9079665312010603,-1.1545706811828107,1.142984719725318,3,1.0,0.0,0.0,0.0,0.0,1.0,0.0,0.0,0.0,1.0,0.0,0.0,1
-0.017369817407709147,0.3779372558616927,0.34290253620671207,0.5996176647603382,0.23865363181593938,-0.6000318773035141,0.48068417413818354,1.6096942973367447,2,0.0,1.0,1.0,0.0,0.0,0.0,1.0,0.0,0.0,0.0,0.0,0.0,0
0.20203840247914587,-0.3452326104939987,0.5579633603084826,0.08849116118798094,-0.20663029600669613,0.37080621631115973,-0.6094857294091459,-0.6571807939187567,1,1.0,0.0,1.0,0.0,0.0,0.0,0.0,0.0,1.0,0.0,0.0,0.0,0
-0.3464821472379917,-0.557985699006912,-0.5173407602003702,-0.5759732934560834,-1.1862549372164943,1.0180316120542756,-0.427790745484591,-1.723945542744875,1,1.0,0.0,0.0,0.0,0.0,1.0,1.0,0.0,0.0,0.0,0.0,0.0,1
0.3117425124225734,-0.3459218278513869,0.23537212415582678,1.1107441683326953,-0.4904987999936262,1.4225474843937234,0.29898919021362863,0.7596161381159318,4,1.0,0.0,0.0,0.0,0.0,1.0,1.0,0.0,0.0,0.0,0.0,0.0,1
0.3117425124225734,0.125224224819358,0.02031130005405623,-0.6781985941705548,-1.4283780729700524,-1.0045477496429613,0.11729420628907372,-0.25714401310896234,5,0.0,1.0,1.0,0.0,0.0,0.0,0.0,0.0,1.0,0.0,0.0,0.0,0
0.20203840247914587,-0.14520315872776238,0.23537212415582678,-0.9950970263854163,-1.2419154281943239,-1.0045477496429613,-0.2460957615600361,1.1929893173265422,5,1.0,0.0,1.0,0.0,0.0,0.0,1.0,0.0,0.0,0.0,0.0,0.0,0
0.20203840247914587,-0.3003259448037487,0.02031130005405623,1.8672113936197838,-0.20663029600669613,1.8270633567331707,-0.2460957615600361,-0.20713941550773804,2,0.0,1.0,0.0,0.0,0.0,1.0,0.0,0.0,1.0,0.0,0.0,0.0,1
-1.7726355765025492,-0.2863069704704911,-1.7001752927601084,2.1329971754774095,-1.072150930711944,1.9888697056689495,-2.24474058473014,-0.6405125947183486,3,1.0,0.0,1.0,0.0,0.0,0.0,0.0,0.0,0.0,0.0,0.0,1.0,0
-1.5532273566156942,-0.46231646412179456,-1.8077057048109935,-1.3426630488146192,-0.5211120700314322,-1.1663540985787406,-0.9728756972582557,-2.707369295568953,5,0.0,1.0,0.0,0.0,0.0,1.0,0.0,0.0,0.0,0.0,1.0,0.0,0
-0.12707392735113665,-0.4411560248300679,0.23537212415582678,0.08849116118798094,0.2720499264026373,0.9371284375863864,0.11729420628907372,1.309666711729399,2,0.0,1.0,0.0,0.0,0.0,1.0,0.0,0.0,0.0,1.0,0.0,0.0,1
-0.8950026969551292,0.6239340837192658,-0.5173407602003702,-1.1382124473856763,0.4445974484339084,-1.2472572730466298,-0.7911807133337009,0.8762935325187884,1,1.0,0.0,1.0,0.0,0.0,0.0,0.0,0.0,0.0,1.0,0.0,0.0,0
-0.6755944770682742,-0.31305446961679007,-0.5173407602003702,-0.6270859438133192,-1.2419154281943239,-0.5191287028356245,-0.2460957615600361,1.0929801221240938,5,1.0,0.0,1.0,0.0,0.0,0.0,0.0,0.0,0.0,1.0,0.0,0.0,0
0.09233429253571836,-0.5322549176644198,-0.19474952404771434,-0.6781985941705548,-0.8161126722139285,0.4517093907790493,-0.2460957615600361,0.3762475565065454,5,0.0,1.0,0.0,0.0,1.0,0.0,0.0,1.0,0.0,0.0,0.0,0.0,0
-0.017369817407709147,-0.4318589226048741,0.45043294825759733,0.41561212347428955,-0.25672473788674255,1.3416443099258337,-0.06440077763548119,1.142984719725318,4,1.0,0.0,0.0,0.0,0.0,1.0,1.0,0.0,0.0,0.0,0.0,0.0,1
-1.3338191367288392,0.5881729901969115,-1.3775840566074524,2.1329971754774095,2.2090350124311025,-0.2764191794319561,-0.9728756972582557,0.3262429589053211,3,1.0,0.0,1.0,0.0,0.0,0.0,0.0,0.0,0.0,1.0,0.0,0.0,1
0.20203840247914587,-0.1097940059836488,0.1278417121049415,-0.06484678988372622,-0.7938484758227966,-0.4382255283677351,0.48068417413818354,-0.8405309851232459,3,1.0,0.0,0.0,0.0,0.0,1.0,0.0,1.0,0.0,0.0,0.0,0.0,0
0.9699671720831384,-0.1380177011720132,1.3106762446646796,-0.8315365452422621,-1.6037086195502153,-0.923644575175072,2.4793289973082877,0.6096023453122588,2,0.0,1.0,0.0,0.0,0.0,1.0,0.0,0.0,0.0,0.0,1.0,0.0,0
0.09233429253571836,-0.1240916000996803,0.45043294825759733,1.008518867618224,-0.21219634510447896,0.2899030418432704,-0.6094857294091459,1.159652918925726,2,1.0,0.0,0.0,0.0,0.0,1.0,0.0,0.0,0.0,0.0,0.0,1.0,0
-0.3464821472379917,1.4142513177234786,-0.4098103481494849,-1.1382124473856763,-0.07582814220879674,-1.2472572730466298,-0.427790745484591,-0.007121025102840856,1,1.0,0.0,0.0,0.0,0.0,1.0,0.0,0.0,0.0,0.0,1.0,0.0,0
1.1893753919699934,0.11262767779815691,1.5257370687664502,0.08849116118798094,0.26091782820707116,-0.6000318773035141,1.2074641098364032,1.0763119229236855,3,0.0,1.0,0.0,0.0,0.0,1.0,0.0,0.0,0.0,0.0,1.0,0.0,1
-0.017369817407709147,-0.47211703718252723,0.34290253620671207,-1.1382124473856763,1.616250783517218,-0.8427414007071825,0.11729420628907372,-0.24047581390855424,2,0.0,1.0,0.0,0.0,0.0,1.0,0.0,0.0,0.0,1.0,0.0,0.0,1
-1.6629314665591217,-0.33402916238666736,-1.9152361168618788,1.6218706719050526,1.716439667277312,1.9079665312010603,-2.063045600805585,-0.023789224303248955,2,0.0,1.0,0.0,0.0,0.0,1.0,0.0,0.0,0.0,1.0,0.0,0.0,1
0.3117425124225734,-0.4486543186331422,0.7730241844102532,-0.6807542266884167,0.4835597921183892,-0.19551600496406651,0.11729420628907372,0.3595793573061373,2,0.0,1.0,1.0,0.0,0.0,0.0,0.0,0.0,0.0,0.0,0.0,1.0,0
-1.7726355765025492,-0.543414373174471,-1.7001752927601084,0.6047289297960617,-0.5545083646181301,3.687836369494629,-2.24474058473014,0.026215373297975342,1,0.0,1.0,0.0,0.0,0.0,1.0,0.0,1.0,0.0,0.0,0.0,0.0,1
-0.12707392735113665,-0.0026231509429681795,-0.19474952404771434,1.4174200704761097,-0.011818577584292759,0.2899030418432704,-0.2460957615600361,0.9429663293204208,5,0.0,1.0,1.0,0.0,0.0,0.0,0.0,0.0,0.0,1.0,0.0,0.0,0
-2.2114520162762594,-0.1439224853402751,-2.1302969409636496,2.1329971754774095,0.9678060636255055,1.1798379609900547,-1.8813506168810303,0.12622456850042393,4,0.0,1.0,1.0,0.0,0.0,0.0,0.0,0.0,0.0,0.0,1.0,0.0,0
3.9319781405556813,-0.4156500945403406,3.998936545936812,-1.1382124473856763,-1.1806888881187114,-0.923644575175072,1.9342440455346228,1.7263716917396015,2,0.0,1.0,0.0,0.0,0.0,1.0,0.0,0.0,0.0,1.0,0.0,0.0,0
0.4214466223660009,-0.34284234604178015,0.5579633603084826,-1.0257646165997578,0.4835597921183892,-0.8427414007071825,-0.6094857294091459,-0.22380761470814614,2,0.0,1.0,0.0,0.0,1.0,0.0,0.0,1.0,0.0,0.0,0.0,0.0,0
-0.3464821472379917,-0.3796641499652213,-0.4098103481494849,1.1107441683326953,-0.07304511765990533,1.7461601822652812,0.29898919021362863,-0.5405033995159,1,1.0,0.0,1.0,0.0,0.0,0.0,0.0,0.0,0.0,0.0,1.0,0.0,0
-0.4561862571814192,-0.5201813937442153,-0.5173407602003702,0.027155980759298076,0.2915310982448777,1.8270633567331707,0.48068417413818354,0.05955177169879154,2,0.0,1.0,0.0,0.0,0.0,1.0,0.0,0.0,1.0,0.0,0.0,0.0,1
-1.2241150267854117,0.9155952275535797,-0.7324015843021408,1.1107441683326953,0.583748675878482,-0.6809350517714036,-1.5179606490319204,0.7762843373163398,2,0.0,1.0,1.0,0.0,0.0,0.0,0.0,0.0,0.0,0.0,1.0,0.0,0
-1.5532273566156942,-0.36837760472969416,-1.9152361168618788,1.6196217152893342,1.0874761192278386,2.2315792290726177,-1.5179606490319204,0.15956096690124014,2,0.0,1.0,0.0,0.0,0.0,1.0,0.0,0.0,1.0,0.0,0.0,0.0,1
0.4214466223660009,-0.1992505085195437,0.34290253620671207,-0.9337618459567335,-1.2029530845098433,-0.923644575175072,-0.2460957615600361,-0.3071486107101866,1,0.0,1.0,0.0,0.0,1.0,0.0,0.0,0.0,0.0,0.0,0.0,1.0,0
0.20203840247914587,-0.39192342040727496,0.1278417121049415,-0.8315365452422621,-0.8801222368384325,-0.6000318773035141,-0.6094857294091459,0.5929341461118507,5,0.0,1.0,1.0,0.0,0.0,0.0,0.0,0.0,0.0,0.0,0.0,1.0,0
0.20203840247914587,-0.0673020450774396,-0.08721911199682905,-0.9518557241831949,0.09393635527358292,-1.0045477496429613,-0.6094857294091459,1.0596437237232774,5,1.0,0.0,0.0,0.0,0.0,1.0,0.0,0.0,0.0,0.0,1.0,0.0,0
0.4214466223660009,-0.5934926130783147,0.34290253620671207,-1.2915503984573835,-0.17045097687110677,-0.761838226239293,-0.2460957615600361,0.826288934917564,4,0.0,1.0,0.0,0.0,0.0,1.0,0.0,0.0,1.0,0.0,0.0,0.0,1
0.20203840247914587,-0.39169856935451003,-0.08721911199682905,-0.4226353423843763,0.6561073141496603,-0.03370965602828762,-0.427790745484591,-0.7738581883216135,5,0.0,1.0,0.0,0.0,0.0,1.0,0.0,0.0,0.0,1.0,0.0,0.0,1
-0.017369817407709147,-0.6198686191809151,-0.08721911199682905,-1.189325097742912,-0.20663029600669613,-0.11461283049617718,-0.06440077763548119,-0.2738122123093704,5,0.0,1.0,0.0,0.0,0.0,1.0,1.0,0.0,0.0,0.0,0.0,0.0,1
0.3117425124225734,-0.4330271704659789,0.6654937723593679,-0.0137341395264905,-1.4283780729700524,0.6944189141827177,-0.427790745484591,-1.1572267699309997,2,1.0,0.0,1.0,0.0,0.0,0.0,0.0,1.0,0.0,0.0,0.0,0.0,0
0.5311507323094284,7.420428646583274,0.23537212415582678,-0.775823756352875,-1.1417265444342306,-1.3281604475145194,0.48068417413818354,-0.47383060271426763,2,0.0,1.0,1.0,0.0,0.0,0.0,0.0,0.0,0.0,1.0,0.0,0.0,0
-0.017369817407709147,-0.3880080792493463,0.1278417121049415,0.7018429654748096,-0.38196084258685864,1.3416443099258337,0.11729420628907372,0.6096023453122588,2,0.0,1.0,1.0,0.0,0.0,0.0,0.0,0.0,0.0,0.0,1.0,0.0,0
-0.4561862571814192,0.12453989552833426,-0.3022799360985996,1.1107441683326953,-0.4904987999936262,-0.11461283049617718,-0.2460957615600361,-1.207231367532224,1,0.0,1.0,1.0,0.0,0.0,0.0,0.0,0.0,0.0,0.0,0.0,1.0,0
-1.8823396864459767,-0.5093738790124049,-1.7001752927601084,0.8807372417251346,-1.5536141776701688,3.364223671623071,-1.8813506168810303,0.8762935325187884,4,1.0,0.0,1.0,0.0,0.0,0.0,0.0,0.0,0.0,0.0,1.0,0.0,0
-0.6755944770682742,1.4850109664153324,-0.4098103481494849,-1.2404377481001478,-0.20663029600669613,-1.3281604475145194,-0.06440077763548119,-0.20713941550773804,2,1.0,0.0,0.0,0.0,0.0,1.0,1.0,0.0,0.0,0.0,0.0,0.0,1
0.5311507323094284,-0.1980627083929811,0.34290253620671207,-0.6270859438133192,-1.1695567899231456,-0.6809350517714036,1.2074641098364032,-0.6738489931191648,4,0.0,1.0,1.0,0.0,0.0,0.0,0.0,0.0,1.0,0.0,0.0,0.0,0
-0.12707392735113665,-0.42445839012908887,0.02031130005405623,0.039934143348607,-0.1788000505177815,0.7753220886506074,0.29898919021362863,-2.390673510761199,1,0.0,1.0,0.0,0.0,0.0,1.0,0.0,0.0,0.0,0.0,1.0,0.0,1
-0.23677803729456418,0.10278800020650855,-0.19474952404771434,0.7018429654748096,-0.4904987999936262,-0.2764191794319561,0.29898919021362863,-0.6405125947183486,1,0.0,1.0,1.0,0.0,0.0,0.0,0.0,0.0,1.0,0.0,0.0,0.0,0
-1.0047068068985567,-0.46181299328625564,-1.1625232325056818,0.7018429654748096,1.0151174809566605,2.150676054604728,-0.9728756972582557,-1.723945542744875,3,0.0,1.0,0.0,0.0,0.0,1.0,0.0,0.0,0.0,0.0,0.0,1.0,1
0.6408548422528559,0.3893508908226956,0.5579633603084826,-0.4226353423843763,2.2953087734467377,-1.0045477496429613,-0.06440077763548119,-0.5071670011150838,5,0.0,1.0,1.0,0.0,0.0,0.0,0.0,0.0,0.0,0.0,0.0,1.0,0
2.615528821234551,-0.4501158504761143,2.7085716013261885,-0.7828773021021737,-0.4738006527002772,-0.2764191794319561,1.7525490616100678,1.3763395085310313,3,0.0,1.0,0.0,0.0,0.0,1.0,0.0,0.0,0.0,1.0,0.0,0.0,0
-0.017369817407709147,1.1622226159721676,0.02031130005405623,0.5382824843316553,-0.20663029600669613,-0.923644575175072,-0.2460957615600361,0.7429479389155236,2,1.0,0.0,1.0,0.0,0.0,0.0,0.0,0.0,0.0,0.0,1.0,0.0,0
-1.9920437963894042,-0.19896211260404084,-1.8077057048109935,2.1329971754774095,-0.20663029600669613,1.4225474843937234,-2.24474058473014,-1.9072957339493641,4,1.0,0.0,1.0,0.0,0.0,0.0,0.0,0.0,0.0,0.0,1.0,0.0,0
0.09233429253571836,-0.37378380612878165,0.02031130005405623,-0.24374106613405125,-0.21219634510447896,0.1280966929074913,0.48068417413818354,-1.057217574728551,2,1.0,0.0,0.0,0.0,0.0,1.0,0.0,0.0,0.0,1.0,0.0,0.0,0
-0.7852985870117017,-0.5779925546366272,-0.9474624084039113,-0.5759732934560834,0.5058239885095209,1.4225474843937234,-0.7911807133337009,1.2263257157273584,5,0.0,1.0,0.0,0.0,0.0,1.0,0.0,0.0,0.0,0.0,1.0,0.0,1
-0.6755944770682742,-0.3443967511456769,-0.7324015843021408,0.41561212347428955,1.80827947739073,0.6944189141827177,0.11729420628907372,-0.32381680991059475,1,0.0,1.0,1.0,0.0,0.0,0.0,0.0,0.0,0.0,0.0,0.0,1.0,0
-0.3464821472379917,0.18172049585973138,-0.08721911199682905,1.6218706719050526,-0.7938484758227966,0.04719351843960194,0.11729420628907372,0.8762935325187884,1,1.0,0.0,1.0,0.0,0.0,0.0,0.0,1.0,0.0,0.0,0.0,0.0,0
-0.6755944770682742,0.15254851579666265,-0.7324015843021408,-0.9337618459567335,-0.593470708302611,-1.085450924110851,0.29898919021362863,1.0096391261220532,1,0.0,1.0,1.0,0.0,0.0,0.0,0.0,0.0,0.0,0.0,1.0,0.0,0
-2.2114520162762594,-0.5842492795831299,-2.1302969409636496,-0.2181847409554334,-1.7623410188370292,2.716998275879955,-1.8813506168810303,-1.5572635507407941,1,0.0,1.0,0.0,0.0,1.0,0.0,0.0,0.0,0.0,0.0,1.0,0.0,1
-1.5532273566156942,-0.23910780165531154,-1.592644880709223,1.0724096805647685,1.838892747428536,0.7753220886506074,-1.6996556329564754,0.4095839549073616,5,1.0,0.0,0.0,0.0,0.0,1.0,0.0,0.0,1.0,0.0,0.0,0.0,1
-0.12707392735113665,-0.5550186427236877,-0.5173407602003702,-1.035987146671205,1.201580125732389,-0.2764191794319561,-0.06440077763548119,-1.023881176327735,3,1.0,0.0,0.0,0.0,0.0,1.0,1.0,0.0,0.0,0.0,0.0,0.0,1
-0.3464821472379917,-0.023074820611848804,-0.5173407602003702,1.1107441683326953,1.065211922836707,0.1280966929074913,0.48068417413818354,0.27623836130409685,3,0.0,1.0,1.0,0.0,0.0,0.0,0.0,0.0,0.0,0.0,0.0,1.0,0
0.4214466223660009,-0.43962606005799343,0.1278417121049415,-1.2750921250423537,0.3805878838094044,-1.085450924110851,0.29898919021362863,0.9596345285208289,2,1.0,0.0,0.0,0.0,0.0,1.0,0.0,1.0,0.0,0.0,0.0,0.0,0
3.7125699206688263,-0.25692969162011525,4.106466957987697,0.08849116118798094,-0.782716377627231,-0.03370965602828762,1.9342440455346228,1.4430123053326638,3,1.0,0.0,0.0,0.0,0.0,1.0,0.0,0.0,0.0,1.0,0.0,0.0,0
1.518487721800276,0.1829522885835741,1.5257370687664502,0.08849116118798094,-0.07582814220879674,-0.6809350517714036,2.4793289973082877,0.5262613493102183,1,0.0,1.0,1.0,0.0,0.0,0.0,0.0,0.0,0.0,0.0,1.0,0.0,0
0.20203840247914587,-0.4137926293218476,0.02031130005405623,-0.9337618459567335,0.46686164482504017,-0.6809350517714036,0.48068417413818354,-0.7238535907203891,1,0.0,1.0,0.0,0.0,0.0,1.0,0.0,0.0,0.0,1.0,0.0,0.0,0
-0.5658903671248466,-0.653273664715602,-0.5173407602003702,-1.3426630488146192,-0.17045097687110677,-0.5191287028356245,-0.2460957615600361,-2.9573922835750746,1,1.0,0.0,0.0,0.0,0.0,1.0,0.0,0.0,0.0,0.0,0.0,1.0,0
0.4214466223660009,-0.3418696208352536,0.5579633603084826,-0.4226353423843763,-0.782716377627231,-0.19551600496406651,0.48068417413818354,0.5095931501098102,1,0.0,1.0,0.0,0.0,0.0,1.0,0.0,0.0,0.0,0.0,1.0,0.0,0
-0.3464821472379917,0.47735074958198287,-0.08721911199682905,-0.9542069060996278,-1.1862549372164943,-1.1663540985787406,-0.2460957615600361,0.642938743713075,2,1.0,0.0,1.0,0.0,0.0,0.0,0.0,0.0,0.0,0.0,1.0,0.0,0
-0.5658903671248466,0.03238518035926008,-0.4098103481494849,1.6218706719050526,1.7359208391195513,0.2899030418432704,-0.427790745484591,-0.39048960671222716,5,0.0,1.0,1.0,0.0,0.0,0.0,0.0,0.0,1.0,0.0,0.0,0.0,0
0.8602630621397109,-0.29680164895497646,0.6654937723593679,-0.4226353423843763,-0.07304511765990533,-0.3573223538998456,-0.2460957615600361,0.7762843373163398,1,0.0,1.0,1.0,0.0,0.0,0.0,0.0,0.0,0.0,0.0,1.0,0.0,0
-0.5658903671248466,-0.1976374466192735,-0.9474624084039113,2.1329971754774095,-0.7938484758227966,1.4225474843937234,0.48068417413818354,0.09288817009960774,2,1.0,0.0,0.0,0.0,0.0,1.0,0.0,0.0,1.0,0.0,0.0,0.0,1
-0.017369817407709147,-0.5201422892132997,-0.08721911199682905,-1.0155420865283107,-1.1862549372164943,-0.4382255283677351,-0.2460957615600361,-1.7572819411456913,1,0.0,1.0,0.0,0.0,0.0,1.0,1.0,0.0,0.0,0.0,0.0,0.0,0
-0.4561862571814192,0.06542362091661288,-0.5173407602003702,1.6218706719050526,-0.512762996384758,0.20899986737538084,-0.06440077763548119,0.8596253333183803,2,1.0,0.0,1.0,0.0,0.0,0.0,0.0,0.0,1.0,0.0,0.0,0.0,0
1.299079501913421,0.2996646491676713,1.2031458326137943,-0.32041004166990483,-1.4283780729700524,-0.923644575175072,1.0257691259118482,-0.007121025102840856,2,1.0,0.0,1.0,0.0,0.0,0.0,0.0,0.0,0.0,0.0,1.0,0.0,0
-0.017369817407709147,-0.4314972056939044,-0.08721911199682905,0.41561212347428955,-0.25672473788674255,1.3416443099258337,0.29898919021362863,-0.8905355827244701,2,0.0,1.0,0.0,0.0,0.0,1.0,0.0,0.0,0.0,1.0,0.0,0.0,1
0.3117425124225734,-0.4970363995085199,0.45043294825759733,-0.9337618459567335,-0.20663029600669613,-0.3573223538998456,-0.6094857294091459,0.30957475970491305,5,1.0,0.0,0.0,0.0,0.0,1.0,0.0,1.0,0.0,0.0,0.0,0.0,1
0.3117425124225734,-0.41424721949374194,0.6654937723593679,-0.4226353423843763,0.029926790649078935,0.04719351843960194,0.29898919021362863,0.6929433413142994,4,1.0,0.0,0.0,0.0,0.0,1.0,1.0,0.0,0.0,0.0,0.0,0.0,0
-0.7852985870117017,-0.3425735023917351,-0.6248711722512554,1.1107441683326953,1.4103069668992496,1.4225474843937234,-1.6996556329564754,-0.20713941550773804,1,1.0,0.0,1.0,0.0,0.0,0.0,0.0,0.0,0.0,1.0,0.0,0.0,1
0.20203840247914587,-0.5270442389199105,-0.19474952404771434,-0.7088661843848962,-0.011818577584292759,0.2899030418432704,0.48068417413818354,-0.14046661870610566,4,1.0,0.0,0.0,0.0,0.0,1.0,1.0,0.0,0.0,0.0,0.0,0.0,0
0.8602630621397109,0.18175960039064704,0.7730241844102532,-0.0137341395264905,-1.3476703610521998,-0.6809350517714036,-0.427790745484591,-0.2738122123093704,1,0.0,1.0,0.0,0.0,0.0,1.0,1.0,0.0,0.0,0.0,0.0,0.0,0
-0.7852985870117017,-0.2978867996878855,-0.5173407602003702,1.8263212733339953,2.0253553922042653,1.8270633567331707,-1.3362656651073657,-0.15713481790651374,2,1.0,0.0,1.0,0.0,0.0,0.0,0.0,0.0,0.0,0.0,1.0,0.0,0
-0.3464821472379917,-0.41587005752674105,-0.4098103481494849,-0.4226353423843763,0.4084181292983195,0.04719351843960194,0.29898919021362863,-2.3406689131599747,1,0.0,1.0,0.0,0.0,0.0,1.0,0.0,0.0,0.0,0.0,0.0,1.0,0
0.09233429253571836,-0.3028139705832564,-0.08721911199682905,-0.9848744963139692,-1.7623410188370292,-0.8427414007071825,-0.2460957615600361,-1.0072129771273268,1,0.0,1.0,0.0,0.0,0.0,1.0,0.0,0.0,0.0,1.0,0.0,0.0,0
0.4214466223660009,-0.34391283257559585,0.45043294825759733,-1.0768772669569935,-1.325406164661068,-0.923644575175072,-0.427790745484591,0.809620735717156,1,0.0,1.0,1.0,0.0,0.0,0.0,0.0,1.0,0.0,0.0,0.0,0.0,0
-0.6755944770682742,-0.5006535686182167,-0.8399319963530261,-0.067402422401588,1.0930421683256215,1.3416443099258337,0.11729420628907372,0.30957475970491305,3,0.0,1.0,0.0,0.0,0.0,1.0,0.0,0.0,0.0,1.0,0.0,0.0,1
-0.23677803729456418,-0.5095938419988054,-0.19474952404771434,-1.189325097742912,-1.0471037097719207,-0.8427414007071825,0.29898919021362863,-1.9906367299514047,3,1.0,0.0,0.0,0.0,0.0,1.0,0.0,0.0,1.0,0.0,0.0,0.0,1
-0.12707392735113665,-0.23021152087200306,-0.08721911199682905,0.19071646190245237,-0.8912543350339981,0.04719351843960194,-0.427790745484591,0.5095931501098102,5,0.0,1.0,1.0,0.0,0.0,0.0,0.0,0.0,0.0,0.0,1.0,0.0,0
0.4214466223660009,-0.22502528245931605,0.45043294825759733,0.04248977586646879,-0.782716377627231,-0.11461283049617718,-0.6094857294091459,-1.223899566732632,1,0.0,1.0,0.0,0.0,0.0,1.0,0.0,1.0,0.0,0.0,0.0,0.0,0
-1.4435232466722667,0.9945277232068026,-1.3775840566074524,0.4061051705078437,2.2953087734467377,-0.923644575175072,-0.7911807133337009,-1.6572727459432426,2,1.0,0.0,1.0,0.0,0.0,0.0,0.0,0.0,0.0,1.0,0.0,0.0,1
0.6408548422528559,-0.5073111150066048,0.34290253620671207,0.08849116118798094,-0.590687683753719,1.7461601822652812,0.48068417413818354,1.2096575165269503,5,0.0,1.0,1.0,0.0,0.0,0.0,0.0,0.0,0.0,1.0,0.0,0.0,0
-1.9920437963894042,-0.43847247639598197,-1.8077057048109935,1.0849833925526486,0.7006357069319238,2.393385578008397,-2.24474058473014,-0.44049420431345143,1,0.0,1.0,1.0,0.0,0.0,0.0,1.0,0.0,0.0,0.0,0.0,0.0,1
0.20203840247914587,-0.44347296828681965,0.34290253620671207,-0.8315365452422621,-1.7623410188370292,-0.4382255283677351,-0.6094857294091459,0.30957475970491305,5,0.0,1.0,0.0,0.0,0.0,1.0,0.0,0.0,0.0,1.0,0.0,0.0,0
-0.4561862571814192,-0.22710271066420953,-0.6248711722512554,-1.2915503984573835,-0.07304511765990533,-1.1663540985787406,0.29898919021362863,-2.4573463075628315,3,0.0,1.0,0.0,0.0,0.0,1.0,0.0,1.0,0.0,0.0,0.0,0.0,0
-0.017369817407709147,-0.566725561666558,-0.19474952404771434,-0.5248606430988477,-1.1389435198853393,1.3416443099258337,-0.6094857294091459,1.0263073253224613,1,0.0,1.0,0.0,0.0,0.0,1.0,0.0,0.0,0.0,0.0,1.0,0.0,1
-0.5658903671248466,-0.6273571368512605,-0.19474952404771434,-0.9528779771903396,-1.183471912667603,1.2607411354579443,-0.427790745484591,0.20956556450246444,1,1.0,0.0,0.0,0.0,0.0,1.0,0.0,0.0,0.0,0.0,0.0,1.0,1
-0.3464821472379917,-0.01579648979517499,-0.19474952404771434,-0.6270859438133192,0.9789381618210711,-0.8427414007071825,-0.6094857294091459,0.9596345285208289,5,1.0,0.0,0.0,0.0,0.0,1.0,0.0,0.0,0.0,0.0,0.0,1.0,1
-0.6755944770682742,0.7699895066891878,-0.4098103481494849,0.5996176647603382,-1.077716979809727,-0.761838226239293,0.48068417413818354,-0.9572083795261025,2,1.0,0.0,1.0,0.0,0.0,0.0,0.0,1.0,0.0,0.0,0.0,0.0,0
0.20203840247914587,-0.4716966634751841,-0.08721911199682905,-1.3426630488146192,0.6449752159540946,-1.1663540985787406,-0.427790745484591,0.14289276770083204,1,1.0,0.0,0.0,0.0,0.0,1.0,0.0,1.0,0.0,0.0,0.0,0.0,0
0.9699671720831384,-0.2581859246757802,0.8805545964611385,-1.1382124473856763,0.4835597921183892,-1.085450924110851,0.6623791580627385,1.0429755245228693,4,0.0,1.0,1.0,0.0,0.0,0.0,0.0,0.0,0.0,0.0,1.0,0.0,0
0.7505589521962834,-0.4324357144358798,0.5579633603084826,0.08849116118798094,0.4835597921183892,0.8562252631184969,-0.427790745484591,0.9096299309196046,2,1.0,0.0,0.0,0.0,0.0,1.0,1.0,0.0,0.0,0.0,0.0,0.0,1
-1.3338191367288392,2.8377100117828467,-1.3775840566074524,1.0722052299633396,-0.7214898375516184,-1.085450924110851,-0.7911807133337009,0.642938743713075,2,0.0,1.0,1.0,0.0,0.0,0.0,0.0,0.0,0.0,0.0,1.0,0.0,1
0.7505589521962834,-0.13967475566956353,0.5579633603084826,-1.1382124473856763,-1.7623410188370292,-1.085450924110851,-0.427790745484591,-0.20713941550773804,5,0.0,1.0,1.0,0.0,0.0,0.0,0.0,0.0,1.0,0.0,0.0,0.0,0
-0.8950026969551292,2.1169890666757474,-1.1625232325056818,0.08123316483725347,0.789692492496451,-1.085450924110851,-0.9728756972582557,0.009547174097567243,2,0.0,1.0,1.0,0.0,0.0,0.0,1.0,0.0,0.0,0.0,0.0,0.0,0
0.8602630621397109,0.4759967551990288,1.2031458326137943,-0.7293112445277906,-0.21219634510447896,-1.085450924110851,0.11729420628907372,0.42625215410776973,2,1.0,0.0,0.0,0.0,0.0,1.0,0.0,0.0,0.0,0.0,1.0,0.0,0
-0.12707392735113665,-0.10758948805327949,-0.4098103481494849,1.1107441683326953,0.8787492780609782,0.37080621631115973,0.29898919021362863,0.49292495090940214,2,0.0,1.0,1.0,0.0,0.0,0.0,1.0,0.0,0.0,0.0,0.0,0.0,1
2.0670082715174134,0.2431146093972889,2.493510777224418,1.6218706719050526,-0.20663029600669613,-0.03370965602828762,2.2976340133837327,1.3930077077314396,1,0.0,1.0,0.0,0.0,0.0,1.0,0.0,0.0,0.0,0.0,1.0,0.0,0
2.615528821234551,-0.4498323426269759,2.601041189275303,-0.7829795274028881,-0.4904987999936262,-0.2764191794319561,2.8427189651573976,-0.8405309851232459,3,0.0,1.0,0.0,0.0,0.0,1.0,0.0,0.0,0.0,1.0,0.0,0.0,0
1.079671282026566,-0.33918607240116766,0.9880850085120237,-0.5734176609382217,-1.3114910419166106,-0.3573223538998456,0.8440741419872934,0.5262613493102183,1,0.0,1.0,0.0,0.0,0.0,1.0,0.0,0.0,0.0,0.0,1.0,0.0,0
0.09233429253571836,0.021435911702880395,0.1278417121049415,-0.509526847991677,-1.5925765213546492,-0.8427414007071825,-0.427790745484591,-0.707185391519981,1,0.0,1.0,1.0,0.0,0.0,0.0,0.0,1.0,0.0,0.0,0.0,0.0,0
1.4087836118568484,-0.1610600460140551,1.5257370687664502,-0.4226353423843763,-1.4283780729700524,-0.6000318773035141,2.4793289973082877,0.5929341461118507,2,1.0,0.0,1.0,0.0,0.0,0.0,0.0,0.0,0.0,0.0,1.0,0.0,0
-2.2114520162762594,-0.3356373362205731,-1.8077057048109935,1.6218706719050526,-1.4283780729700524,1.9079665312010603,-2.063045600805585,0.39291575570695353,2,0.0,1.0,1.0,0.0,0.0,0.0,0.0,0.0,0.0,0.0,0.0,1.0,0
-0.3464821472379917,-0.4155278928812292,-0.4098103481494849,0.6507303151175738,0.789692492496451,1.5034506588616126,0.29898919021362863,0.05955177169879154,2,1.0,0.0,0.0,0.0,0.0,1.0,0.0,0.0,0.0,1.0,0.0,0.0,1
-0.4561862571814192,-0.10919766188718526,-0.3022799360985996,1.1107441683326953,0.8926644008054357,0.37080621631115973,-0.2460957615600361,-0.9405401803256944,1,0.0,1.0,0.0,0.0,1.0,0.0,0.0,0.0,1.0,0.0,0.0,0.0,0
-0.12707392735113665,-0.6120868175287023,-0.3022799360985996,-1.260882808243042,-0.20663029600669613,-0.5191287028356245,0.48068417413818354,0.27623836130409685,1,0.0,1.0,0.0,0.0,0.0,1.0,0.0,0.0,0.0,0.0,1.0,0.0,0
1.1893753919699934,-0.13916639676766018,1.2031458326137943,-0.8315365452422621,-1.7623410188370292,-0.923644575175072,2.8427189651573976,-0.6905171923195729,2,1.0,0.0,0.0,0.0,1.0,0.0,0.0,0.0,0.0,0.0,1.0,0.0,0
-0.4561862571814192,-0.051963292825779134,-0.6248711722512554,0.19071646190245237,0.0661061097846683,-0.3573223538998456,0.48068417413818354,-0.4571624035138595,5,0.0,1.0,1.0,0.0,0.0,0.0,0.0,0.0,0.0,0.0,1.0,0.0,0
0.09233429253571836,-0.2515479305528501,-0.08721911199682905,-0.509526847991677,1.262806665808001,-0.5191287028356245,0.29898919021362863,0.20956556450246444,4,0.0,1.0,1.0,0.0,0.0,0.0,0.0,0.0,1.0,0.0,0.0,0.0,0
0.4214466223660009,-0.1008537326030602,0.45043294825759733,0.08849116118798094,-0.17045097687110677,-0.3573223538998456,-0.06440077763548119,0.9929709269216451,4,0.0,1.0,1.0,0.0,0.0,0.0,1.0,0.0,0.0,0.0,0.0,0.0,0
1.1893753919699934,-0.18761202250577583,1.2031458326137943,0.08849116118798094,-0.9051694577784557,-0.19551600496406651,1.2074641098364032,1.7597080901404176,5,0.0,1.0,0.0,0.0,0.0,1.0,0.0,0.0,1.0,0.0,0.0,0.0,0
-0.12707392735113665,-0.057980502520423506,-0.19474952404771434,-0.1496937894767375,0.28318202459820296,-0.5191287028356245,-0.6094857294091459,1.0596437237232774,5,0.0,1.0,1.0,0.0,0.0,0.0,0.0,0.0,0.0,0.0,1.0,0.0,0
-0.017369817407709147,-0.524473116012207,0.02031130005405623,-1.0922110620641643,-1.0443206852230293,-0.5191287028356245,0.48068417413818354,0.026215373297975342,2,1.0,0.0,0.0,0.0,0.0,1.0,0.0,0.0,0.0,1.0,0.0,0.0,0
-0.23677803729456418,-0.4624973225772794,-0.19474952404771434,-0.03929046470510836,-0.7994145249205795,0.9371284375863864,0.29898919021362863,-0.25714401310896234,1,0.0,1.0,0.0,0.0,1.0,0.0,0.0,0.0,0.0,1.0,0.0,0.0,0
0.8602630621397109,-0.46685258970800897,0.7730241844102532,-0.4226353423843763,-1.6037086195502153,0.37080621631115973,-0.427790745484591,0.5929341461118507,3,1.0,0.0,0.0,0.0,0.0,1.0,0.0,0.0,0.0,0.0,0.0,1.0,0
1.518487721800276,-0.1686023324144095,1.7407978928682208,-0.7088661843848962,-1.5536141776701688,-0.761838226239293,1.0257691259118482,1.4263441061322557,4,1.0,0.0,0.0,0.0,0.0,1.0,1.0,0.0,0.0,0.0,0.0,0.0,0
-0.12707392735113665,1.540695818439206,-0.19474952404771434,2.1329971754774095,0.4835597921183892,-0.6809350517714036,0.29898919021362863,0.42625215410776973,1,0.0,1.0,1.0,0.0,0.0,0.0,0.0,0.0,0.0,0.0,1.0,0.0,0
-1.5532273566156942,0.9746626215016566,-1.4851144686583377,1.1107441683326953,1.271155739454676,-0.761838226239293,-1.5179606490319204,0.30957475970491305,1,1.0,0.0,1.0,0.0,0.0,0.0,0.0,0.0,0.0,0.0,1.0,0.0,0
-0.23677803729456418,-0.6035669178554569,0.02031130005405623,-1.202103260332221,-0.1788000505177815,-0.3573223538998456,-0.427790745484591,1.2763303133285828,4,1.0,0.0,0.0,0.0,0.0,1.0,0.0,0.0,0.0,1.0,0.0,0.0,0
0.6408548422528559,-0.6263746355120049,0.7730241844102532,-1.0155420865283107,-0.20663029600669613,0.8562252631184969,-0.06440077763548119,-0.007121025102840856,4,1.0,0.0,0.0,0.0,0.0,1.0,0.0,0.0,0.0,1.0,0.0,0.0,1
0.3117425124225734,0.035801938748014274,0.6654937723593679,-0.2181847409554334,-1.5925765213546492,-0.6809350517714036,-0.06440077763548119,1.0263073253224613,2,0.0,1.0,1.0,0.0,0.0,0.0,0.0,0.0,1.0,0.0,0.0,0.0,0
-0.23677803729456418,-0.4243655168681642,-0.6248711722512554,0.5996176647603382,0.7952585415942338,1.5034506588616126,-0.2460957615600361,-1.8406229371477318,2,1.0,0.0,0.0,0.0,0.0,1.0,1.0,0.0,0.0,0.0,0.0,0.0,1
-0.017369817407709147,-0.11718476232670508,0.02031130005405623,-0.9293661580260112,0.6978526823830324,-1.0045477496429613,-0.06440077763548119,0.24290196290328064,1,0.0,1.0,1.0,0.0,0.0,0.0,0.0,0.0,0.0,0.0,0.0,1.0,0
0.20203840247914587,0.006918354600448403,0.02031130005405623,-1.035987146671205,-0.20663029600669613,-1.085450924110851,-0.06440077763548119,0.809620735717156,1,1.0,0.0,1.0,0.0,0.0,0.0,0.0,0.0,0.0,0.0,0.0,1.0,0
-0.6755944770682742,-0.40848418925004926,-0.6248711722512554,1.1107441683326953,1.0791270455811643,2.069772880136839,-0.6094857294091459,0.42625215410776973,3,0.0,1.0,0.0,0.0,0.0,1.0,0.0,0.0,0.0,0.0,1.0,0.0,1
-1.5532273566156942,0.6465560548539646,-1.7001752927601084,2.1329971754774095,0.7034187314808152,-0.2764191794319561,-1.5179606490319204,-2.007304929151813,2,1.0,0.0,1.0,0.0,0.0,0.0,0.0,0.0,1.0,0.0,0.0,0.0,0
-0.12707392735113665,-0.038965924362692715,-0.19474952404771434,1.1107441683326953,-0.354130597097944,0.1280966929074913,-0.06440077763548119,0.7596161381159318,2,1.0,0.0,1.0,0.0,0.0,0.0,0.0,0.0,0.0,0.0,1.0,0.0,0
-1.3338191367288392,-0.22151076274327275,-1.0549928204547967,2.030771874762938,-0.32351732706013797,1.5034506588616126,-1.1545706811828107,-0.023789224303248955,2,0.0,1.0,0.0,0.0,0.0,1.0,1.0,0.0,0.0,0.0,0.0,0.0,1
2.176712381460841,-0.3080637538586813,2.1709195410717617,-0.8315365452422621,-0.20663029600669613,-0.761838226239293,1.570854077685513,0.17622916610164824,1,1.0,0.0,0.0,0.0,0.0,1.0,0.0,1.0,0.0,0.0,0.0,0.0,0
0.20203840247914587,0.4205954110242934,0.6654937723593679,-0.6270859438133192,0.39171998200497055,-1.085450924110851,0.11729420628907372,-0.04045742350365705,2,1.0,0.0,1.0,0.0,0.0,0.0,0.0,0.0,0.0,0.0,1.0,0.0,0
-2.101747906332832,-0.4904815025137855,-2.022766528912764,0.8602921815822403,1.1709668556945831,2.8788046248157344,-2.063045600805585,-3.1740788731803797,1,1.0,0.0,1.0,0.0,0.0,0.0,0.0,1.0,0.0,0.0,0.0,0.0,0
0.7505589521962834,-0.36790346229234205,0.9880850085120237,0.08849116118798094,-0.20663029600669613,0.4517093907790493,-0.2460957615600361,-1.2405677659330403,2,1.0,0.0,1.0,0.0,0.0,0.0,0.0,0.0,0.0,1.0,0.0,0.0,1
-0.12707392735113665,-0.5219410976354193,-0.3022799360985996,-0.5376388056881566,-1.7623410188370292,0.6135157397148282,0.29898919021362863,-0.6905171923195729,1,1.0,0.0,0.0,0.0,0.0,1.0,0.0,0.0,0.0,0.0,1.0,0.0,0
-1.4435232466722667,-0.2269658448060048,-1.3775840566074524,2.1329971754774095,0.25813480365817976,1.584353833329502,-0.7911807133337009,0.49292495090940214,4,1.0,0.0,0.0,0.0,0.0,1.0,1.0,0.0,0.0,0.0,0.0,0.0,1
2.0670082715174134,-0.07280111973745172,2.278449953122647,-0.2690929407112402,0.19134221448478436,-0.6000318773035141,1.3891590937609581,1.509685102134296,1,0.0,1.0,1.0,0.0,0.0,0.0,0.0,1.0,0.0,0.0,0.0,0.0,0
1.518487721800276,-0.2852169316712176,1.3106762446646796,0.08849116118798094,-0.38196084258685864,0.1280966929074913,1.0257691259118482,-0.40715780591263523,2,1.0,0.0,1.0,0.0,0.0,0.0,0.0,0.0,0.0,0.0,1.0,0.0,0
0.20203840247914587,-0.31495103936619867,0.02031130005405623,-0.9337618459567335,-1.0443206852230293,-0.8427414007071825,0.11729420628907372,0.6929433413142994,1,1.0,0.0,0.0,0.0,0.0,1.0,0.0,0.0,0.0,0.0,0.0,1.0,0
-1.2241150267854117,1.091453191147585,-1.9152361168618788,2.1329971754774095,1.4047409178014667,-0.5191287028356245,-0.7911807133337009,-0.20713941550773804,2,1.0,0.0,1.0,0.0,0.0,0.0,1.0,0.0,0.0,0.0,0.0,0.0,0
-0.23677803729456418,-0.027283445751644746,-0.19474952404771434,-0.8315365452422621,-1.7623410188370292,-1.0045477496429613,0.48068417413818354,0.4095839549073616,1,1.0,0.0,1.0,0.0,0.0,0.0,0.0,0.0,0.0,1.0,0.0,0.0,0
0.4214466223660009,-0.0774203424518619,0.5579633603084826,0.6711753752604681,1.5800714643816292,-0.03370965602828762,-0.427790745484591,1.0429755245228693,5,1.0,0.0,1.0,0.0,0.0,0.0,0.0,0.0,1.0,0.0,0.0,0.0,0
0.20203840247914587,-0.3387559225610956,0.1278417121049415,-0.32041004166990483,1.1876650029879314,-0.11461283049617718,-0.427790745484591,-0.5238352003154919,1,1.0,0.0,0.0,0.0,0.0,1.0,1.0,0.0,0.0,0.0,0.0,0.0,1
-2.321156126219687,-0.49350232752701884,-2.1302969409636496,0.7018429654748096,0.21638943542480757,2.6360951014120655,-1.8813506168810303,0.6096023453122588,1,0.0,1.0,0.0,0.0,0.0,1.0,0.0,0.0,0.0,0.0,0.0,1.0,1
-1.8823396864459767,1.9436631214585296,-1.8077057048109935,2.1329971754774095,-0.1788000505177815,-0.8427414007071825,-1.8813506168810303,-1.9739685307509967,3,0.0,1.0,1.0,0.0,0.0,0.0,1.0,0.0,0.0,0.0,0.0,0.0,0
-1.0047068068985567,-0.10944206520540802,-1.0549928204547967,2.1329971754774095,-0.18158307506667293,1.0180316120542756,-0.6094857294091459,0.5762659469114426,3,0.0,1.0,1.0,0.0,0.0,0.0,0.0,0.0,0.0,0.0,1.0,0.0,0
3.0543452610082613,-0.5213545296716846,2.9236324254279586,-1.3426630488146192,1.5967696116749777,-1.085450924110851,1.2074641098364032,-0.12379841950569755,3,0.0,1.0,0.0,0.0,0.0,1.0,1.0,0.0,0.0,0.0,0.0,0.0,1
-0.3464821472379917,1.6715444669493078,-0.4098103481494849,2.1329971754774095,-0.20663029600669613,-0.761838226239293,-0.6094857294091459,0.2929065605045049,4,0.0,1.0,1.0,0.0,0.0,0.0,0.0,0.0,0.0,1.0,0.0,0.0,1
-0.4561862571814192,-0.3145111133933977,-0.4098103481494849,-0.7293112445277906,-1.077716979809727,-0.6000318773035141,0.48068417413818354,0.6929433413142994,5,1.0,0.0,0.0,0.0,0.0,1.0,0.0,0.0,0.0,1.0,0.0,0.0,0
-0.6755944770682742,0.9449138496075821,-0.8399319963530261,-0.9337618459567335,0.6978526823830324,-1.2472572730466298,0.29898919021362863,0.026215373297975342,2,1.0,0.0,0.0,0.0,0.0,1.0,1.0,0.0,0.0,0.0,0.0,0.0,0
-0.12707392735113665,-0.5284666662319669,0.34290253620671207,-0.7804238948850263,0.26091782820707116,0.1280966929074913,0.11729420628907372,0.3762475565065454,4,1.0,0.0,0.0,0.0,0.0,1.0,0.0,0.0,0.0,1.0,0.0,0.0,0
5.687243899650522,-0.5560598008593167,6.042014374903632,-0.7804238948850263,-0.20663029600669613,0.4517093907790493,2.2976340133837327,2.0430674765473555,1,0.0,1.0,0.0,0.0,0.0,1.0,0.0,0.0,0.0,1.0,0.0,0.0,0
-1.4435232466722667,0.24095897213056416,-1.592644880709223,2.1329971754774095,0.7006357069319238,0.1280966929074913,-1.1545706811828107,-1.6239363475424264,1,0.0,1.0,0.0,0.0,0.0,1.0,0.0,0.0,0.0,0.0,0.0,1.0,0
0.3117425124225734,-0.4764429759150701,-0.08721911199682905,-0.9337618459567335,-0.07304511765990533,-0.4382255283677351,0.29898919021362863,0.3595793573061373,1,0.0,1.0,1.0,0.0,0.0,0.0,1.0,0.0,0.0,0.0,0.0,0.0,0
-0.4561862571814192,-0.5726107935693621,-0.5173407602003702,-1.1382124473856763,0.46686164482504017,-0.4382255283677351,0.48068417413818354,0.8596253333183803,1,1.0,0.0,1.0,0.0,0.0,0.0,0.0,0.0,1.0,0.0,0.0,0.0,0
-0.12707392735113665,2.1201076530162695,-0.3022799360985996,0.19071646190245237,-1.072150930711944,-1.085450924110851,0.48068417413818354,0.15956096690124014,2,0.0,1.0,1.0,0.0,0.0,0.0,1.0,0.0,0.0,0.0,0.0,0.0,0
0.09233429253571836,-0.5780560994993651,-0.08721911199682905,-0.9337618459567335,-1.283660796427696,0.2899030418432704,0.11729420628907372,0.8929617317191965,2,1.0,0.0,0.0,0.0,1.0,0.0,0.0,1.0,0.0,0.0,0.0,0.0,0
0.7505589521962834,-0.28578883543585887,0.5579633603084826,0.29294176261692384,-0.011818577584292759,0.2899030418432704,0.29898919021362863,0.7096115405147074,3,1.0,0.0,0.0,0.0,0.0,1.0,0.0,1.0,0.0,0.0,0.0,0.0,0
-0.7852985870117017,0.581359025684861,-0.7324015843021408,-0.7293112445277906,0.6561073141496603,-1.085450924110851,-0.9728756972582557,-2.8573830883726257,1,1.0,0.0,0.0,0.0,0.0,1.0,1.0,0.0,0.0,0.0,0.0,0.0,1
0.6408548422528559,-0.20774596786096688,0.6654937723593679,-0.40219028224148196,-1.6593691105280446,-0.5191287028356245,-0.06440077763548119,-2.4240099091620153,1,1.0,0.0,0.0,0.0,0.0,1.0,0.0,1.0,0.0,0.0,0.0,0.0,0
-1.0047068068985567,1.7086302264564295,-1.0549928204547967,2.1329971754774095,-0.38474386713575054,-0.761838226239293,-1.6996556329564754,0.10955636930001583,3,1.0,0.0,1.0,0.0,0.0,0.0,0.0,0.0,1.0,0.0,0.0,0.0,0
-1.1144109168419842,-0.6273473607185316,-1.1625232325056818,-0.8110914850993677,-1.5536141776701688,1.9888697056689495,-0.9728756972582557,-1.3239087619350807,1,0.0,1.0,0.0,0.0,0.0,1.0,0.0,1.0,0.0,0.0,0.0,0.0,1
-0.017369817407709147,-0.053146204885977294,0.23537212415582678,-0.8315365452422621,-0.7938484758227966,-0.923644575175072,-0.06440077763548119,0.8429571341179722,1,0.0,1.0,0.0,0.0,0.0,1.0,0.0,0.0,0.0,1.0,0.0,0.0,0
-0.7852985870117017,3.7721518825430214,-1.0549928204547967,-0.4226353423843763,-0.782716377627231,-1.2472572730466298,-1.1545706811828107,0.42625215410776973,2,1.0,0.0,0.0,0.0,1.0,0.0,0.0,0.0,0.0,1.0,0.0,0.0,0
1.1893753919699934,-0.4316291834857447,0.9880850085120237,-0.8724266655280506,0.567050528585133,-0.5191287028356245,1.3891590937609581,1.0263073253224613,2,0.0,1.0,0.0,0.0,0.0,1.0,1.0,0.0,0.0,0.0,0.0,0.0,0
-0.017369817407709147,-0.3570421788305225,0.23537212415582678,-0.6781985941705548,0.34440856467381553,-0.4382255283677351,0.48068417413818354,0.7096115405147074,3,0.0,1.0,0.0,0.0,0.0,1.0,1.0,0.0,0.0,0.0,0.0,0.0,0
-0.4561862571814192,-0.16759050267696726,-0.3022799360985996,1.1107441683326953,-0.20663029600669613,0.5326125652469389,0.48068417413818354,0.39291575570695353,3,1.0,0.0,1.0,0.0,0.0,0.0,0.0,1.0,0.0,0.0,0.0,0.0,0
-1.0047068068985567,1.3876406844353844,-0.9474624084039113,-0.13844900639814567,1.6301659062616756,-1.085450924110851,-0.9728756972582557,0.4095839549073616,4,0.0,1.0,1.0,0.0,0.0,0.0,0.0,0.0,0.0,0.0,0.0,1.0,0
0.5311507323094284,0.002734169792474737,0.6654937723593679,0.01182218565212736,-1.1389435198853393,-0.5191287028356245,0.29898919021362863,-0.35715320831141095,1,1.0,0.0,0.0,0.0,0.0,1.0,0.0,0.0,0.0,0.0,1.0,0.0,0
-0.3464821472379917,-0.3452423866267276,-0.19474952404771434,0.08849116118798094,-1.3476703610521998,0.37080621631115973,-0.06440077763548119,1.2263257157273584,4,1.0,0.0,1.0,0.0,0.0,0.0,0.0,0.0,0.0,0.0,0.0,1.0,0
-0.3464821472379917,-0.4975252061449654,-0.19474952404771434,0.5334778951980751,0.6616733632474435,2.393385578008397,-0.6094857294091459,0.49292495090940214,3,1.0,0.0,0.0,0.0,0.0,1.0,1.0,0.0,0.0,0.0,0.0,0.0,1
-0.12707392735113665,-0.34349734693461714,0.02031130005405623,0.2724967024740295,1.7359208391195513,0.5326125652469389,0.29898919021362863,0.7262797397151155,2,0.0,1.0,1.0,0.0,0.0,0.0,0.0,0.0,0.0,0.0,1.0,0.0,0
-1.0047068068985567,-0.24371236017062836,-1.1625232325056818,2.1329971754774095,-0.907952482327347,1.6652570077973916,-0.9728756972582557,-1.4405861563379374,3,0.0,1.0,0.0,0.0,0.0,1.0,1.0,0.0,0.0,0.0,0.0,0.0,1
0.09233429253571836,-0.12545048254899885,0.23537212415582678,1.008518867618224,-0.21219634510447896,0.2899030418432704,0.29898919021362863,0.3762475565065454,2,0.0,1.0,0.0,0.0,0.0,1.0,0.0,0.0,0.0,0.0,1.0,0.0,0
0.20203840247914587,-0.37534309929904286,0.02031130005405623,-0.4635254626701648,-0.1370546822844093,-0.19551600496406651,0.29898919021362863,0.2595701621036887,5,0.0,1.0,0.0,0.0,0.0,1.0,0.0,0.0,0.0,0.0,1.0,0.0,0
-0.12707392735113665,-0.30646046809113997,-0.19474952404771434,1.1107441683326953,1.616250783517218,1.1798379609900547,0.11729420628907372,1.2429939149277667,1,0.0,1.0,0.0,0.0,0.0,1.0,0.0,1.0,0.0,0.0,0.0,0.0,1
0.09233429253571836,-0.3178692149857784,0.1278417121049415,-0.9337618459567335,-0.45710250540692876,-0.8427414007071825,0.6623791580627385,1.0763119229236855,5,1.0,0.0,0.0,0.0,0.0,1.0,0.0,0.0,0.0,0.0,1.0,0.0,0
0.3117425124225734,0.6254347200931536,0.23537212415582678,0.8245133263321753,0.26091782820707116,-0.6809350517714036,-0.427790745484591,-2.3073325147591586,1,0.0,1.0,0.0,0.0,0.0,1.0,0.0,0.0,0.0,0.0,1.0,0.0,0
-0.6755944770682742,-0.6134114835134697,-0.4098103481494849,-0.8826491955994977,1.616250783517218,1.1798379609900547,-0.6094857294091459,0.4429203533081778,2,0.0,1.0,0.0,0.0,0.0,1.0,0.0,1.0,0.0,0.0,0.0,0.0,1
-1.5532273566156942,-0.33877058676018895,-1.8077057048109935,1.0340751927968417,1.2934199358458072,1.3416443099258337,-1.1545706811828107,0.5262613493102183,5,1.0,0.0,1.0,0.0,0.0,0.0,0.0,0.0,0.0,0.0,1.0,0.0,0
1.1893753919699934,-0.19870304508672473,1.095615420562909,-0.6270859438133192,-1.1166793234942074,-0.6809350517714036,2.4793289973082877,1.6763670941383773,4,1.0,0.0,0.0,0.0,0.0,1.0,0.0,0.0,0.0,1.0,0.0,0.0,0
0.5311507323094284,-0.528735509882012,0.34290253620671207,-0.9337618459567335,-1.7623410188370292,-0.19551600496406651,0.11729420628907372,0.3262429589053211,4,0.0,1.0,0.0,0.0,0.0,1.0,0.0,1.0,0.0,0.0,0.0,0.0,0
-0.017369817407709147,-0.5671752637720878,0.02031130005405623,-1.3426630488146192,-1.2419154281943239,-1.0045477496429613,-0.2460957615600361,0.4095839549073616,2,0.0,1.0,0.0,0.0,0.0,1.0,1.0,0.0,0.0,0.0,0.0,0.0,0
-1.2241150267854117,1.076280633152316,-1.3775840566074524,2.1329971754774095,0.5726165776829164,-0.5191287028356245,-0.7911807133337009,1.0929801221240938,4,0.0,1.0,1.0,0.0,0.0,0.0,1.0,0.0,0.0,0.0,0.0,0.0,0
1.518487721800276,-0.3484342939627169,1.2031458326137943,-0.4226353423843763,0.5169560867050866,-0.19551600496406651,1.0257691259118482,0.5095931501098102,2,0.0,1.0,0.0,0.0,0.0,1.0,1.0,0.0,0.0,0.0,0.0,0.0,0
1.1893753919699934,-0.051445157791146875,1.3106762446646796,-0.8315365452422621,-1.072150930711944,-0.923644575175072,1.570854077685513,0.5429295485106265,2,1.0,0.0,0.0,0.0,0.0,1.0,0.0,0.0,0.0,0.0,0.0,1.0,0
-0.12707392735113665,-0.21565974730501986,-0.08721911199682905,-0.2181847409554334,-1.1806888881187114,-0.3573223538998456,0.48068417413818354,0.626270544512667,2,0.0,1.0,1.0,0.0,0.0,0.0,0.0,0.0,1.0,0.0,0.0,0.0,0
-0.6755944770682742,-0.40359123481922954,-0.4098103481494849,0.10893622133087523,0.12733264986028087,0.6944189141827177,0.11729420628907372,-1.207231367532224,5,0.0,1.0,0.0,0.0,1.0,0.0,0.0,0.0,1.0,0.0,0.0,0.0,0
-0.5658903671248466,0.7691194308763147,-0.5173407602003702,2.030771874762938,0.8453529834742802,-0.4382255283677351,0.29898919021362863,0.12622456850042393,1,1.0,0.0,1.0,0.0,0.0,0.0,0.0,1.0,0.0,0.0,0.0,0.0,0
-0.4561862571814192,-0.03856999098717184,-0.08721911199682905,1.1107441683326953,-1.325406164661068,0.1280966929074913,-0.2460957615600361,-1.1572267699309997,2,1.0,0.0,1.0,0.0,0.0,0.0,0.0,1.0,0.0,0.0,0.0,0.0,0
0.4214466223660009,-0.4134406885436068,0.45043294825759733,-0.4635254626701648,-0.20663029600669613,-0.03370965602828762,0.48068417413818354,-0.057125622704065154,2,1.0,0.0,1.0,0.0,0.0,0.0,0.0,0.0,0.0,0.0,1.0,0.0,0
-0.23677803729456418,0.26674841026942986,-0.08721911199682905,-0.6270859438133192,-0.20663029600669613,-1.0045477496429613,0.48068417413818354,0.3762475565065454,2,1.0,0.0,0.0,0.0,0.0,1.0,1.0,0.0,0.0,0.0,0.0,0.0,0
1.6281918317437034,-0.2855444321176361,1.848328304919106,-0.7702013648135791,-0.21219634510447896,-0.6809350517714036,1.2074641098364032,0.6929433413142994,2,0.0,1.0,0.0,0.0,0.0,1.0,0.0,0.0,0.0,0.0,0.0,1.0,0
-0.017369817407709147,-0.03951827586187615,-0.19474952404771434,1.1107441683326953,0.28039900004931156,0.1280966929074913,0.29898919021362863,-0.04045742350365705,1,0.0,1.0,1.0,0.0,0.0,0.0,0.0,0.0,0.0,0.0,1.0,0.0,0
0.9699671720831384,2.2350065409791537,1.418206656715565,0.5996176647603382,-0.38474386713575054,-1.085450924110851,0.8440741419872934,0.5429295485106265,3,0.0,1.0,1.0,0.0,0.0,0.0,0.0,0.0,0.0,0.0,1.0,0.0,0
0.20203840247914587,-0.4853148163665563,0.02031130005405623,0.19071646190245237,-0.07304511765990533,1.584353833329502,-0.2460957615600361,-0.6738489931191648,1,0.0,1.0,0.0,0.0,0.0,1.0,0.0,0.0,0.0,0.0,1.0,0.0,1
-0.017369817407709147,-0.4851192937119781,0.34290253620671207,-0.32041004166990483,0.060540060686885465,0.6944189141827177,0.29898919021362863,0.30957475970491305,1,0.0,1.0,0.0,0.0,0.0,1.0,0.0,0.0,0.0,1.0,0.0,0.0,1
-0.017369817407709147,-0.5742776241996412,0.02031130005405623,-0.7906464249564734,-0.17045097687110677,0.6944189141827177,-0.06440077763548119,-0.6071761963175324,5,0.0,1.0,0.0,0.0,0.0,1.0,0.0,0.0,0.0,0.0,0.0,1.0,0
1.737895941687131,-0.5792634518913856,1.2031458326137943,-1.035987146671205,-0.4904987999936262,-0.03370965602828762,2.8427189651573976,-0.007121025102840856,2,1.0,0.0,0.0,0.0,0.0,1.0,0.0,1.0,0.0,0.0,0.0,0.0,0
-1.6629314665591217,0.5532135395583279,-1.270053644556567,2.1329971754774095,1.396391844154792,-0.19551600496406651,-1.6996556329564754,0.19289736530205634,3,0.0,1.0,1.0,0.0,0.0,0.0,1.0,0.0,0.0,0.0,0.0,0.0,1
0.6408548422528559,-0.36380726267892854,0.6654937723593679,0.08849116118798094,-0.17045097687110677,0.4517093907790493,-0.6094857294091459,-0.6571807939187567,1,1.0,0.0,1.0,0.0,0.0,0.0,1.0,0.0,0.0,0.0,0.0,0.0,1
-0.6755944770682742,1.8242134437103377,-0.5173407602003702,1.1107441683326953,0.569833553134025,-0.923644575175072,-0.6094857294091459,-2.2906643155587503,3,1.0,0.0,0.0,0.0,0.0,1.0,0.0,1.0,0.0,0.0,0.0,0.0,0
0.3117425124225734,-0.31026338372268614,0.45043294825759733,-0.049512994776555505,0.18577616538700154,0.04719351843960194,-0.6094857294091459,0.30957475970491305,5,1.0,0.0,0.0,0.0,0.0,1.0,0.0,0.0,1.0,0.0,0.0,0.0,0
-0.12707392735113665,-0.16914490778086402,-0.3022799360985996,-1.1382124473856763,-1.283660796427696,-1.085450924110851,0.48068417413818354,-1.023881176327735,4,0.0,1.0,1.0,0.0,0.0,0.0,0.0,0.0,0.0,0.0,1.0,0.0,0
1.299079501913421,-0.5263110289652422,1.2031458326137943,-1.189325097742912,-0.011818577584292759,-0.761838226239293,2.4793289973082877,-0.40715780591263523,2,1.0,0.0,1.0,0.0,0.0,0.0,0.0,0.0,0.0,0.0,1.0,0.0,0
-1.9920437963894042,1.0645590500103523,-1.8077057048109935,2.1329971754774095,-0.4904987999936262,-0.5191287028356245,-2.063045600805585,-1.2739041643338564,2,0.0,1.0,1.0,0.0,0.0,0.0,1.0,0.0,0.0,0.0,0.0,0.0,0
1.4087836118568484,-0.40212970297625744,1.3106762446646796,0.5996176647603382,-1.1806888881187114,1.3416443099258337,2.4793289973082877,0.9096299309196046,1,1.0,0.0,0.0,0.0,0.0,1.0,1.0,0.0,0.0,0.0,0.0,0.0,1
0.5311507323094284,0.6393559330991221,0.5579633603084826,1.1107441683326953,1.0373816773477922,-0.6000318773035141,-0.2460957615600361,-1.1405585707305916,2,0.0,1.0,1.0,0.0,0.0,0.0,0.0,0.0,0.0,1.0,0.0,0.0,1
0.20203840247914587,-0.13912729223674455,-0.19474952404771434,-0.688421124242002,-1.077716979809727,-0.8427414007071825,0.29898919021362863,0.8929617317191965,1,0.0,1.0,1.0,0.0,0.0,0.0,0.0,0.0,0.0,0.0,0.0,1.0,0
-0.017369817407709147,-0.19879103028128492,0.1278417121049415,-0.8570928704208799,0.34440856467381553,-0.8427414007071825,0.11729420628907372,-1.8406229371477318,1,1.0,0.0,0.0,0.0,0.0,1.0,0.0,0.0,0.0,0.0,0.0,1.0,0
-0.5658903671248466,-0.45697869565180943,-0.5173407602003702,-1.035987146671205,0.4835597921183892,-0.6809350517714036,-0.06440077763548119,1.2429939149277667,5,0.0,1.0,0.0,0.0,1.0,0.0,0.0,0.0,0.0,0.0,0.0,1.0,0
1.8476000516305584,-0.4634944881156282,1.848328304919106,-1.0768772669569935,-1.1862549372164943,-0.761838226239293,1.7525490616100678,-0.5405033995159,3,0.0,1.0,1.0,0.0,0.0,0.0,0.0,0.0,0.0,0.0,1.0,0.0,0
-0.6755944770682742,-0.4337554923542827,-0.9474624084039113,0.5996176647603382,-0.10365838769771137,1.6652570077973916,-0.06440077763548119,0.4429203533081778,1,1.0,0.0,0.0,0.0,0.0,1.0,0.0,0.0,0.0,1.0,0.0,0.0,1
-0.23677803729456418,-0.3773716468402918,-0.08721911199682905,-1.1382124473856763,1.42978813874149,-0.923644575175072,0.11729420628907372,-0.8071945867224296,2,1.0,0.0,0.0,0.0,0.0,1.0,0.0,1.0,0.0,0.0,0.0,0.0,1
0.7505589521962834,-0.2729038924991549,0.9880850085120237,0.07060173356294844,-1.5925765213546492,0.04719351843960194,-0.427790745484591,0.8762935325187884,1,0.0,1.0,1.0,0.0,0.0,0.0,0.0,0.0,0.0,0.0,0.0,1.0,0
0.5311507323094284,-0.4797082042465262,0.6654937723593679,-0.688421124242002,-1.0443206852230293,-0.03370965602828762,0.11729420628907372,1.1096483213245019,3,0.0,1.0,1.0,0.0,0.0,0.0,0.0,0.0,1.0,0.0,0.0,0.0,0
-1.4435232466722667,0.639966941394679,-1.3775840566074524,2.1329971754774095,0.8787492780609782,-0.2764191794319561,-1.1545706811828107,-0.09046202110488136,1,0.0,1.0,1.0,0.0,0.0,0.0,1.0,0.0,0.0,0.0,0.0,0.0,1
0.5311507323094284,-0.4554731712115572,0.02031130005405623,-0.4226353423843763,0.567050528585133,0.2899030418432704,0.29898919021362863,-2.390673510761199,2,0.0,1.0,0.0,0.0,0.0,1.0,0.0,0.0,0.0,1.0,0.0,0.0,0
0.8602630621397109,-0.2759198294460238,0.6654937723593679,-0.6270859438133192,-0.07304511765990533,-0.6000318773035141,-0.06440077763548119,1.4096759069318476,3,1.0,0.0,1.0,0.0,0.0,0.0,0.0,0.0,0.0,1.0,0.0,0.0,0
-1.2241150267854117,0.9158396308718025,-0.9474624084039113,1.1107441683326953,0.583748675878482,-0.6809350517714036,-1.3362656651073657,-0.5738397979167162,1,1.0,0.0,1.0,0.0,0.0,0.0,0.0,0.0,0.0,0.0,0.0,1.0,0
0.3117425124225734,-0.3386239447692553,0.5579633603084826,0.5996176647603382,0.4084181292983195,0.8562252631184969,0.48068417413818354,1.0929801221240938,2,0.0,1.0,0.0,0.0,1.0,0.0,0.0,0.0,0.0,1.0,0.0,0.0,0
0.20203840247914587,0.31192880767608944,0.45043294825759733,1.1107441683326953,-0.593470708302611,-0.3573223538998456,-0.6094857294091459,-0.8405309851232459,1,1.0,0.0,1.0,0.0,0.0,0.0,0.0,0.0,0.0,0.0,0.0,1.0,0
-0.4561862571814192,0.47722365985650705,-0.3022799360985996,-1.1382124473856763,-1.1333774707875566,-1.2472572730466298,-0.427790745484591,0.5595977477110345,3,1.0,0.0,1.0,0.0,0.0,0.0,1.0,0.0,0.0,0.0,0.0,0.0,0
0.8602630621397109,-0.24730508894850295,0.9880850085120237,0.5996176647603382,0.0661061097846683,0.4517093907790493,0.48068417413818354,1.326334910929807,5,1.0,0.0,0.0,0.0,0.0,1.0,0.0,0.0,0.0,0.0,1.0,0.0,0
-0.6755944770682742,0.21228557483666985,-0.5173407602003702,1.6218706719050526,-1.072150930711944,-0.03370965602828762,-0.06440077763548119,-0.24047581390855424,2,0.0,1.0,1.0,0.0,0.0,0.0,0.0,0.0,0.0,1.0,0.0,0.0,0
1.1893753919699934,-0.6623165874898441,1.095615420562909,-1.3017729285288306,-0.20663029600669613,0.1280966929074913,2.4793289973082877,-0.3071486107101866,1,0.0,1.0,0.0,0.0,1.0,0.0,0.0,0.0,0.0,0.0,0.0,1.0,1
2.396120601347696,0.007485370298725208,2.601041189275303,0.5996176647603382,-0.1788000505177815,-0.19551600496406651,1.9342440455346228,-0.10713022030528944,2,0.0,1.0,1.0,0.0,0.0,0.0,0.0,0.0,0.0,0.0,1.0,0.0,0
-0.6755944770682742,-0.119975848220809,-0.3022799360985996,0.5996176647603382,1.2795048131013507,0.04719351843960194,0.29898919021362863,0.3595793573061373,2,1.0,0.0,1.0,0.0,0.0,0.0,0.0,0.0,0.0,0.0,1.0,0.0,0
0.4214466223660009,-0.4909849733493244,0.45043294825759733,-0.9848744963139692,0.25813480365817976,-0.5191287028356245,-0.2460957615600361,-0.5905079971171243,1,1.0,0.0,0.0,0.0,0.0,1.0,0.0,0.0,0.0,0.0,1.0,0.0,0
-1.7726355765025492,0.06513033693474557,-2.1302969409636496,2.1329971754774095,1.80827947739073,0.4517093907790493,-2.063045600805585,0.30957475970491305,3,0.0,1.0,1.0,0.0,0.0,0.0,0.0,1.0,0.0,0.0,0.0,0.0,0
-0.017369817407709147,-0.5765799034572997,-0.19474952404771434,-1.2404377481001478,2.2953087734467377,-0.6809350517714036,-0.2460957615600361,1.0429755245228693,2,1.0,0.0,0.0,0.0,0.0,1.0,0.0,0.0,0.0,0.0,1.0,0.0,0
0.4214466223660009,-0.1393277029576872,0.5579633603084826,-0.9337618459567335,-1.3170570910143937,-1.0045477496429613,0.11729420628907372,-0.07379382190447326,1,1.0,0.0,1.0,0.0,0.0,0.0,0.0,0.0,0.0,1.0,0.0,0.0,0
0.4214466223660009,-0.3797179186952303,0.45043294825759733,-0.4226353423843763,-0.011818577584292759,-0.11461283049617718,0.11729420628907372,0.7929525365167479,3,1.0,0.0,0.0,0.0,0.0,1.0,0.0,0.0,0.0,0.0,1.0,0.0,1
0.6408548422528559,-0.40825933819728427,0.5579633603084826,-0.8315365452422621,0.6505412650518774,-0.5191287028356245,-0.6094857294091459,-1.4239179571375293,3,1.0,0.0,0.0,0.0,0.0,1.0,0.0,1.0,0.0,0.0,0.0,0.0,1
-0.4561862571814192,-0.5964254528969879,-0.4098103481494849,-1.3426630488146192,1.262806665808001,-0.923644575175072,-0.2460957615600361,-1.057217574728551,2,0.0,1.0,0.0,0.0,1.0,0.0,0.0,0.0,0.0,0.0,0.0,1.0,0
-0.4561862571814192,0.476954816206462,-0.08721911199682905,0.5996176647603382,-0.07582814220879674,-0.6809350517714036,-0.6094857294091459,-2.724037494769361,1,1.0,0.0,1.0,0.0,0.0,0.0,0.0,0.0,0.0,1.0,0.0,0.0,0
-0.6755944770682742,0.22037043660347877,-0.6248711722512554,-1.260882808243042,-1.0443206852230293,-1.2472572730466298,0.29898919021362863,-0.15713481790651374,4,0.0,1.0,0.0,0.0,0.0,1.0,0.0,0.0,1.0,0.0,0.0,0.0,0
-2.321156126219687,-0.5818199105999956,-2.1302969409636496,0.08849116118798094,-0.5879046592048276,3.6069331950267394,-2.24474058473014,-1.707277343544467,2,1.0,0.0,1.0,0.0,0.0,0.0,0.0,1.0,0.0,0.0,0.0,0.0,1
0.3117425124225734,-0.5130399287857463,0.45043294825759733,-1.035987146671205,0.8926644008054357,-0.5191287028356245,0.48068417413818354,0.7762843373163398,3,0.0,1.0,0.0,0.0,0.0,1.0,0.0,0.0,0.0,0.0,1.0,0.0,0
-0.12707392735113665,-0.1394156881522474,-0.3022799360985996,-0.4226353423843763,1.3184671567858304,-0.6000318773035141,0.29898919021362863,-2.374005311560791,2,0.0,1.0,0.0,0.0,0.0,1.0,0.0,0.0,0.0,0.0,0.0,1.0,0
0.9699671720831384,-0.3315851292044398,0.6654937723593679,-0.6270859438133192,-0.20663029600669613,-0.4382255283677351,2.8427189651573976,0.7929525365167479,1,0.0,1.0,0.0,0.0,0.0,1.0,0.0,0.0,0.0,0.0,0.0,1.0,0
-0.23677803729456418,-0.2663196671062337,-0.3022799360985996,-0.42519097490223806,1.262806665808001,-0.4382255283677351,0.29898919021362863,-0.5571715987163082,1,1.0,0.0,0.0,0.0,0.0,1.0,0.0,0.0,0.0,0.0,0.0,1.0,1
0.6408548422528559,-0.3672191330013183,0.6654937723593679,0.08849116118798094,-1.325406164661068,0.4517093907790493,-0.06440077763548119,-0.35715320831141095,4,0.0,1.0,1.0,0.0,0.0,0.0,1.0,0.0,0.0,0.0,0.0,0.0,0
0.4214466223660009,-0.41996136907379006,0.1278417121049415,-0.8315365452422621,-1.283660796427696,-0.5191287028356245,0.11729420628907372,-1.2739041643338564,2,0.0,1.0,1.0,0.0,0.0,0.0,0.0,0.0,0.0,0.0,1.0,0.0,0
0.5311507323094284,-0.2574429385883831,0.23537212415582678,0.01826237959713906,-1.0443206852230293,-0.03370965602828762,0.11729420628907372,-0.25714401310896234,1,1.0,0.0,0.0,0.0,0.0,1.0,1.0,0.0,0.0,0.0,0.0,0.0,0
-1.8823396864459767,-0.13426366620411162,-2.1302969409636496,2.1329971754774095,2.097714030475443,1.098934786522165,-2.24474058473014,-0.007121025102840856,1,0.0,1.0,1.0,0.0,0.0,0.0,0.0,0.0,0.0,1.0,0.0,0.0,1
0.20203840247914587,-0.40244742728994704,0.02031130005405623,-0.9848744963139692,0.17186104264254398,-0.761838226239293,0.6623791580627385,0.7762843373163398,3,0.0,1.0,0.0,0.0,0.0,1.0,0.0,0.0,0.0,0.0,1.0,0.0,0
-1.2241150267854117,0.6708546327516715,-1.1625232325056818,1.1107441683326953,1.6273828817127847,-0.6000318773035141,-0.6094857294091459,-0.6405125947183486,4,0.0,1.0,1.0,0.0,0.0,0.0,0.0,1.0,0.0,0.0,0.0,0.0,1
-0.6755944770682742,0.1844382607583685,-0.3022799360985996,-1.1382124473856763,-1.2419154281943239,-1.1663540985787406,0.48068417413818354,0.9262981301200127,1,0.0,1.0,1.0,0.0,0.0,0.0,0.0,1.0,0.0,0.0,0.0,0.0,0
0.6408548422528559,-0.2274986440397304,1.095615420562909,-0.6577535340276606,-0.590687683753719,-0.6809350517714036,-0.6094857294091459,-1.0738857739289591,1,1.0,0.0,1.0,0.0,0.0,0.0,1.0,0.0,0.0,0.0,0.0,0.0,0
-0.12707392735113665,0.14768488976402971,-0.19474952404771434,1.1107441683326953,-0.46545157905360296,-0.19551600496406651,-0.6094857294091459,0.09288817009960774,2,1.0,0.0,1.0,0.0,0.0,0.0,0.0,0.0,1.0,0.0,0.0,0.0,0
-0.017369817407709147,-0.5130154884539241,0.23537212415582678,-0.7088661843848962,0.0661061097846683,0.20899986737538084,0.29898919021362863,1.3930077077314396,2,1.0,0.0,1.0,0.0,0.0,0.0,1.0,0.0,0.0,0.0,0.0,0.0,0
0.8602630621397109,-0.35206123920514265,0.5579633603084826,0.8040682661892811,1.6663452253972644,1.1798379609900547,0.11729420628907372,0.8596253333183803,3,1.0,0.0,1.0,0.0,0.0,0.0,1.0,0.0,0.0,0.0,0.0,0.0,1
-0.5658903671248466,2.8239647691659986,-0.8399319963530261,0.19071646190245237,-0.418140161722448,-1.1663540985787406,-0.06440077763548119,-0.8571991843236539,1,1.0,0.0,0.0,0.0,1.0,0.0,0.0,0.0,1.0,0.0,0.0,0.0,0
-0.5658903671248466,-0.5689740721942074,-0.4098103481494849,-1.0564322068140992,-0.20663029600669613,-0.19551600496406651,-0.6094857294091459,-1.6739409451436507,5,0.0,1.0,0.0,0.0,0.0,1.0,0.0,0.0,0.0,1.0,0.0,0.0,1
0.09233429253571836,-0.561808166903916,0.45043294825759733,-0.9260949484031481,-0.32351732706013797,0.1280966929074913,-0.427790745484591,1.0096391261220532,1,1.0,0.0,0.0,0.0,0.0,1.0,0.0,0.0,0.0,1.0,0.0,0.0,0
0.09233429253571836,-0.5503652035447263,-0.4098103481494849,-0.6270859438133192,0.0661061097846683,0.7753220886506074,0.48068417413818354,-0.7905263875220215,2,1.0,0.0,0.0,0.0,0.0,1.0,0.0,0.0,0.0,1.0,0.0,0.0,1
0.20203840247914587,-0.015512981946036584,0.23537212415582678,-0.16073412195390044,-0.4682346036024944,-0.6000318773035141,0.6623791580627385,0.009547174097567243,4,1.0,0.0,1.0,0.0,0.0,0.0,0.0,0.0,0.0,0.0,1.0,0.0,0
-1.5532273566156942,0.007368056705978282,-1.7001752927601084,-0.9337618459567335,-1.4784725148500988,-1.085450924110851,-1.1545706811828107,1.0929801221240938,5,0.0,1.0,1.0,0.0,0.0,0.0,0.0,0.0,0.0,0.0,0.0,1.0,0
0.4214466223660009,0.0949035491606423,0.1278417121049415,-0.6270859438133192,-0.20663029600669613,-0.923644575175072,-0.06440077763548119,0.026215373297975342,4,0.0,1.0,0.0,0.0,0.0,1.0,0.0,0.0,0.0,0.0,0.0,1.0,0
-0.23677803729456418,-0.5301383849286107,-0.19474952404771434,-0.2181847409554334,1.1820989538901487,1.4225474843937234,-0.06440077763548119,0.05955177169879154,2,1.0,0.0,0.0,0.0,1.0,0.0,0.0,0.0,0.0,0.0,1.0,0.0,0
-0.017369817407709147,-0.33823778752646333,0.1278417121049415,0.027155980759298076,-1.1806888881187114,0.20899986737538084,0.48068417413818354,-0.42382600511304336,1,1.0,0.0,0.0,0.0,1.0,0.0,0.0,0.0,0.0,0.0,1.0,0.0,0
0.09233429253571836,0.33296215724234024,-0.08721911199682905,-0.7293112445277906,-1.6037086195502153,-1.085450924110851,-0.427790745484591,0.626270544512667,3,1.0,0.0,0.0,0.0,0.0,1.0,0.0,0.0,1.0,0.0,0.0,0.0,0
0.9699671720831384,-0.6083718870917164,1.095615420562909,-1.321809087468867,-0.20663029600669613,-0.8427414007071825,1.0257691259118482,-0.44049420431345143,2,1.0,0.0,0.0,0.0,0.0,1.0,0.0,1.0,0.0,0.0,0.0,0.0,1
1.079671282026566,-0.31230170739666396,1.3106762446646796,0.5996176647603382,1.065211922836707,0.6944189141827177,0.8440741419872934,0.5595977477110345,2,0.0,1.0,0.0,0.0,0.0,1.0,0.0,0.0,0.0,0.0,1.0,0.0,1
1.079671282026566,-0.3907307322143479,0.6654937723593679,-0.4226353423843763,-0.20663029600669613,-0.03370965602828762,2.6610239812328427,0.30957475970491305,1,0.0,1.0,1.0,0.0,0.0,0.0,0.0,0.0,0.0,0.0,1.0,0.0,0
0.3117425124225734,-0.5175369498410451,0.23537212415582678,-1.3426630488146192,0.9678060636255055,-1.085450924110851,-0.6094857294091459,0.642938743713075,2,0.0,1.0,1.0,0.0,0.0,0.0,0.0,0.0,0.0,1.0,0.0,0.0,0
0.8602630621397109,0.006893914268626127,0.8805545964611385,-0.2181847409554334,-0.593470708302611,-0.6809350517714036,-0.427790745484591,0.04288357249838344,1,1.0,0.0,0.0,0.0,0.0,1.0,0.0,0.0,0.0,1.0,0.0,0.0,0
-0.3464821472379917,-0.3734514176159987,-0.7324015843021408,1.008518867618224,0.21638943542480757,1.584353833329502,0.11729420628907372,-0.9738765787265106,2,0.0,1.0,0.0,0.0,0.0,1.0,1.0,0.0,0.0,0.0,0.0,0.0,1
4.590202800216246,-0.14073546607065032,4.429058194140353,-0.4226353423843763,-1.1806888881187114,-0.6000318773035141,1.7525490616100678,2.2264176677518446,1,0.0,1.0,1.0,0.0,0.0,0.0,0.0,0.0,0.0,0.0,1.0,0.0,0
-0.017369817407709147,-0.3966355163826098,0.1278417121049415,0.5996176647603382,-0.907952482327347,1.2607411354579443,-0.06440077763548119,0.34291115810572925,1,0.0,1.0,1.0,0.0,0.0,0.0,1.0,0.0,0.0,0.0,0.0,0.0,0
-1.1144109168419842,1.3436383110225585,-1.270053644556567,1.1107441683326953,0.021577717002404694,-0.8427414007071825,-0.7911807133337009,-1.2405677659330403,3,0.0,1.0,1.0,0.0,0.0,0.0,0.0,0.0,0.0,0.0,1.0,0.0,0
-0.5658903671248466,0.43222900897169675,-0.6248711722512554,1.172079348761378,-1.6037086195502153,-0.4382255283677351,0.48068417413818354,-0.5071670011150838,1,0.0,1.0,1.0,0.0,0.0,0.0,1.0,0.0,0.0,0.0,0.0,0.0,0
0.20203840247914587,-0.3338971845948271,0.23537212415582678,-0.31816108505418644,-0.9469148260118279,-0.11461283049617718,0.29898919021362863,1.0263073253224613,3,0.0,1.0,0.0,0.0,0.0,1.0,1.0,0.0,0.0,0.0,0.0,0.0,0
-0.12707392735113665,-0.3896064769505232,0.02031130005405623,-1.2915503984573835,-0.9552638996585021,-1.1663540985787406,-0.06440077763548119,-1.057217574728551,1,0.0,1.0,1.0,0.0,0.0,0.0,1.0,0.0,0.0,0.0,0.0,0.0,0
-0.6755944770682742,-0.402887353262748,-0.19474952404771434,-0.6270859438133192,1.5967696116749777,-0.2764191794319561,-0.06440077763548119,1.0096391261220532,4,1.0,0.0,0.0,0.0,0.0,1.0,0.0,0.0,0.0,0.0,1.0,0.0,0
2.615528821234551,-0.449060028141392,2.7085716013261885,-0.7829795274028881,-0.4904987999936262,-0.2764191794319561,1.9342440455346228,1.142984719725318,2,0.0,1.0,0.0,0.0,0.0,1.0,0.0,0.0,0.0,1.0,0.0,0.0,0
1.079671282026566,-0.3187392907986515,0.6654937723593679,-0.9337618459567335,-0.1370546822844093,-0.8427414007071825,1.0257691259118482,0.15956096690124014,1,0.0,1.0,0.0,0.0,0.0,1.0,0.0,1.0,0.0,0.0,0.0,0.0,0
-0.23677803729456418,-0.27191650309353493,-0.3022799360985996,1.1107441683326953,1.7860152809995986,0.9371284375863864,-0.2460957615600361,-1.7739501403460993,4,0.0,1.0,0.0,0.0,0.0,1.0,0.0,0.0,0.0,1.0,0.0,0.0,1
-2.2114520162762594,-0.31401741869058775,-2.1302969409636496,2.030771874762938,1.6218168326150009,2.150676054604728,-1.8813506168810303,0.6762751421138912,4,1.0,0.0,0.0,0.0,0.0,1.0,0.0,1.0,0.0,0.0,0.0,0.0,1
1.737895941687131,3.8777927728116275,1.848328304919106,-0.9848744963139692,-1.3476703610521998,-1.3281604475145194,0.8440741419872934,0.12622456850042393,2,0.0,1.0,1.0,0.0,0.0,0.0,0.0,0.0,0.0,0.0,1.0,0.0,0
0.4214466223660009,0.3588151402439439,0.45043294825759733,0.39516706333139523,-0.512762996384758,-0.6809350517714036,-0.6094857294091459,-0.023789224303248955,1,1.0,0.0,1.0,0.0,0.0,0.0,0.0,0.0,0.0,0.0,0.0,1.0,0
-0.5658903671248466,-0.43172205674666936,-0.7324015843021408,-0.6270859438133192,-0.590687683753719,-0.19551600496406651,0.48068417413818354,1.509685102134296,5,1.0,0.0,0.0,0.0,0.0,1.0,0.0,1.0,0.0,0.0,0.0,0.0,0
-1.1144109168419842,0.5941510953606403,-1.1625232325056818,1.9285465740484666,2.2953087734467377,-0.3573223538998456,-0.9728756972582557,0.17622916610164824,1,0.0,1.0,1.0,0.0,0.0,0.0,0.0,0.0,1.0,0.0,0.0,0.0,0
-1.2241150267854117,1.2112939142049335,-1.1625232325056818,-0.4226353423843763,-1.6037086195502153,-1.085450924110851,-1.3362656651073657,0.49292495090940214,3,0.0,1.0,1.0,0.0,0.0,0.0,0.0,0.0,0.0,1.0,0.0,0.0,0
-1.9920437963894042,-0.13944501655043415,-2.1302969409636496,2.1329971754774095,-1.072150930711944,1.098934786522165,-1.6996556329564754,-2.590691901166096,3,1.0,0.0,1.0,0.0,0.0,0.0,0.0,1.0,0.0,0.0,0.0,0.0,0
-2.321156126219687,-0.44762293663024216,-1.8077057048109935,1.1107441683326953,0.2720499264026373,2.5551919269441763,-2.063045600805585,0.3762475565065454,3,1.0,0.0,0.0,0.0,0.0,1.0,0.0,1.0,0.0,0.0,0.0,0.0,1
-0.4561862571814192,-0.1340437032177111,-0.7324015843021408,-0.4226353423843763,2.033704465850939,-0.6000318773035141,-0.06440077763548119,-1.1905631683318159,1,0.0,1.0,0.0,0.0,1.0,0.0,0.0,0.0,0.0,0.0,0.0,1.0,0
0.3117425124225734,-0.005751513416219518,0.23537212415582678,-0.4635254626701648,0.6227110195629628,-0.761838226239293,-0.427790745484591,1.5763578989359286,5,0.0,1.0,1.0,0.0,0.0,0.0,0.0,1.0,0.0,0.0,0.0,0.0,1
-1.6629314665591217,-0.4616859035607798,-1.592644880709223,0.5996176647603382,-1.3476703610521998,1.9888697056689495,-1.1545706811828107,-2.540687303564872,2,0.0,1.0,0.0,0.0,0.0,1.0,1.0,0.0,0.0,0.0,0.0,0.0,1
-1.0047068068985567,1.3444008493754136,-1.1625232325056818,1.0571781107583123,0.013228643355730454,-0.8427414007071825,-0.6094857294091459,-0.09046202110488136,2,1.0,0.0,1.0,0.0,0.0,0.0,0.0,0.0,0.0,0.0,1.0,0.0,0
-0.5658903671248466,-0.4075212401762516,-0.5173407602003702,-1.035987146671205,1.0846930946789473,-0.761838226239293,0.48068417413818354,-0.9738765787265106,1,0.0,1.0,1.0,0.0,0.0,0.0,0.0,0.0,0.0,1.0,0.0,0.0,1
-1.8823396864459767,1.444019641883011,-1.9152361168618788,2.1329971754774095,-0.30681917976678896,-0.6809350517714036,-2.24474058473014,-0.29048041150977855,2,0.0,1.0,1.0,0.0,0.0,0.0,0.0,0.0,0.0,0.0,0.0,1.0,0
0.3117425124225734,0.12398265596278638,0.5579633603084826,-0.7293112445277906,-1.2419154281943239,-1.0045477496429613,0.48068417413818354,1.3596713093306232,4,1.0,0.0,1.0,0.0,0.0,0.0,0.0,0.0,1.0,0.0,0.0,0.0,0
1.299079501913421,-0.5783396073485035,1.3106762446646796,-0.9337618459567335,-0.20663029600669613,0.2899030418432704,2.4793289973082877,0.17622916610164824,5,0.0,1.0,0.0,0.0,0.0,1.0,0.0,0.0,0.0,1.0,0.0,0.0,0
-0.12707392735113665,-0.05136206066295114,-0.08721911199682905,1.6218706719050526,-0.512762996384758,0.5326125652469389,0.48068417413818354,0.6096023453122588,2,0.0,1.0,1.0,0.0,0.0,0.0,0.0,0.0,0.0,0.0,0.0,1.0,0
-0.017369817407709147,-0.0533857201378356,0.34290253620671207,-0.3408551018127991,0.7006357069319238,-0.6809350517714036,0.48068417413818354,0.22623376370287254,2,0.0,1.0,1.0,0.0,0.0,0.0,0.0,0.0,0.0,0.0,0.0,1.0,0
-0.23677803729456418,0.03726835865735084,-0.5173407602003702,1.0340751927968417,-0.20663029600669613,-0.03370965602828762,0.48068417413818354,0.04288357249838344,2,1.0,0.0,0.0,0.0,0.0,1.0,1.0,0.0,0.0,0.0,0.0,0.0,0
1.4087836118568484,-0.23768537434325507,1.3106762446646796,-0.6270859438133192,-0.20663029600669613,-0.6809350517714036,2.6610239812328427,-0.023789224303248955,1,1.0,0.0,1.0,0.0,0.0,0.0,1.0,0.0,0.0,0.0,0.0,0.0,1
-0.6755944770682742,0.7695251403845645,-0.7324015843021408,-1.035987146671205,-1.283660796427696,-1.2472572730466298,-0.427790745484591,0.476256751708994,1,0.0,1.0,1.0,0.0,0.0,0.0,0.0,0.0,0.0,0.0,0.0,1.0,0
0.7505589521962834,-0.40279936806818784,0.6654937723593679,0.39516706333139523,0.7646452715564278,1.0180316120542756,1.3891590937609581,-0.5238352003154919,1,1.0,0.0,0.0,0.0,0.0,1.0,0.0,0.0,0.0,0.0,1.0,0.0,1
-2.101747906332832,-0.5028092058849415,-2.1302969409636496,0.5996176647603382,1.1820989538901487,2.6360951014120655,-2.24474058473014,-0.023789224303248955,1,1.0,0.0,0.0,0.0,0.0,1.0,0.0,1.0,0.0,0.0,0.0,0.0,1
0.20203840247914587,-0.5986104185618993,0.34290253620671207,-1.322217988671725,-1.1389435198853393,-0.8427414007071825,-0.06440077763548119,0.10955636930001583,3,0.0,1.0,0.0,0.0,0.0,1.0,1.0,0.0,0.0,0.0,0.0,0.0,0
-0.12707392735113665,-0.10279429494974893,-0.6248711722512554,1.1107441683326953,1.3546464759214203,0.2899030418432704,-0.2460957615600361,-2.0239731283522207,3,0.0,1.0,1.0,0.0,0.0,0.0,0.0,0.0,0.0,0.0,0.0,1.0,1
-0.017369817407709147,-0.2680451545328864,-0.08721911199682905,-0.2181847409554334,1.396391844154792,-0.19551600496406651,-0.2460957615600361,-0.40715780591263523,4,1.0,0.0,0.0,0.0,0.0,1.0,0.0,0.0,0.0,1.0,0.0,0.0,1
0.3117425124225734,-0.538013059841748,0.02031130005405623,-0.8315365452422621,-1.6037086195502153,0.1280966929074913,-0.2460957615600361,-0.023789224303248955,1,1.0,0.0,1.0,0.0,0.0,0.0,0.0,0.0,0.0,0.0,1.0,0.0,1
-0.6755944770682742,0.3117772776187913,-0.7324015843021408,-0.48397052281305913,1.0763440210322726,-0.923644575175072,-0.6094857294091459,-2.1573187219554857,1,0.0,1.0,1.0,0.0,0.0,0.0,0.0,0.0,0.0,1.0,0.0,0.0,1
-0.017369817407709147,-0.5887218603066064,-0.4098103481494849,-1.3297826609245957,0.8425699589253889,-0.923644575175072,-0.2460957615600361,0.17622916610164824,1,1.0,0.0,0.0,0.0,0.0,1.0,1.0,0.0,0.0,0.0,0.0,0.0,1
-1.1144109168419842,0.47641224084000744,-1.270053644556567,2.1329971754774095,2.0253553922042653,-0.11461283049617718,-1.1545706811828107,-0.09046202110488136,2,1.0,0.0,0.0,0.0,0.0,1.0,0.0,0.0,1.0,0.0,0.0,0.0,0
0.5311507323094284,-0.5207435213761278,0.5579633603084826,-1.1382124473856763,0.34440856467381553,-0.6809350517714036,-0.6094857294091459,-0.29048041150977855,2,0.0,1.0,0.0,0.0,0.0,1.0,0.0,0.0,1.0,0.0,0.0,0.0,1
0.8602630621397109,-0.49729546702583605,1.095615420562909,-0.9337618459567335,-1.6593691105280446,-0.3573223538998456,-0.427790745484591,-0.6238443955179406,3,0.0,1.0,0.0,0.0,0.0,1.0,0.0,0.0,0.0,0.0,0.0,1.0,0
-0.3464821472379917,-0.5181088536056864,-0.19474952404771434,-0.4226353423843763,1.0986082174234044,0.8562252631184969,0.11729420628907372,-0.07379382190447326,2,0.0,1.0,0.0,0.0,0.0,1.0,0.0,0.0,0.0,1.0,0.0,0.0,1
1.737895941687131,4.582177800128718,2.1709195410717617,0.5587275444745495,0.6199279950140714,-1.1663540985787406,2.4793289973082877,0.626270544512667,4,0.0,1.0,0.0,0.0,0.0,1.0,1.0,0.0,0.0,0.0,0.0,0.0,0
-0.3464821472379917,0.3723257556752981,-0.08721911199682905,-0.16707209059819766,-1.7623410188370292,-0.8427414007071825,-0.06440077763548119,0.3595793573061373,2,0.0,1.0,0.0,0.0,0.0,1.0,1.0,0.0,0.0,0.0,0.0,0.0,0
0.09233429253571836,-0.4442990515024126,0.34290253620671207,0.08849116118798094,-0.7994145249205795,1.0180316120542756,-0.427790745484591,0.5262613493102183,1,0.0,1.0,1.0,0.0,0.0,0.0,0.0,0.0,0.0,1.0,0.0,0.0,0
-0.5658903671248466,-0.4617347842244244,-0.3022799360985996,0.7273992906534275,0.34440856467381553,2.150676054604728,0.29898919021362863,0.05955177169879154,3,1.0,0.0,0.0,0.0,0.0,1.0,0.0,0.0,0.0,0.0,0.0,1.0,1
0.8602630621397109,-0.43906393242608105,0.6654937723593679,0.5996176647603382,2.2953087734467377,1.6652570077973916,-0.6094857294091459,-0.9572083795261025,3,1.0,0.0,0.0,0.0,0.0,1.0,0.0,0.0,0.0,1.0,0.0,0.0,1
0.09233429253571836,0.11375193306198161,0.34290253620671207,-0.4328578724558234,-1.325406164661068,-0.8427414007071825,-0.06440077763548119,-0.7738581883216135,2,0.0,1.0,1.0,0.0,0.0,0.0,0.0,0.0,1.0,0.0,0.0,0.0,0
-1.0047068068985567,-0.0032537115039829026,-0.9474624084039113,2.1329971754774095,1.5967696116749777,0.6944189141827177,-1.3362656651073657,-0.023789224303248955,2,0.0,1.0,1.0,0.0,0.0,0.0,1.0,0.0,0.0,0.0,0.0,0.0,1
-1.9920437963894042,-0.37814884939224014,-2.022766528912764,2.1329971754774095,0.7006357069319238,2.959707799283624,-1.8813506168810303,-1.0738857739289591,4,0.0,1.0,0.0,0.0,0.0,1.0,0.0,0.0,0.0,1.0,0.0,0.0,1
0.4214466223660009,-0.08015277154959237,0.02031130005405623,-0.8315365452422621,-1.283660796427696,-0.923644575175072,0.29898919021362863,-0.5571715987163082,3,0.0,1.0,0.0,0.0,0.0,1.0,0.0,1.0,0.0,0.0,0.0,0.0,0
1.518487721800276,-0.17069931288476078,1.3106762446646796,-0.7088661843848962,-1.5536141776701688,-0.761838226239293,1.2074641098364032,0.5429295485106265,1,1.0,0.0,1.0,0.0,0.0,0.0,0.0,0.0,0.0,0.0,1.0,0.0,0
-2.101747906332832,-0.06750734386474672,-2.1302969409636496,2.1329971754774095,1.3156841322369395,0.8562252631184969,-1.8813506168810303,0.3595793573061373,1,0.0,1.0,0.0,0.0,0.0,1.0,1.0,0.0,0.0,0.0,0.0,0.0,1
1.1893753919699934,-0.4616076944989485,1.2031458326137943,-1.035987146671205,0.34440856467381553,-0.6809350517714036,1.3891590937609581,0.7762843373163398,1,1.0,0.0,0.0,0.0,0.0,1.0,0.0,0.0,0.0,0.0,0.0,1.0,0
-0.7852985870117017,-0.5833498753720702,-0.8399319963530261,-1.0691081441026937,-0.907952482327347,-0.11461283049617718,-1.3362656651073657,1.292998512528991,5,1.0,0.0,0.0,0.0,0.0,1.0,0.0,0.0,0.0,0.0,0.0,1.0,1
-0.017369817407709147,-0.03350106616723178,0.02031130005405623,1.008518867618224,0.9900702600166372,0.1280966929074913,0.11729420628907372,-0.2738122123093704,1,0.0,1.0,1.0,0.0,0.0,0.0,0.0,1.0,0.0,0.0,0.0,0.0,1
0.3117425124225734,-0.11132885882208773,0.34290253620671207,-0.4226353423843763,1.1820989538901487,-0.6809350517714036,-0.2460957615600361,0.3762475565065454,3,0.0,1.0,1.0,0.0,0.0,0.0,1.0,0.0,0.0,0.0,0.0,0.0,1
-0.12707392735113665,-0.5837653610130489,0.1278417121049415,-1.1433237124214,1.3184671567858304,-0.3573223538998456,-0.427790745484591,-0.19047121630732994,2,0.0,1.0,0.0,0.0,0.0,1.0,0.0,0.0,0.0,1.0,0.0,0.0,1
-0.017369817407709147,0.6176040377772963,0.02031130005405623,1.1107441683326953,0.029926790649078935,-0.6000318773035141,0.11729420628907372,0.27623836130409685,2,0.0,1.0,1.0,0.0,0.0,0.0,0.0,1.0,0.0,0.0,0.0,0.0,0
-0.017369817407709147,-0.029150687102866637,0.02031130005405623,0.517837424188761,-0.10922443679549469,-0.19551600496406651,0.48068417413818354,-0.5571715987163082,3,1.0,0.0,1.0,0.0,0.0,0.0,1.0,0.0,0.0,0.0,0.0,0.0,0
0.09233429253571836,-0.3446607067293575,0.23537212415582678,-0.49930431792022983,-1.6593691105280446,-0.2764191794319561,0.48068417413818354,1.0429755245228693,2,1.0,0.0,1.0,0.0,0.0,0.0,0.0,0.0,0.0,1.0,0.0,0.0,0
-0.4561862571814192,-0.4842296656336473,-0.4098103481494849,0.39516706333139523,-0.38196084258685864,1.9888697056689495,-0.2460957615600361,0.7762843373163398,1,0.0,1.0,1.0,0.0,0.0,0.0,0.0,0.0,0.0,0.0,0.0,1.0,0
0.5311507323094284,-0.4142325552946486,0.02031130005405623,0.26738543743830595,-0.3151682534134637,1.0180316120542756,-0.427790745484591,-1.1405585707305916,1,0.0,1.0,1.0,0.0,0.0,0.0,0.0,0.0,0.0,1.0,0.0,0.0,0
0.8602630621397109,-0.2567634973637238,0.7730241844102532,-0.9337618459567335,0.41120115384721095,-0.923644575175072,0.11729420628907372,-0.707185391519981,1,0.0,1.0,0.0,0.0,0.0,1.0,0.0,0.0,0.0,0.0,0.0,1.0,0
-0.12707392735113665,0.07885602728613582,0.02031130005405623,-0.6473265533547845,-0.2010642469089133,-0.923644575175072,0.48068417413818354,-0.15713481790651374,1,1.0,0.0,1.0,0.0,0.0,0.0,0.0,0.0,0.0,0.0,1.0,0.0,0
0.20203840247914587,2.735500544102088,0.45043294825759733,0.5996176647603382,-0.20663029600669613,-1.085450924110851,0.29898919021362863,-1.4572543555383455,1,0.0,1.0,1.0,0.0,0.0,0.0,0.0,0.0,0.0,1.0,0.0,0.0,1
0.20203840247914587,-0.539332837760151,0.23537212415582678,-1.2711053383144892,-1.325406164661068,-0.923644575175072,0.11729420628907372,0.9596345285208289,2,1.0,0.0,0.0,0.0,0.0,1.0,0.0,1.0,0.0,0.0,0.0,0.0,0
-0.12707392735113665,-0.38073952456540144,0.34290253620671207,-0.4226353423843763,0.41120115384721095,-0.11461283049617718,0.48068417413818354,-0.8405309851232459,5,0.0,1.0,0.0,0.0,0.0,1.0,0.0,0.0,0.0,1.0,0.0,0.0,0
-0.23677803729456418,2.474956830743896,-0.4098103481494849,2.1329971754774095,1.1793159293412572,-0.923644575175072,-0.6094857294091459,-0.6071761963175324,3,0.0,1.0,1.0,0.0,0.0,0.0,0.0,0.0,0.0,1.0,0.0,0.0,1
-0.5658903671248466,1.0632832646892296,-0.4098103481494849,1.1107441683326953,-0.07304511765990533,-0.761838226239293,-0.06440077763548119,-0.007121025102840856,3,1.0,0.0,1.0,0.0,0.0,0.0,0.0,1.0,0.0,0.0,0.0,0.0,0
1.1893753919699934,-0.3446900351275442,1.3106762446646796,-0.9925413938675546,-0.7938484758227966,-0.8427414007071825,2.6610239812328427,0.6596069429134831,2,1.0,0.0,0.0,0.0,0.0,1.0,0.0,0.0,0.0,1.0,0.0,0.0,0
-0.017369817407709147,-0.45186089016822484,0.1278417121049415,0.03737851083074522,1.0624288982878154,0.9371284375863864,-0.06440077763548119,0.05955177169879154,1,0.0,1.0,0.0,0.0,0.0,1.0,0.0,1.0,0.0,0.0,0.0,0.0,1
-0.8950026969551292,-0.5217113585162899,-0.9474624084039113,0.39516706333139523,0.30266319644044337,2.6360951014120655,-1.6996556329564754,-0.25714401310896234,2,0.0,1.0,1.0,0.0,0.0,0.0,1.0,0.0,0.0,0.0,0.0,0.0,0
-0.3464821472379917,0.0006420773884879048,-0.08721911199682905,-0.9206770074652811,-0.19549819781112998,-1.0045477496429613,-0.6094857294091459,-2.3073325147591586,1,0.0,1.0,1.0,0.0,0.0,0.0,1.0,0.0,0.0,0.0,0.0,0.0,0
0.9699671720831384,-0.34358044406281285,0.9880850085120237,-0.6781985941705548,-0.20663029600669613,-0.5191287028356245,1.570854077685513,1.159652918925726,2,1.0,0.0,1.0,0.0,0.0,0.0,0.0,0.0,0.0,0.0,1.0,0.0,0
2.944641151064834,-0.22466356554834638,3.031162837478844,-0.9542069060996278,0.8453529834742802,-0.923644575175072,1.3891590937609581,2.2264176677518446,4,0.0,1.0,0.0,0.0,0.0,1.0,0.0,0.0,0.0,1.0,0.0,0.0,0
-0.5658903671248466,0.7379042390729037,-0.8399319963530261,2.1329971754774095,1.8472418210752108,-0.3573223538998456,-0.06440077763548119,-0.3404850091110028,2,1.0,0.0,1.0,0.0,0.0,0.0,0.0,0.0,0.0,1.0,0.0,0.0,1
-0.3464821472379917,-0.5892155550094164,-0.08721911199682905,-1.322217988671725,0.8314378607298232,-0.923644575175072,0.48068417413818354,1.1763211181261342,2,0.0,1.0,0.0,0.0,0.0,1.0,0.0,1.0,0.0,0.0,0.0,0.0,1
-0.5658903671248466,2.4015087455515918,-0.5173407602003702,0.08849116118798094,-0.20663029600669613,-1.1663540985787406,-0.427790745484591,1.6096942973367447,3,0.0,1.0,0.0,0.0,0.0,1.0,0.0,0.0,0.0,0.0,0.0,1.0,0
-0.8950026969551292,-0.46175922455624663,-0.6248711722512554,1.1107441683326953,-0.418140161722448,2.7979014503478448,-1.6996556329564754,-0.6571807939187567,2,0.0,1.0,0.0,0.0,0.0,1.0,0.0,1.0,0.0,0.0,0.0,0.0,1
-0.4561862571814192,-0.5967040726797618,-0.6248711722512554,-0.9976526589032781,-1.1806888881187114,0.2899030418432704,0.48068417413818354,-2.0573095267530372,2,1.0,0.0,1.0,0.0,0.0,0.0,0.0,1.0,0.0,0.0,0.0,0.0,1
-1.4435232466722667,0.5813883540830477,-1.270053644556567,1.1107441683326953,2.028138416753156,-0.5191287028356245,-0.9728756972582557,-1.207231367532224,3,1.0,0.0,1.0,0.0,0.0,0.0,1.0,0.0,0.0,0.0,0.0,0.0,1
-1.6629314665591217,-0.22633528424499005,-2.022766528912764,2.1329971754774095,-0.20663029600669613,1.584353833329502,-1.1545706811828107,0.12622456850042393,5,1.0,0.0,1.0,0.0,0.0,0.0,0.0,0.0,0.0,0.0,1.0,0.0,0
1.4087836118568484,-0.25685637062464844,1.2031458326137943,-0.6577535340276606,0.8592681062187378,-0.6809350517714036,0.6623791580627385,-0.40715780591263523,1,0.0,1.0,1.0,0.0,0.0,0.0,0.0,0.0,0.0,0.0,1.0,0.0,0
-1.7726355765025492,-0.06248729970845121,-2.1302969409636496,2.1329971754774095,1.8472418210752108,0.8562252631184969,-1.8813506168810303,0.9596345285208289,4,0.0,1.0,0.0,0.0,0.0,1.0,0.0,1.0,0.0,0.0,0.0,0.0,1
0.09233429253571836,-0.4999008063980907,-0.08721911199682905,-0.808535852581506,0.8453529834742802,-0.11461283049617718,0.48068417413818354,1.0263073253224613,2,1.0,0.0,0.0,0.0,0.0,1.0,0.0,0.0,0.0,0.0,1.0,0.0,0
0.3117425124225734,-0.41136326033871334,0.6654937723593679,0.39516706333139523,0.583748675878482,1.098934786522165,0.11729420628907372,-1.373913359536305,1,1.0,0.0,0.0,0.0,0.0,1.0,0.0,0.0,0.0,1.0,0.0,0.0,1
2.396120601347696,-0.36841182119424537,2.601041189275303,-0.4226353423843763,1.4103069668992496,-0.11461283049617718,0.6623791580627385,0.6596069429134831,3,0.0,1.0,0.0,0.0,0.0,1.0,1.0,0.0,0.0,0.0,0.0,0.0,1
-0.017369817407709147,-0.5205871032524652,0.34290253620671207,-0.6270859438133192,0.8926644008054357,0.4517093907790493,-0.427790745484591,1.2763303133285828,1,0.0,1.0,0.0,0.0,0.0,1.0,0.0,0.0,0.0,0.0,0.0,1.0,0
0.20203840247914587,-0.2160898971450919,0.1278417121049415,-0.5861958235275305,0.30266319644044337,-0.6809350517714036,0.48068417413818354,1.0596437237232774,2,1.0,0.0,1.0,0.0,0.0,0.0,1.0,0.0,0.0,0.0,0.0,0.0,1
0.6408548422528559,-0.3446264902648063,0.5579633603084826,-1.189325097742912,-1.2419154281943239,-1.085450924110851,-0.6094857294091459,0.8596253333183803,1,0.0,1.0,1.0,0.0,0.0,0.0,1.0,0.0,0.0,0.0,0.0,0.0,0
0.6408548422528559,-0.15669989081696106,0.34290253620671207,0.2418291122596881,0.26091782820707116,-0.11461283049617718,0.11729420628907372,-0.3404850091110028,4,0.0,1.0,0.0,0.0,0.0,1.0,1.0,0.0,0.0,0.0,0.0,0.0,0
-0.5658903671248466,-0.5559522633992987,-0.4098103481494849,-0.4226353423843763,-0.5545083646181301,1.4225474843937234,-0.2460957615600361,0.09288817009960774,5,1.0,0.0,0.0,0.0,0.0,1.0,1.0,0.0,0.0,0.0,0.0,0.0,1
0.8602630621397109,-0.3935511465066385,0.8805545964611385,-0.33318820425921375,-1.1862549372164943,0.04719351843960194,-0.06440077763548119,0.20956556450246444,2,0.0,1.0,0.0,0.0,1.0,0.0,0.0,0.0,0.0,0.0,0.0,1.0,0
-2.101747906332832,1.0658446114642042,-2.1302969409636496,1.0340751927968417,2.131110325062141,-0.761838226239293,-2.24474058473014,-0.22380761470814614,1,0.0,1.0,0.0,0.0,1.0,0.0,0.0,1.0,0.0,0.0,0.0,0.0,0
0.5311507323094284,-0.27531370921683135,0.45043294825759733,-1.189325097742912,0.917711621745459,-1.085450924110851,-0.6094857294091459,-0.5738397979167162,2,1.0,0.0,0.0,0.0,0.0,1.0,0.0,0.0,0.0,0.0,0.0,1.0,0
-0.3464821472379917,0.0901767889862141,-0.4098103481494849,1.1107441683326953,-0.418140161722448,-0.11461283049617718,0.48068417413818354,-0.6905171923195729,3,0.0,1.0,1.0,0.0,0.0,0.0,0.0,0.0,0.0,0.0,0.0,1.0,0
0.20203840247914587,-0.5198734455632547,-0.08721911199682905,-0.6781985941705548,-0.3791778180379672,0.2899030418432704,-0.6094857294091459,-1.1405585707305916,4,0.0,1.0,0.0,0.0,1.0,0.0,0.0,0.0,0.0,0.0,0.0,1.0,0
-0.23677803729456418,-0.42749876740778003,0.23537212415582678,-0.7293112445277906,-1.4283780729700524,-0.3573223538998456,0.48068417413818354,0.15956096690124014,1,1.0,0.0,1.0,0.0,0.0,0.0,0.0,0.0,1.0,0.0,0.0,0.0,0
-1.3338191367288392,-0.49296464022692876,-1.7001752927601084,0.8807372417251346,-0.46266855450471156,2.959707799283624,-0.7911807133337009,-1.1072221723297755,3,1.0,0.0,1.0,0.0,0.0,0.0,0.0,0.0,1.0,0.0,0.0,0.0,0
-0.5658903671248466,-0.18014305710088827,-0.6248711722512554,1.1107441683326953,2.2006859387844275,0.5326125652469389,0.11729420628907372,-0.8905355827244701,2,0.0,1.0,0.0,0.0,0.0,1.0,0.0,0.0,0.0,0.0,1.0,0.0,1
0.9699671720831384,-0.5284373378337802,0.8805545964611385,-0.9337618459567335,-0.4765836772491691,-0.19551600496406651,0.8440741419872934,1.509685102134296,2,1.0,0.0,0.0,0.0,0.0,1.0,0.0,0.0,0.0,0.0,0.0,1.0,0
0.4214466223660009,-0.3445824976675262,0.45043294825759733,0.08849116118798094,1.271155739454676,0.37080621631115973,-0.2460957615600361,-0.39048960671222716,3,0.0,1.0,0.0,0.0,0.0,1.0,0.0,0.0,0.0,0.0,0.0,1.0,0
-0.017369817407709147,0.5364474719282464,0.1278417121049415,0.19071646190245237,0.4779937430206063,-0.8427414007071825,-0.6094857294091459,-0.14046661870610566,3,1.0,0.0,1.0,0.0,0.0,0.0,0.0,0.0,0.0,0.0,0.0,1.0,0
-1.1144109168419842,-0.09285685603081147,-0.6248711722512554,1.9285465740484666,1.9168174347974976,0.8562252631184969,-0.7911807133337009,0.9262981301200127,1,0.0,1.0,1.0,0.0,0.0,0.0,0.0,1.0,0.0,0.0,0.0,0.0,1
-1.9920437963894042,-0.41663259587959606,-2.022766528912764,1.008518867618224,1.262806665808001,1.9888697056689495,-2.24474058473014,-2.1406505227550774,1,1.0,0.0,0.0,0.0,0.0,1.0,0.0,0.0,0.0,0.0,0.0,1.0,1
-0.23677803729456418,-0.34455805733570394,0.1278417121049415,-0.2181847409554334,-0.5990367574003937,-0.03370965602828762,0.29898919021362863,1.0429755245228693,2,0.0,1.0,1.0,0.0,0.0,0.0,1.0,0.0,0.0,0.0,0.0,0.0,0
0.7505589521962834,-0.31525898754715936,0.5579633603084826,-0.2181847409554334,-0.3151682534134637,-0.11461283049617718,0.48068417413818354,0.19289736530205634,1,1.0,0.0,1.0,0.0,0.0,0.0,0.0,0.0,0.0,0.0,1.0,0.0,0
-0.7852985870117017,2.291057997980362,-0.8399319963530261,-1.2207082650622547,0.45851257117836597,-1.3281604475145194,-1.3362656651073657,-1.4239179571375293,2,1.0,0.0,1.0,0.0,0.0,0.0,0.0,0.0,0.0,0.0,1.0,0.0,0
-1.4435232466722667,-0.25068763087270596,-1.4851144686583377,1.1107441683326953,2.2953087734467377,0.8562252631184969,-1.5179606490319204,-2.407341709961607,1,1.0,0.0,0.0,0.0,1.0,0.0,0.0,0.0,1.0,0.0,0.0,0.0,1
0.4214466223660009,-0.43343287997422864,0.34290253620671207,-0.19262841577681553,-1.4506422693611842,0.4517093907790493,0.29898919021362863,0.6762751421138912,4,1.0,0.0,1.0,0.0,0.0,0.0,0.0,0.0,0.0,1.0,0.0,0.0,0
0.8602630621397109,-0.4856618690784326,0.6654937723593679,-0.9337618459567335,-0.38474386713575054,-0.4382255283677351,0.29898919021362863,-0.5571715987163082,3,0.0,1.0,0.0,0.0,0.0,1.0,0.0,0.0,0.0,0.0,0.0,1.0,0
-1.8823396864459767,-0.43699139228755207,-1.4851144686583377,1.008518867618224,-0.10922443679549469,2.2315792290726177,-1.3362656651073657,1.1763211181261342,1,1.0,0.0,0.0,0.0,0.0,1.0,1.0,0.0,0.0,0.0,0.0,0.0,1
-1.5532273566156942,-0.3791509029969535,-1.7001752927601084,1.008518867618224,1.3073350585902648,1.584353833329502,-1.1545706811828107,-1.8406229371477318,5,0.0,1.0,0.0,0.0,0.0,1.0,0.0,0.0,0.0,0.0,0.0,1.0,1
0.8602630621397109,-0.2616760040600013,0.6654937723593679,-0.7293112445277906,-1.1862549372164943,-0.6809350517714036,-0.06440077763548119,-0.373821407511819,1,0.0,1.0,1.0,0.0,0.0,0.0,0.0,0.0,0.0,0.0,0.0,1.0,0
-0.3464821472379917,-0.3010444905593236,-0.19474952404771434,1.0054521085967898,0.8787492780609782,1.0180316120542756,-0.6094857294091459,-1.3572451603358968,1,0.0,1.0,0.0,0.0,0.0,1.0,0.0,1.0,0.0,0.0,0.0,0.0,1
0.9699671720831384,-0.11474072914447747,0.7730241844102532,-0.5248606430988477,-0.07304511765990533,-0.761838226239293,1.3891590937609581,-1.4072497579371213,1,0.0,1.0,0.0,0.0,0.0,1.0,0.0,0.0,1.0,0.0,0.0,0.0,0
1.518487721800276,-0.5840293165967294,1.095615420562909,-0.8289809127244002,-0.011818577584292759,0.6944189141827177,0.8440741419872934,0.45958855250858593,1,0.0,1.0,0.0,0.0,0.0,1.0,0.0,0.0,0.0,0.0,0.0,1.0,1
-0.017369817407709147,-0.21369474462650886,0.23537212415582678,1.294749709618744,-0.20663029600669613,0.8562252631184969,0.11729420628907372,0.07621997089919964,1,0.0,1.0,1.0,0.0,0.0,0.0,0.0,0.0,1.0,0.0,0.0,0.0,0
-0.3464821472379917,0.4766957486891459,-0.19474952404771434,0.39516706333139523,-0.21219634510447896,-0.761838226239293,-0.2460957615600361,-1.0072129771273268,1,1.0,0.0,1.0,0.0,0.0,0.0,0.0,1.0,0.0,0.0,0.0,0.0,0
-1.5532273566156942,1.483236598325035,-1.9152361168618788,0.7086920606226792,-0.1788000505177815,-0.923644575175072,-1.5179606490319204,-1.3905815587367132,5,0.0,1.0,1.0,0.0,0.0,0.0,0.0,0.0,1.0,0.0,0.0,0.0,0
-1.7726355765025492,-0.3323574436900237,-1.592644880709223,1.6218706719050526,1.7359208391195513,1.9079665312010603,-2.24474058473014,-0.5738397979167162,3,0.0,1.0,0.0,0.0,0.0,1.0,0.0,0.0,0.0,1.0,0.0,0.0,1
0.8602630621397109,-0.3729381706477309,0.6654937723593679,-0.9337618459567335,0.4779937430206063,-0.761838226239293,-0.06440077763548119,0.15956096690124014,2,0.0,1.0,0.0,0.0,0.0,1.0,1.0,0.0,0.0,0.0,0.0,0.0,0
2.0670082715174134,-0.24018317625549168,2.0633891290208766,-0.5734176609382217,0.7757773697519935,-0.6000318773035141,2.2976340133837327,0.3762475565065454,1,0.0,1.0,1.0,0.0,0.0,0.0,0.0,0.0,0.0,0.0,1.0,0.0,1
-0.3464821472379917,-0.21436440971843923,-0.19474952404771434,-0.6270859438133192,2.1338933496110326,-0.6809350517714036,0.48068417413818354,0.6596069429134831,4,1.0,0.0,1.0,0.0,0.0,0.0,0.0,0.0,1.0,0.0,0.0,0.0,0
0.5311507323094284,1.0921424085049731,0.45043294825759733,-0.4226353423843763,0.46686164482504017,-1.085450924110851,-0.427790745484591,0.24290196290328064,1,1.0,0.0,1.0,0.0,0.0,0.0,0.0,0.0,1.0,0.0,0.0,0.0,0
-1.6629314665591217,0.47800575047481986,-1.592644880709223,-0.7293112445277906,-1.5925765213546492,-1.085450924110851,-0.7911807133337009,0.9262981301200127,5,1.0,0.0,1.0,0.0,0.0,0.0,0.0,0.0,0.0,0.0,1.0,0.0,0
-0.7852985870117017,0.9090354424924808,-0.6248711722512554,1.1107441683326953,0.789692492496451,-0.6809350517714036,-1.5179606490319204,-0.20713941550773804,4,1.0,0.0,1.0,0.0,0.0,0.0,0.0,0.0,0.0,1.0,0.0,0.0,1
0.9699671720831384,-0.2261984183867853,1.3106762446646796,0.39516706333139523,1.9557797784819784,0.20899986737538084,0.8440741419872934,-0.04045742350365705,2,1.0,0.0,0.0,0.0,0.0,1.0,0.0,0.0,0.0,0.0,0.0,1.0,0
1.1893753919699934,-0.2865660379878072,1.3106762446646796,1.008518867618224,1.396391844154792,0.9371284375863864,1.0257691259118482,-1.373913359536305,1,1.0,0.0,0.0,0.0,0.0,1.0,0.0,0.0,0.0,0.0,1.0,0.0,1
-0.12707392735113665,0.13026870930747578,-0.3022799360985996,1.1107441683326953,0.8926644008054357,-0.11461283049617718,-0.2460957615600361,-0.15713481790651374,1,1.0,0.0,1.0,0.0,0.0,0.0,1.0,0.0,0.0,0.0,0.0,0.0,1
1.079671282026566,-0.014716227128630384,0.8805545964611385,-0.13640450038385624,-0.4904987999936262,-0.6000318773035141,1.570854077685513,0.642938743713075,5,0.0,1.0,1.0,0.0,0.0,0.0,0.0,0.0,0.0,0.0,1.0,0.0,0
0.3117425124225734,-0.5831152481865763,-0.08721911199682905,-1.2404377481001478,-0.907952482327347,-0.6809350517714036,-0.427790745484591,0.49292495090940214,5,1.0,0.0,0.0,0.0,0.0,1.0,0.0,0.0,0.0,0.0,0.0,1.0,0
0.09233429253571836,-0.2091292906421077,0.23537212415582678,-1.1382124473856763,-0.512762996384758,-1.085450924110851,0.48068417413818354,-0.32381680991059475,2,1.0,0.0,1.0,0.0,0.0,0.0,0.0,0.0,1.0,0.0,0.0,0.0,0
0.4214466223660009,-0.36830428373422736,0.34290253620671207,-0.8315365452422621,-0.20663029600669613,-0.6000318773035141,-0.2460957615600361,1.8097126877416418,5,1.0,0.0,1.0,0.0,0.0,0.0,0.0,0.0,0.0,1.0,0.0,0.0,0
0.9699671720831384,-0.40361567515105184,0.8805545964611385,-0.2181847409554334,-0.38474386713575054,0.2899030418432704,1.9342440455346228,0.12622456850042393,2,0.0,1.0,0.0,0.0,0.0,1.0,1.0,0.0,0.0,0.0,0.0,0.0,0
0.8602630621397109,-0.4043733254375424,0.45043294825759733,-0.6781985941705548,-0.20663029600669613,-0.3573223538998456,0.29898919021362863,0.9929709269216451,1,1.0,0.0,0.0,0.0,0.0,1.0,0.0,0.0,1.0,0.0,0.0,0.0,0
-0.12707392735113665,0.7706347314492958,0.1278417121049415,-0.9337618459567335,-0.4904987999936262,-1.1663540985787406,-0.427790745484591,1.1763211181261342,5,1.0,0.0,1.0,0.0,0.0,0.0,0.0,1.0,0.0,0.0,0.0,0.0,0
-2.101747906332832,-0.2392544436462452,-2.022766528912764,1.6218706719050526,1.9112513856997146,1.2607411354579443,-2.063045600805585,-1.3405769611354887,1,0.0,1.0,0.0,0.0,0.0,1.0,1.0,0.0,0.0,0.0,0.0,0.0,1
-1.8823396864459767,-0.33235255562365923,-1.7001752927601084,1.1107441683326953,0.2720499264026373,1.3416443099258337,-2.24474058473014,-2.7740420923705855,1,0.0,1.0,0.0,0.0,0.0,1.0,0.0,0.0,0.0,1.0,0.0,0.0,1
-1.6629314665591217,-0.41403703264007036,-1.4851144686583377,1.008518867618224,-0.512762996384758,1.9888697056689495,-0.9728756972582557,-2.374005311560791,1,0.0,1.0,0.0,0.0,1.0,0.0,0.0,0.0,0.0,0.0,0.0,1.0,0
0.4214466223660009,-0.16950662469183372,0.45043294825759733,0.5996176647603382,-1.3476703610521998,0.1280966929074913,0.29898919021362863,1.8930536837436824,4,1.0,0.0,1.0,0.0,0.0,0.0,1.0,0.0,0.0,0.0,0.0,0.0,0
0.09233429253571836,-0.4035765706201362,0.1278417121049415,0.39516706333139523,0.7228999033230556,1.098934786522165,0.29898919021362863,0.9096299309196046,4,0.0,1.0,0.0,0.0,0.0,1.0,0.0,0.0,0.0,0.0,1.0,0.0,1
0.7505589521962834,-0.33408781918304087,0.7730241844102532,-0.2181847409554334,0.12733264986028087,-0.03370965602828762,-0.427790745484591,1.7097034925391934,4,1.0,0.0,1.0,0.0,0.0,0.0,0.0,0.0,0.0,0.0,1.0,0.0,0
-1.5532273566156942,-0.02263978270541229,-2.022766528912764,2.1329971754774095,1.1598347574990169,0.6944189141827177,-1.6996556329564754,0.27623836130409685,1,0.0,1.0,0.0,0.0,0.0,1.0,0.0,1.0,0.0,0.0,0.0,0.0,0
-0.6755944770682742,4.664067575932436,-0.4098103481494849,-0.9517534988824804,-0.29012103247344,-1.3281604475145194,-0.6094857294091459,0.30957475970491305,3,1.0,0.0,1.0,0.0,0.0,0.0,0.0,0.0,0.0,0.0,1.0,0.0,0
-0.8950026969551292,2.286785827977828,-1.0549928204547967,-1.2257173047972638,0.31101227008711757,-1.3281604475145194,-1.3362656651073657,1.0263073253224613,3,1.0,0.0,1.0,0.0,0.0,0.0,1.0,0.0,0.0,0.0,0.0,0.0,0
0.6408548422528559,-0.2120670185271453,0.5579633603084826,0.39516706333139523,-1.1806888881187114,0.1280966929074913,0.29898919021362863,-0.6571807939187567,1,0.0,1.0,0.0,0.0,0.0,1.0,0.0,0.0,1.0,0.0,0.0,0.0,0
0.4214466223660009,-0.4915031083839566,0.34290253620671207,-1.3426630488146192,-1.072150930711944,-1.1663540985787406,-0.427790745484591,-0.29048041150977855,4,0.0,1.0,0.0,0.0,0.0,1.0,0.0,0.0,0.0,0.0,0.0,1.0,0
-0.017369817407709147,1.4132492641187653,0.34290253620671207,1.1107441683326953,-0.4904987999936262,-0.8427414007071825,0.48068417413818354,0.6929433413142994,1,1.0,0.0,1.0,0.0,0.0,0.0,0.0,0.0,1.0,0.0,0.0,0.0,0
0.4214466223660009,-0.4209976391430546,0.5579633603084826,-0.8315365452422621,-1.283660796427696,-0.5191287028356245,-0.06440077763548119,1.2596621141281747,2,0.0,1.0,1.0,0.0,0.0,0.0,0.0,0.0,0.0,0.0,1.0,0.0,0
0.4214466223660009,-0.09916734970732316,-0.08721911199682905,0.08849116118798094,0.4084181292983195,-0.3573223538998456,0.48068417413818354,1.0929801221240938,3,0.0,1.0,0.0,0.0,0.0,1.0,0.0,0.0,0.0,0.0,1.0,0.0,0
-2.2114520162762594,-0.5795127432759728,-2.1302969409636496,-0.4226353423843763,-1.1862549372164943,1.9079665312010603,-1.8813506168810303,-3.52411105638895,1,1.0,0.0,0.0,0.0,0.0,1.0,0.0,1.0,0.0,0.0,0.0,0.0,1
-0.3464821472379917,-0.3212419807772525,0.1278417121049415,-0.9542069060996278,0.2720499264026373,-0.8427414007071825,0.29898919021362863,-1.1905631683318159,1,1.0,0.0,0.0,0.0,0.0,1.0,1.0,0.0,0.0,0.0,0.0,0.0,0
-0.23677803729456418,-0.22069445566040874,-0.08721911199682905,1.008518867618224,-0.6964426166115952,0.6135157397148282,0.11729420628907372,-0.6738489931191648,1,0.0,1.0,1.0,0.0,0.0,0.0,0.0,1.0,0.0,0.0,0.0,0.0,0
-1.5532273566156942,0.7687381616998872,-1.8077057048109935,2.1329971754774095,-0.011818577584292759,-0.3573223538998456,-1.3362656651073657,0.6596069429134831,3,1.0,0.0,1.0,0.0,0.0,0.0,0.0,0.0,0.0,0.0,1.0,0.0,0
0.4214466223660009,-0.45823004064110995,0.34290253620671207,-1.035987146671205,-0.011818577584292759,-0.6809350517714036,0.48068417413818354,-0.5405033995159,2,0.0,1.0,0.0,0.0,1.0,0.0,0.0,1.0,0.0,0.0,0.0,0.0,0
-1.1144109168419842,0.7706249553165669,-0.8399319963530261,1.1107441683326953,0.789692492496451,-0.6809350517714036,-1.3362656651073657,-1.4239179571375293,3,0.0,1.0,1.0,0.0,0.0,0.0,0.0,0.0,0.0,0.0,0.0,1.0,0
-1.6629314665591217,0.7115331210366678,-1.7001752927601084,2.1329971754774095,-1.072150930711944,-0.3573223538998456,-1.3362656651073657,0.7429479389155236,5,1.0,0.0,1.0,0.0,0.0,0.0,0.0,1.0,0.0,0.0,0.0,0.0,0
0.09233429253571836,-0.12066017751183274,-0.08721911199682905,-0.8315365452422621,-1.7623410188370292,-0.923644575175072,0.11729420628907372,-0.07379382190447326,3,1.0,0.0,1.0,0.0,0.0,0.0,0.0,0.0,0.0,0.0,1.0,0.0,0
1.9573041615739861,-0.3445385050702461,1.9558587169699913,-0.5248606430988477,0.569833553134025,-0.3573223538998456,2.2976340133837327,0.42625215410776973,2,1.0,0.0,0.0,0.0,1.0,0.0,0.0,0.0,0.0,0.0,1.0,0.0,0
-0.6755944770682742,4.160274128013494,-0.7324015843021408,-1.0155420865283107,-0.20663029600669613,-1.3281604475145194,-0.2460957615600361,-2.8240466899718095,1,1.0,0.0,1.0,0.0,0.0,0.0,0.0,0.0,0.0,1.0,0.0,0.0,0
-1.2241150267854117,1.6498267880920332,-0.7324015843021408,1.4174200704761097,-1.1862549372164943,-0.8427414007071825,-1.5179606490319204,0.826288934917564,2,0.0,1.0,1.0,0.0,0.0,0.0,0.0,0.0,1.0,0.0,0.0,0.0,0
0.4214466223660009,4.582343994385109,0.7730241844102532,1.457185712454039,0.27761597550042016,-1.085450924110851,0.11729420628907372,-0.19047121630732994,1,0.0,1.0,1.0,0.0,0.0,0.0,0.0,0.0,0.0,0.0,1.0,0.0,0
-0.12707392735113665,-0.42276223110062294,0.02031130005405623,1.1107441683326953,0.17742709174032728,2.2315792290726177,0.11729420628907372,1.292998512528991,2,1.0,0.0,0.0,0.0,0.0,1.0,0.0,0.0,0.0,1.0,0.0,0.0,1
0.20203840247914587,-0.4152003924348107,0.34290253620671207,0.34405441297415956,0.11898357621360613,1.098934786522165,-0.6094857294091459,-0.20713941550773804,1,0.0,1.0,1.0,0.0,0.0,0.0,0.0,0.0,1.0,0.0,0.0,0.0,0
0.5311507323094284,-0.10959359526270614,0.23537212415582678,-1.189325097742912,-0.4904987999936262,-1.1663540985787406,0.11729420628907372,0.22623376370287254,1,0.0,1.0,1.0,0.0,0.0,0.0,0.0,1.0,0.0,0.0,0.0,0.0,0
-2.101747906332832,2.2357739673983734,-1.592644880709223,1.6218706719050526,-0.30681917976678896,-0.923644575175072,-2.063045600805585,0.3262429589053211,4,1.0,0.0,1.0,0.0,0.0,0.0,1.0,0.0,0.0,0.0,0.0,0.0,0
-1.5532273566156942,-0.08574960753689359,-1.8077057048109935,2.1329971754774095,-0.36526269529351013,0.9371284375863864,-0.7911807133337009,-0.8905355827244701,4,1.0,0.0,1.0,0.0,0.0,0.0,0.0,0.0,0.0,0.0,0.0,1.0,0
-0.3464821472379917,-0.4149706533156813,0.1278417121049415,-1.1382124473856763,-1.7623410188370292,-0.923644575175072,0.29898919021362863,0.20956556450246444,2,0.0,1.0,1.0,0.0,0.0,0.0,0.0,0.0,0.0,1.0,0.0,0.0,0
-0.3464821472379917,-0.40427067604388883,-0.08721911199682905,-0.1568495605267505,1.42978813874149,0.37080621631115973,0.11729420628907372,1.309666711729399,4,0.0,1.0,1.0,0.0,0.0,0.0,1.0,0.0,0.0,0.0,0.0,0.0,1
-0.4561862571814192,-0.6096623366119326,-0.4098103481494849,-1.1382124473856763,-0.5378102173247812,-0.03370965602828762,-0.2460957615600361,1.142984719725318,5,1.0,0.0,0.0,0.0,0.0,1.0,0.0,1.0,0.0,0.0,0.0,0.0,1
-0.6755944770682742,-0.38111101760910004,-0.3022799360985996,0.41561212347428955,1.80827947739073,0.9371284375863864,-0.427790745484591,-0.8071945867224296,1,0.0,1.0,1.0,0.0,0.0,0.0,1.0,0.0,0.0,0.0,0.0,0.0,1
0.9699671720831384,-0.34212868835256965,0.7730241844102532,-0.5759732934560834,-1.6593691105280446,-0.3573223538998456,0.6623791580627385,0.5095931501098102,1,0.0,1.0,0.0,0.0,0.0,1.0,1.0,0.0,0.0,0.0,0.0,0.0,0
-0.7852985870117017,3.7730463986877165,-0.6248711722512554,-0.4226353423843763,-0.782716377627231,-1.2472572730466298,-0.7911807133337009,-0.3404850091110028,2,1.0,0.0,0.0,0.0,1.0,0.0,0.0,0.0,0.0,1.0,0.0,0.0,0
0.3117425124225734,-0.18491380987259656,0.45043294825759733,-0.4226353423843763,-0.8021975494694714,-0.6000318773035141,0.11729420628907372,-0.5905079971171243,3,1.0,0.0,1.0,0.0,0.0,0.0,0.0,0.0,0.0,0.0,1.0,0.0,0
-0.23677803729456418,-0.19278359671936945,0.1278417121049415,0.5996176647603382,0.7757773697519935,0.20899986737538084,-0.2460957615600361,-1.0738857739289591,1,1.0,0.0,0.0,0.0,0.0,1.0,0.0,1.0,0.0,0.0,0.0,0.0,1
0.20203840247914587,-0.5392350764328618,0.23537212415582678,-0.8110914850993677,-1.5925765213546492,0.20899986737538084,0.29898919021362863,0.6762751421138912,2,1.0,0.0,1.0,0.0,0.0,0.0,1.0,0.0,0.0,0.0,0.0,0.0,0
1.9573041615739861,-0.4780364855498825,1.6332674808173355,-0.4226353423843763,-1.4506422693611842,0.4517093907790493,2.2976340133837327,-0.9072037819248782,1,0.0,1.0,1.0,0.0,0.0,0.0,0.0,0.0,0.0,0.0,1.0,0.0,1
0.3117425124225734,-0.40969154164206967,0.5579633603084826,1.0340751927968417,2.0253553922042653,1.9888697056689495,-0.6094857294091459,0.14289276770083204,2,0.0,1.0,0.0,0.0,1.0,0.0,0.0,0.0,0.0,1.0,0.0,0.0,1
-0.017369817407709147,9.1380316221901,-0.08721911199682905,-0.5124913817123966,-0.0034695039376185185,-1.3281604475145194,0.29898919021362863,0.22623376370287254,1,0.0,1.0,1.0,0.0,0.0,0.0,0.0,0.0,0.0,0.0,0.0,1.0,0
0.7505589521962834,-0.02169149783070798,0.5579633603084826,-0.4226353423843763,-0.38474386713575054,-0.761838226239293,0.48068417413818354,-0.707185391519981,1,1.0,0.0,0.0,0.0,0.0,1.0,0.0,0.0,0.0,0.0,1.0,0.0,0
-0.017369817407709147,-0.6162661142703115,0.34290253620671207,-1.2711053383144892,0.39171998200497055,-0.5191287028356245,-0.2460957615600361,-0.32381680991059475,1,0.0,1.0,0.0,0.0,0.0,1.0,0.0,1.0,0.0,0.0,0.0,0.0,0
-1.4435232466722667,-0.28203480046795726,-1.0549928204547967,2.1329971754774095,-0.7938484758227966,1.9888697056689495,-1.5179606490319204,-0.007121025102840856,2,1.0,0.0,0.0,0.0,0.0,1.0,0.0,0.0,0.0,0.0,1.0,0.0,1
-1.2241150267854117,3.0340538615102837,-1.0549928204547967,0.34405441297415956,-0.07582814220879674,-1.1663540985787406,-0.7911807133337009,-0.023789224303248955,3,1.0,0.0,0.0,0.0,0.0,1.0,1.0,0.0,0.0,0.0,0.0,0.0,0
0.20203840247914587,-0.33058307559972644,-0.08721911199682905,-0.4226353423843763,1.4103069668992496,-0.2764191794319561,0.11729420628907372,-0.20713941550773804,1,1.0,0.0,0.0,0.0,0.0,1.0,0.0,0.0,1.0,0.0,0.0,0.0,1
1.079671282026566,0.1848830747975339,0.8805545964611385,-0.7293112445277906,-1.325406164661068,-1.0045477496429613,2.4793289973082877,-0.14046661870610566,2,1.0,0.0,0.0,0.0,0.0,1.0,1.0,0.0,0.0,0.0,0.0,0.0,0
-1.3338191367288392,1.9098230380174062,-1.270053644556567,1.1107441683326953,-0.5183290454825408,-0.923644575175072,-1.5179606490319204,0.8429571341179722,4,0.0,1.0,1.0,0.0,0.0,0.0,0.0,1.0,0.0,0.0,0.0,0.0,0
-0.23677803729456418,-0.4381351998168346,-0.19474952404771434,-0.8110914850993677,-1.7623410188370292,-0.3573223538998456,0.48068417413818354,1.1929893173265422,1,1.0,0.0,0.0,0.0,0.0,1.0,0.0,0.0,0.0,1.0,0.0,0.0,0
-0.4561862571814192,-0.1344836291905121,-0.5173407602003702,-0.4226353423843763,2.028138416753156,-0.6000318773035141,-0.06440077763548119,0.45958855250858593,5,1.0,0.0,0.0,0.0,0.0,1.0,0.0,0.0,1.0,0.0,0.0,0.0,0
-1.0047068068985567,0.7696962227073204,-1.0549928204547967,2.1329971754774095,-1.2419154281943239,-0.3573223538998456,-1.3362656651073657,-0.6905171923195729,3,0.0,1.0,0.0,0.0,0.0,1.0,0.0,0.0,0.0,1.0,0.0,0.0,0
-1.6629314665591217,-0.3793122091869805,-1.9152361168618788,1.1107441683326953,1.677477323592831,1.7461601822652812,-1.5179606490319204,-1.873959335548548,2,1.0,0.0,0.0,0.0,0.0,1.0,1.0,0.0,0.0,0.0,0.0,0.0,1
-0.6755944770682742,0.21205583571754047,-0.7324015843021408,1.6218706719050526,-1.072150930711944,-0.03370965602828762,0.48068417413818354,0.12622456850042393,2,1.0,0.0,1.0,0.0,0.0,0.0,1.0,0.0,0.0,0.0,0.0,0.0,0
-1.9920437963894042,-0.42511827908829036,-1.9152361168618788,1.542850514452766,0.5559184303895673,2.8788046248157344,-2.24474058473014,-0.14046661870610566,2,0.0,1.0,0.0,0.0,0.0,1.0,0.0,1.0,0.0,0.0,0.0,0.0,1
-1.4435232466722667,-0.08741155010080837,-1.4851144686583377,2.1329971754774095,-1.1862549372164943,0.9371284375863864,-1.1545706811828107,-0.6238443955179406,4,0.0,1.0,1.0,0.0,0.0,0.0,1.0,0.0,0.0,0.0,0.0,0.0,0
2.615528821234551,-0.47161356634698837,2.601041189275303,-0.32041004166990483,-1.7623410188370292,0.5326125652469389,0.8440741419872934,1.5430215005351124,3,1.0,0.0,0.0,0.0,0.0,1.0,0.0,0.0,0.0,1.0,0.0,0.0,0
-0.3464821472379917,-0.07876456070208708,-0.19474952404771434,0.08849116118798094,-1.3476703610521998,-0.3573223538998456,0.11729420628907372,-2.4573463075628315,1,1.0,0.0,1.0,0.0,0.0,0.0,0.0,0.0,0.0,0.0,0.0,1.0,0
0.6408548422528559,-0.3743605979597874,0.45043294825759733,-0.40219028224148196,0.6032298477207224,-0.11461283049617718,0.29898919021362863,1.7430398909400096,4,0.0,1.0,0.0,0.0,0.0,1.0,0.0,0.0,0.0,1.0,0.0,0.0,0
-0.017369817407709147,-0.4851975027738094,-0.5173407602003702,-0.11595944024096194,0.2720499264026373,1.0180316120542756,0.29898919021362863,0.9262981301200127,4,1.0,0.0,0.0,0.0,0.0,1.0,0.0,0.0,0.0,1.0,0.0,0.0,1
0.9699671720831384,-0.5988010531501131,1.095615420562909,-1.3426630488146192,-0.1788000505177815,-0.923644575175072,1.3891590937609581,-0.20713941550773804,2,0.0,1.0,0.0,0.0,1.0,0.0,0.0,0.0,0.0,0.0,1.0,0.0,0
-1.2241150267854117,-0.5173267629873736,-1.0549928204547967,0.6200627249032324,0.8314378607298232,3.0406109737515132,-1.1545706811828107,-0.7738581883216135,1,0.0,1.0,0.0,0.0,0.0,1.0,0.0,0.0,0.0,0.0,1.0,0.0,1
-0.6755944770682742,-0.6608403914477787,-0.5173407602003702,-1.3147555417195684,-1.5007367112412306,-0.11461283049617718,-0.6094857294091459,-1.023881176327735,1,1.0,0.0,0.0,0.0,0.0,1.0,0.0,0.0,0.0,0.0,0.0,1.0,1
-0.23677803729456418,-0.5566170404248646,-0.08721911199682905,-1.1688800376000177,0.7006357069319238,-0.6000318773035141,0.48068417413818354,-0.22380761470814614,2,0.0,1.0,0.0,0.0,0.0,1.0,0.0,0.0,0.0,0.0,0.0,1.0,0
0.5311507323094284,-0.549695538452796,0.1278417121049415,-0.34596636684852267,0.6867205841874667,1.5034506588616126,0.29898919021362863,-1.3572451603358968,1,1.0,0.0,0.0,0.0,1.0,0.0,0.0,0.0,0.0,0.0,1.0,0.0,0
-0.12707392735113665,-0.4586504143484531,-0.19474952404771434,-1.035987146671205,0.30544622098933477,-0.6809350517714036,0.29898919021362863,-0.373821407511819,5,0.0,1.0,0.0,0.0,0.0,1.0,0.0,0.0,0.0,0.0,0.0,1.0,0
0.09233429253571836,0.1540393760378215,-0.19474952404771434,0.5996176647603382,-1.3476703610521998,-0.4382255283677351,0.48068417413818354,0.642938743713075,2,1.0,0.0,1.0,0.0,0.0,0.0,0.0,0.0,0.0,0.0,0.0,1.0,0
-0.017369817407709147,2.824869061443423,-0.19474952404771434,1.1107441683326953,0.8314378607298232,-1.085450924110851,0.29898919021362863,0.09288817009960774,2,1.0,0.0,0.0,1.0,0.0,0.0,0.0,0.0,1.0,0.0,0.0,0.0,0
-0.12707392735113665,-0.059329608837013145,-0.08721911199682905,0.08849116118798094,1.7053075690817452,-0.4382255283677351,0.29898919021362863,-1.223899566732632,2,1.0,0.0,1.0,0.0,0.0,0.0,0.0,0.0,0.0,1.0,0.0,0.0,1
-1.8823396864459767,0.12534642647846939,-1.7001752927601084,2.1329971754774095,-0.32351732706013797,0.37080621631115973,-1.8813506168810303,-2.4573463075628315,1,1.0,0.0,1.0,0.0,0.0,0.0,0.0,0.0,0.0,0.0,1.0,0.0,0
-0.23677803729456418,-0.13351579205034997,0.02031130005405623,-0.32041004166990483,1.396391844154792,-0.6000318773035141,0.29898919021362863,-0.4904988019146757,1,0.0,1.0,0.0,0.0,0.0,1.0,0.0,0.0,0.0,1.0,0.0,0.0,1
-0.5658903671248466,-0.47024979583130533,-0.8399319963530261,0.9574062172609882,-0.20663029600669613,2.716998275879955,0.29898919021362863,-2.357337112360383,1,0.0,1.0,0.0,0.0,0.0,1.0,0.0,1.0,0.0,0.0,0.0,0.0,1
-0.3464821472379917,-0.4666130744561507,-0.5173407602003702,-1.2915503984573835,-0.38752689168464194,-1.085450924110851,0.29898919021362863,0.9929709269216451,1,1.0,0.0,0.0,0.0,0.0,1.0,1.0,0.0,0.0,0.0,0.0,0.0,1
1.079671282026566,-0.40932004859837107,0.6654937723593679,-0.6885233495427164,0.3583236874182726,-0.3573223538998456,1.0257691259118482,1.6763670941383773,3,1.0,0.0,0.0,0.0,0.0,1.0,0.0,0.0,0.0,1.0,0.0,0.0,1
-1.5532273566156942,-0.058787033470558615,-1.4851144686583377,2.1329971754774095,1.2934199358458072,0.8562252631184969,-1.3362656651073657,-2.257327917157934,2,1.0,0.0,1.0,0.0,0.0,0.0,0.0,0.0,0.0,1.0,0.0,0.0,1
0.9699671720831384,-0.5318638723552633,0.6654937723593679,-0.7281867662199314,-1.4896046130456648,0.2899030418432704,1.9342440455346228,0.7596161381159318,1,1.0,0.0,0.0,0.0,0.0,1.0,1.0,0.0,0.0,0.0,0.0,0.0,0
-0.6755944770682742,-0.52224904581638,-0.3022799360985996,-1.035987146671205,1.7359208391195513,-0.4382255283677351,0.11729420628907372,0.9096299309196046,3,1.0,0.0,0.0,0.0,0.0,1.0,0.0,0.0,0.0,0.0,0.0,1.0,1
1.4087836118568484,-0.3387314822292733,1.6332674808173355,-0.5759732934560834,-1.389415729285572,-0.4382255283677351,1.0257691259118482,0.3262429589053211,2,0.0,1.0,1.0,0.0,0.0,0.0,0.0,0.0,0.0,0.0,1.0,0.0,0
0.4214466223660009,-0.3434484662709726,0.23537212415582678,-0.9337618459567335,-0.009035553035401345,-0.761838226239293,0.29898919021362863,-0.2738122123093704,2,1.0,0.0,1.0,0.0,0.0,0.0,0.0,1.0,0.0,0.0,0.0,0.0,0
0.7505589521962834,0.05321811920456821,0.8805545964611385,-0.6607180677483803,1.4075239423503576,-0.923644575175072,-0.427790745484591,0.7429479389155236,4,1.0,0.0,1.0,0.0,0.0,0.0,0.0,1.0,0.0,0.0,0.0,0.0,1
0.6408548422528559,-0.5282369271128375,0.6654937723593679,-1.2915503984573835,-1.1806888881187114,-1.0045477496429613,0.11729420628907372,-0.9072037819248782,1,1.0,0.0,0.0,0.0,0.0,1.0,0.0,0.0,0.0,1.0,0.0,0.0,0
-0.6755944770682742,0.8407051627837614,-1.3775840566074524,0.909871452428759,-0.30681917976678896,-0.761838226239293,0.29898919021362863,0.6596069429134831,1,0.0,1.0,1.0,0.0,0.0,0.0,0.0,0.0,0.0,1.0,0.0,0.0,1
1.518487721800276,0.18401788705102534,1.5257370687664502,0.08849116118798094,-0.07582814220879674,-0.6809350517714036,2.115939029459178,-1.057217574728551,3,0.0,1.0,1.0,0.0,0.0,0.0,0.0,0.0,0.0,0.0,1.0,0.0,0
1.737895941687131,-0.10793165269879136,1.6332674808173355,-0.2181847409554334,-0.7938484758227966,-0.5191287028356245,2.8427189651573976,1.5596896997355205,3,0.0,1.0,0.0,0.0,0.0,1.0,0.0,1.0,0.0,0.0,0.0,0.0,0
-0.23677803729456418,-0.25853297738765657,0.23537212415582678,-1.1382124473856763,0.7006357069319238,-1.085450924110851,0.11729420628907372,0.5095931501098102,1,1.0,0.0,0.0,0.0,0.0,1.0,0.0,0.0,0.0,1.0,0.0,0.0,0
0.4214466223660009,-0.5202840431378689,0.5579633603084826,-1.1331011823499528,-1.077716979809727,-0.6809350517714036,-0.06440077763548119,-0.007121025102840856,3,1.0,0.0,1.0,0.0,0.0,0.0,0.0,0.0,0.0,0.0,0.0,1.0,0
-0.5658903671248466,-0.22724935265514318,-0.5173407602003702,1.1107441683326953,0.377804859260513,0.7753220886506074,0.29898919021362863,0.826288934917564,1,1.0,0.0,0.0,0.0,0.0,1.0,0.0,0.0,0.0,1.0,0.0,0.0,1
-0.6755944770682742,-0.478696374509084,-0.4098103481494849,-1.1382124473856763,1.8472418210752108,-0.761838226239293,0.11729420628907372,-0.24047581390855424,1,0.0,1.0,1.0,0.0,0.0,0.0,0.0,0.0,0.0,1.0,0.0,0.0,1
-1.5532273566156942,-0.22780659222069108,-2.1302969409636496,2.1329971754774095,1.0763440210322726,1.584353833329502,-0.7911807133337009,0.15956096690124014,3,0.0,1.0,0.0,0.0,0.0,1.0,0.0,1.0,0.0,0.0,0.0,0.0,1
-0.017369817407709147,-0.2368983956585778,-0.3022799360985996,1.1107441683326953,-0.38752689168464194,0.7753220886506074,0.29898919021362863,-0.7738581883216135,2,0.0,1.0,1.0,0.0,0.0,0.0,0.0,0.0,0.0,1.0,0.0,0.0,0
0.09233429253571836,-0.5501452405583258,0.34290253620671207,-0.4226353423843763,-0.593470708302611,1.2607411354579443,0.48068417413818354,0.45958855250858593,1,1.0,0.0,1.0,0.0,0.0,0.0,0.0,1.0,0.0,0.0,0.0,0.0,0
-0.3464821472379917,-0.29794545648425896,-0.5173407602003702,0.19071646190245237,0.4835597921183892,0.20899986737538084,-0.2460957615600361,0.8596253333183803,5,1.0,0.0,1.0,0.0,0.0,0.0,0.0,0.0,0.0,0.0,1.0,0.0,0
-1.8823396864459767,0.6248285998639612,-1.8077057048109935,1.6218706719050526,2.2702615525067142,-0.4382255283677351,-2.24474058473014,-0.22380761470814614,3,1.0,0.0,1.0,0.0,0.0,0.0,0.0,0.0,1.0,0.0,0.0,0.0,0
-0.12707392735113665,-0.09236804939436595,0.02031130005405623,0.5996176647603382,0.7952585415942338,-0.03370965602828762,0.29898919021362863,0.026215373297975342,2,0.0,1.0,1.0,0.0,0.0,0.0,1.0,0.0,0.0,0.0,0.0,0.0,1
-0.12707392735113665,-0.25899734369227984,0.1278417121049415,-1.035987146671205,1.262806665808001,-1.0045477496429613,-0.427790745484591,-0.2738122123093704,1,1.0,0.0,0.0,0.0,0.0,1.0,0.0,0.0,0.0,0.0,1.0,0.0,0
-0.5658903671248466,-0.3560303490930803,-0.19474952404771434,-0.6781985941705548,0.2720499264026373,-0.4382255283677351,0.11729420628907372,0.6762751421138912,5,0.0,1.0,0.0,0.0,0.0,1.0,1.0,0.0,0.0,0.0,0.0,0.0,0
-1.1144109168419842,-0.09361939438366648,-0.7324015843021408,2.1329971754774095,-0.20663029600669613,0.9371284375863864,-0.9728756972582557,0.27623836130409685,1,0.0,1.0,1.0,0.0,0.0,0.0,0.0,0.0,1.0,0.0,0.0,0.0,0
-0.5658903671248466,-0.20388439543304726,-0.7324015843021408,1.008518867618224,-0.20663029600669613,0.6135157397148282,0.48068417413818354,-0.7405217899207972,4,0.0,1.0,1.0,0.0,0.0,0.0,0.0,0.0,0.0,0.0,0.0,1.0,0
2.5058247112911234,-0.4285545897425024,2.8161020133770736,-0.4226353423843763,-0.20663029600669613,0.1280966929074913,0.8440741419872934,1.4596805045330719,1,0.0,1.0,0.0,0.0,0.0,1.0,0.0,1.0,0.0,0.0,0.0,0.0,0
0.09233429253571836,-0.33832088465465904,0.1278417121049415,0.19071646190245237,-0.20663029600669613,0.4517093907790493,0.48068417413818354,0.17622916610164824,2,1.0,0.0,1.0,0.0,0.0,0.0,1.0,0.0,0.0,0.0,0.0,0.0,1
0.6408548422528559,-0.5095791777997121,0.45043294825759733,-0.545305703241742,1.0763440210322726,0.4517093907790493,-0.6094857294091459,-0.8905355827244701,5,0.0,1.0,0.0,0.0,0.0,1.0,0.0,0.0,0.0,1.0,0.0,0.0,1
-0.5658903671248466,-0.4127905757171343,-0.9474624084039113,-0.5861958235275305,0.13846474805584652,-0.19551600496406651,0.11729420628907372,-0.873867383524062,5,0.0,1.0,1.0,0.0,0.0,0.0,0.0,0.0,0.0,0.0,0.0,1.0,0
1.4087836118568484,-0.3785056782368454,1.418206656715565,-0.8519816053851563,-1.389415729285572,-0.6000318773035141,1.7525490616100678,1.2429939149277667,4,0.0,1.0,0.0,0.0,0.0,1.0,0.0,0.0,0.0,0.0,0.0,1.0,0
1.079671282026566,-0.4030828759173262,0.9880850085120237,-0.9848744963139692,0.038275864295753664,-0.761838226239293,1.9342440455346228,1.12631652052491,1,0.0,1.0,0.0,0.0,0.0,1.0,0.0,1.0,0.0,0.0,0.0,0.0,0
0.20203840247914587,-0.31379745570418727,0.23537212415582678,1.1107441683326953,0.029926790649078935,1.2607411354579443,0.48068417413818354,0.5095931501098102,1,1.0,0.0,1.0,0.0,0.0,0.0,0.0,1.0,0.0,0.0,0.0,0.0,0
0.7505589521962834,-0.2477010223240238,0.6654937723593679,0.08849116118798094,0.8592681062187378,-0.03370965602828762,-0.6094857294091459,0.2929065605045049,1,0.0,1.0,1.0,0.0,0.0,0.0,0.0,0.0,0.0,0.0,1.0,0.0,0
0.6408548422528559,-0.5200885204832907,0.8805545964611385,-1.2302152180287007,0.18577616538700154,-0.8427414007071825,-0.06440077763548119,0.8429571341179722,3,0.0,1.0,1.0,0.0,0.0,0.0,0.0,0.0,1.0,0.0,0.0,0.0,0
-0.4561862571814192,0.6231862095655042,-0.6248711722512554,0.08849116118798094,1.0763440210322726,-0.8427414007071825,0.48068417413818354,-1.3239087619350807,1,0.0,1.0,0.0,0.0,0.0,1.0,0.0,1.0,0.0,0.0,0.0,0.0,0
0.7505589521962834,0.14088070138470807,0.45043294825759733,1.008518867618224,-0.20663029600669613,-0.19551600496406651,-0.06440077763548119,-0.9905447779269188,2,0.0,1.0,1.0,0.0,0.0,0.0,0.0,0.0,0.0,1.0,0.0,0.0,1
-0.6755944770682742,-0.5209977008270794,-0.4098103481494849,-0.5248606430988477,0.11898357621360613,0.6135157397148282,0.48068417413818354,-1.7572819411456913,3,1.0,0.0,0.0,0.0,0.0,1.0,0.0,1.0,0.0,0.0,0.0,0.0,0
-0.5658903671248466,-0.18966012231248258,-0.6248711722512554,-0.7804238948850263,-1.283660796427696,-0.8427414007071825,-0.2460957615600361,1.659698894937969,5,0.0,1.0,1.0,0.0,0.0,0.0,0.0,1.0,0.0,0.0,0.0,0.0,0
1.299079501913421,0.03806511347475704,1.3106762446646796,-0.2181847409554334,-1.4283780729700524,-0.6809350517714036,1.7525490616100678,0.626270544512667,1,1.0,0.0,1.0,0.0,0.0,0.0,0.0,0.0,0.0,0.0,1.0,0.0,0
-0.4561862571814192,-0.5557225242801692,-0.7324015843021408,-1.2915503984573835,-1.5925765213546492,-0.923644575175072,0.29898919021362863,0.27623836130409685,2,0.0,1.0,1.0,0.0,0.0,0.0,1.0,0.0,0.0,0.0,0.0,0.0,0
-0.8950026969551292,0.8441854660352535,-0.9474624084039113,1.1107441683326953,1.271155739454676,-0.6809350517714036,-0.9728756972582557,0.07621997089919964,1,0.0,1.0,1.0,0.0,0.0,0.0,1.0,0.0,0.0,0.0,0.0,0.0,1
0.4214466223660009,-0.3600483396446625,0.5579633603084826,-0.5248606430988477,-1.3448873365033083,-0.2764191794319561,-0.06440077763548119,-1.7572819411456913,1,0.0,1.0,1.0,0.0,0.0,0.0,1.0,0.0,0.0,0.0,0.0,0.0,0
0.4214466223660009,-0.24464109277987484,0.1278417121049415,-0.11595944024096194,1.1709668556945831,-0.19551600496406651,-0.2460957615600361,0.12622456850042393,1,0.0,1.0,1.0,0.0,0.0,0.0,1.0,0.0,0.0,0.0,0.0,0.0,0
0.20203840247914587,-0.5318736484879922,0.45043294825759733,-0.6270859438133192,-1.1862549372164943,0.5326125652469389,-0.6094857294091459,0.826288934917564,3,1.0,0.0,0.0,0.0,0.0,1.0,0.0,1.0,0.0,0.0,0.0,0.0,0
-0.5658903671248466,0.023664869965071972,-0.5173407602003702,2.1329971754774095,0.7006357069319238,0.6135157397148282,0.29898919021362863,0.476256751708994,3,1.0,0.0,1.0,0.0,0.0,0.0,0.0,0.0,0.0,0.0,1.0,0.0,0
-0.6755944770682742,1.0039763554892944,-0.4098103481494849,1.1107441683326953,1.0846930946789473,-0.761838226239293,0.29898919021362863,-1.4405861563379374,1,0.0,1.0,1.0,0.0,0.0,0.0,0.0,0.0,0.0,0.0,1.0,0.0,0
-0.4561862571814192,-0.6247126929480902,-0.4098103481494849,-0.9542069060996278,-1.2419154281943239,1.1798379609900547,-0.427790745484591,-1.057217574728551,1,0.0,1.0,0.0,0.0,1.0,0.0,1.0,0.0,0.0,0.0,0.0,0.0,1
-0.017369817407709147,0.3310118187629226,0.02031130005405623,-0.7293112445277906,0.34440856467381553,-1.085450924110851,-0.2460957615600361,0.20956556450246444,4,0.0,1.0,1.0,0.0,0.0,0.0,0.0,0.0,0.0,0.0,1.0,0.0,0
-0.017369817407709147,-0.5904766761314458,0.34290253620671207,-0.6270859438133192,-1.3476703610521998,1.5034506588616126,0.48068417413818354,0.07621997089919964,2,0.0,1.0,0.0,0.0,0.0,1.0,0.0,0.0,0.0,0.0,0.0,1.0,1
1.299079501913421,-0.227215136190592,1.095615420562909,-1.260882808243042,-0.5211120700314322,-1.1663540985787406,1.2074641098364032,-0.5571715987163082,2,0.0,1.0,1.0,0.0,0.0,0.0,0.0,0.0,0.0,0.0,1.0,0.0,0
0.5311507323094284,-0.46718986628715636,0.6654937723593679,-0.8724266655280506,-0.8801222368384325,-0.3573223538998456,-0.6094857294091459,0.12622456850042393,4,0.0,1.0,1.0,0.0,0.0,0.0,0.0,1.0,0.0,0.0,0.0,0.0,0
-1.1144109168419842,0.6521919953721815,-1.270053644556567,2.1329971754774095,-0.20663029600669613,-0.2764191794319561,-0.9728756972582557,1.0429755245228693,4,0.0,1.0,0.0,0.0,0.0,1.0,0.0,0.0,1.0,0.0,0.0,0.0,0
-1.7726355765025492,-0.3571350520914472,-1.592644880709223,1.7547635628338651,-0.011818577584292759,2.2315792290726177,-2.063045600805585,0.7096115405147074,5,0.0,1.0,1.0,0.0,0.0,0.0,0.0,0.0,0.0,1.0,0.0,0.0,0
-1.0047068068985567,1.6506235429094396,-0.9474624084039113,0.08849116118798094,-1.5925765213546492,-1.085450924110851,-0.7911807133337009,-0.7405217899207972,1,0.0,1.0,1.0,0.0,0.0,0.0,0.0,0.0,0.0,0.0,1.0,0.0,0
-0.017369817407709147,-0.22749375597336594,0.1278417121049415,-0.9337618459567335,0.0661061097846683,-0.923644575175072,0.48068417413818354,-0.20713941550773804,1,0.0,1.0,1.0,0.0,0.0,0.0,0.0,0.0,0.0,0.0,1.0,0.0,0
-0.3464821472379917,-0.34128305287151894,-0.5173407602003702,-0.8315365452422621,0.99563630911442,-0.6809350517714036,0.11729420628907372,0.8929617317191965,5,1.0,0.0,0.0,0.0,0.0,1.0,0.0,0.0,0.0,1.0,0.0,0.0,1
-0.8950026969551292,-0.37927310465606484,-0.9474624084039113,1.3151947697616382,-1.072150930711944,1.9888697056689495,-1.6996556329564754,0.8929617317191965,2,1.0,0.0,1.0,0.0,0.0,0.0,0.0,0.0,1.0,0.0,0.0,0.0,0
0.09233429253571836,-0.4036010109519585,0.02031130005405623,-0.9337618459567335,-0.48771577544473477,-0.6809350517714036,0.29898919021362863,1.0763119229236855,4,1.0,0.0,1.0,0.0,0.0,0.0,0.0,0.0,1.0,0.0,0.0,0.0,0
0.3117425124225734,-0.30846946336693104,0.45043294825759733,-0.5248606430988477,0.789692492496451,-0.4382255283677351,0.11729420628907372,1.3430031101302151,3,0.0,1.0,1.0,0.0,0.0,0.0,0.0,1.0,0.0,0.0,0.0,0.0,0
-1.5532273566156942,0.9918246225072588,-1.3775840566074524,1.1107441683326953,1.7192226918262028,-0.761838226239293,-1.1545706811828107,-0.5405033995159,1,0.0,1.0,0.0,0.0,0.0,1.0,1.0,0.0,0.0,0.0,0.0,0.0,1
-0.5658903671248466,3.879312961450973,-0.6248711722512554,-0.6781985941705548,0.11898357621360613,-1.2472572730466298,-0.2460957615600361,0.6929433413142994,3,0.0,1.0,0.0,0.0,0.0,1.0,0.0,0.0,0.0,0.0,0.0,1.0,0
0.09233429253571836,-0.4974714374149564,0.02031130005405623,-0.44308040252727054,-0.20663029600669613,0.5326125652469389,0.48068417413818354,0.5595977477110345,2,0.0,1.0,1.0,0.0,0.0,0.0,0.0,0.0,1.0,0.0,0.0,0.0,0
1.737895941687131,-0.2971878061977684,1.5257370687664502,-0.6270859438133192,-0.21219634510447896,-0.5191287028356245,2.6610239812328427,0.7429479389155236,5,0.0,1.0,1.0,0.0,0.0,0.0,0.0,0.0,0.0,0.0,1.0,0.0,0
2.0670082715174134,-0.3979064136373682,2.1709195410717617,0.5996176647603382,0.6505412650518774,1.2607411354579443,1.2074641098364032,1.2763303133285828,4,1.0,0.0,0.0,0.0,0.0,1.0,0.0,0.0,0.0,1.0,0.0,0.0,1
0.6408548422528559,-0.3182113796312903,0.6654937723593679,0.08849116118798094,-0.20663029600669613,0.20899986737538084,-0.427790745484591,0.5762659469114426,1,0.0,1.0,1.0,0.0,0.0,0.0,0.0,0.0,0.0,1.0,0.0,0.0,1
-0.4561862571814192,-0.05316086908507066,-0.8399319963530261,-1.1360657160706724,-0.9357827278162617,-1.1663540985787406,0.48068417413818354,1.0096391261220532,1,0.0,1.0,0.0,0.0,0.0,1.0,0.0,1.0,0.0,0.0,0.0,0.0,0
0.6408548422528559,-0.04911355013530174,0.6654937723593679,-0.8315365452422621,-0.782716377627231,-1.0045477496429613,-0.06440077763548119,0.7429479389155236,4,0.0,1.0,1.0,0.0,0.0,0.0,0.0,1.0,0.0,0.0,0.0,0.0,0
0.8602630621397109,0.1829865050481253,0.5579633603084826,-0.0137341395264905,-1.3504533856010912,-0.6809350517714036,-0.427790745484591,0.4429203533081778,2,0.0,1.0,1.0,0.0,0.0,0.0,1.0,0.0,0.0,0.0,0.0,0.0,0
0.6408548422528559,-0.5264283425579891,0.8805545964611385,-1.1382124473856763,0.20525733722924192,-0.6809350517714036,-0.06440077763548119,0.6929433413142994,1,1.0,0.0,0.0,0.0,0.0,1.0,1.0,0.0,0.0,0.0,0.0,0.0,1
0.9699671720831384,-0.22571449981670424,0.8805545964611385,0.39516706333139523,1.9557797784819784,0.1280966929074913,1.0257691259118482,-0.2738122123093704,1,0.0,1.0,0.0,0.0,0.0,1.0,0.0,0.0,1.0,0.0,0.0,0.0,0
0.09233429253571836,-0.3946607375713699,0.23537212415582678,-1.2915503984573835,0.029926790649078935,-1.1663540985787406,-0.6094857294091459,0.7596161381159318,5,0.0,1.0,0.0,0.0,0.0,1.0,0.0,0.0,0.0,0.0,0.0,1.0,0
-0.23677803729456418,-0.38078351716268155,-0.7324015843021408,-0.9337618459567335,-1.7623410188370292,-0.6809350517714036,-0.2460957615600361,0.07621997089919964,5,0.0,1.0,1.0,0.0,0.0,0.0,0.0,0.0,0.0,0.0,1.0,0.0,0
0.3117425124225734,-0.48108663896130255,0.23537212415582678,-1.2404377481001478,-1.1806888881187114,-1.0045477496429613,0.29898919021362863,0.22623376370287254,1,0.0,1.0,0.0,0.0,1.0,0.0,0.0,0.0,0.0,0.0,1.0,0.0,0
1.4087836118568484,0.03557219962888488,1.3106762446646796,-0.5861958235275305,-0.590687683753719,-0.8427414007071825,0.6623791580627385,0.7762843373163398,1,0.0,1.0,1.0,0.0,0.0,0.0,0.0,0.0,0.0,0.0,1.0,0.0,0
0.4214466223660009,0.42849941433561745,0.1278417121049415,1.1107441683326953,0.8453529834742802,-0.4382255283677351,-0.06440077763548119,0.24290196290328064,2,1.0,0.0,1.0,0.0,0.0,0.0,0.0,0.0,0.0,0.0,0.0,1.0,0
-0.5658903671248466,0.365946829069684,-0.7324015843021408,0.5996176647603382,0.583748675878482,-0.6000318773035141,0.48068417413818354,0.7429479389155236,2,0.0,1.0,1.0,0.0,0.0,0.0,1.0,0.0,0.0,0.0,0.0,0.0,0
-0.4561862571814192,-0.34304764482908723,-0.8399319963530261,-0.2181847409554334,-1.1389435198853393,-0.03370965602828762,0.11729420628907372,-0.32381680991059475,5,0.0,1.0,1.0,0.0,0.0,0.0,1.0,0.0,0.0,0.0,0.0,0.0,0
-1.1144109168419842,0.2682392705105887,-1.270053644556567,2.1329971754774095,0.34440856467381553,0.1280966929074913,-0.427790745484591,-1.1072221723297755,1,0.0,1.0,0.0,0.0,0.0,1.0,0.0,0.0,0.0,0.0,0.0,1.0,0
-0.3464821472379917,-0.11193009098491573,0.02031130005405623,-0.2181847409554334,-0.20663029600669613,-0.5191287028356245,-0.2460957615600361,-0.873867383524062,5,0.0,1.0,1.0,0.0,0.0,0.0,0.0,0.0,0.0,0.0,0.0,1.0,0
-0.23677803729456418,-0.4057175436877676,-0.3022799360985996,0.5996176647603382,-0.20663029600669613,1.3416443099258337,0.48068417413818354,-0.023789224303248955,2,0.0,1.0,0.0,0.0,0.0,1.0,1.0,0.0,0.0,0.0,0.0,0.0,1
2.944641151064834,-0.5556345390856091,2.9236324254279586,-0.8315365452422621,-1.4283780729700524,0.2899030418432704,1.0257691259118482,1.159652918925726,3,1.0,0.0,0.0,0.0,0.0,1.0,0.0,0.0,0.0,1.0,0.0,0.0,0
0.6408548422528559,-0.20939813429215273,0.02031130005405623,-0.2181847409554334,-0.21219634510447896,-0.3573223538998456,0.48068417413818354,1.309666711729399,5,1.0,0.0,0.0,0.0,0.0,1.0,0.0,0.0,0.0,0.0,0.0,1.0,0
-1.8823396864459767,0.4783528031866962,-2.022766528912764,2.1329971754774095,1.4993637524637766,-0.11461283049617718,-2.063045600805585,-0.7238535907203891,1,1.0,0.0,1.0,0.0,0.0,0.0,0.0,0.0,0.0,0.0,0.0,1.0,0
0.09233429253571836,0.1299607611265151,0.1278417121049415,0.08849116118798094,0.21638943542480757,-0.6000318773035141,0.29898919021362863,0.626270544512667,4,0.0,1.0,1.0,0.0,0.0,0.0,0.0,0.0,0.0,0.0,0.0,1.0,0
-0.017369817407709147,-0.5664664941492418,0.02031130005405623,-1.3426630488146192,-1.2029530845098433,-1.0045477496429613,-0.2460957615600361,0.5929341461118507,1,0.0,1.0,0.0,0.0,0.0,1.0,1.0,0.0,0.0,0.0,0.0,0.0,0
0.09233429253571836,1.3571538145202773,0.02031130005405623,0.39516706333139523,-0.07304511765990533,-1.0045477496429613,0.11729420628907372,-0.29048041150977855,4,1.0,0.0,1.0,0.0,0.0,0.0,1.0,0.0,0.0,0.0,0.0,0.0,0
-0.017369817407709147,-0.46253642710819504,0.02031130005405623,-0.4226353423843763,1.1820989538901487,0.2899030418432704,-0.427790745484591,0.9262981301200127,2,1.0,0.0,0.0,0.0,0.0,1.0,0.0,0.0,0.0,0.0,1.0,0.0,1
1.299079501913421,-0.39076983674526355,1.7407978928682208,-1.3426630488146192,-0.48771577544473477,-1.1663540985787406,2.115939029459178,1.5263533013347044,5,0.0,1.0,1.0,0.0,0.0,0.0,0.0,0.0,0.0,0.0,1.0,0.0,0
-0.5658903671248466,-0.3151465620207769,-0.5173407602003702,0.5996176647603382,0.8091736643386914,0.6944189141827177,0.48068417413818354,-0.2738122123093704,1,1.0,0.0,0.0,0.0,0.0,1.0,0.0,0.0,1.0,0.0,0.0,0.0,1
-0.017369817407709147,-0.48121861675314287,0.34290253620671207,0.10893622133087523,0.6978526823830324,1.4225474843937234,0.29898919021362863,0.5929341461118507,1,0.0,1.0,0.0,0.0,0.0,1.0,0.0,1.0,0.0,0.0,0.0,0.0,1
0.20203840247914587,-0.48657593748858574,0.34290253620671207,-1.035987146671205,1.262806665808001,-0.6000318773035141,-0.6094857294091459,1.1929893173265422,4,0.0,1.0,0.0,0.0,1.0,0.0,0.0,1.0,0.0,0.0,0.0,0.0,0
2.5058247112911234,-0.4286572391361559,2.278449953122647,-0.4226353423843763,-0.20663029600669613,0.1280966929074913,2.6610239812328427,0.14289276770083204,1,0.0,1.0,0.0,0.0,0.0,1.0,0.0,0.0,0.0,0.0,1.0,0.0,0
0.6408548422528559,-0.22699517320419152,0.5579633603084826,0.39516706333139523,1.6719112744950482,0.20899986737538084,0.6623791580627385,-0.023789224303248955,2,0.0,1.0,0.0,0.0,0.0,1.0,0.0,0.0,1.0,0.0,0.0,0.0,0
0.20203840247914587,-0.22572916401579762,-0.3022799360985996,1.1107441683326953,0.99563630911442,0.7753220886506074,0.48068417413818354,0.7262797397151155,3,1.0,0.0,1.0,0.0,0.0,0.0,0.0,0.0,0.0,0.0,0.0,1.0,0
-0.23677803729456418,-0.48291966384797325,-0.19474952404771434,0.1140474863665988,0.21638943542480757,1.4225474843937234,0.29898919021362863,0.05955177169879154,2,0.0,1.0,0.0,0.0,0.0,1.0,0.0,0.0,0.0,0.0,0.0,1.0,1
0.5311507323094284,-0.5396750024056628,0.45043294825759733,-0.2181847409554334,0.4306823256894513,1.584353833329502,-0.427790745484591,0.5929341461118507,2,0.0,1.0,0.0,0.0,0.0,1.0,0.0,0.0,0.0,0.0,1.0,0.0,1
-0.8950026969551292,1.2624964093726019,-0.6248711722512554,0.39516706333139523,0.25813480365817976,-1.0045477496429613,-0.7911807133337009,0.809620735717156,3,0.0,1.0,0.0,0.0,1.0,0.0,0.0,1.0,0.0,0.0,0.0,0.0,0
-1.4435232466722667,-0.38854087848307195,-1.3775840566074524,1.1593011861720692,1.262806665808001,1.9079665312010603,-1.3362656651073657,-1.373913359536305,3,0.0,1.0,1.0,0.0,0.0,0.0,0.0,1.0,0.0,0.0,0.0,0.0,0
-0.3464821472379917,-0.06412969000690817,-0.19474952404771434,0.5996176647603382,0.7757773697519935,-0.11461283049617718,-0.06440077763548119,1.12631652052491,4,0.0,1.0,1.0,0.0,0.0,0.0,0.0,0.0,1.0,0.0,0.0,0.0,1
-0.23677803729456418,-0.24938740521976085,-0.19474952404771434,0.5996176647603382,0.3221443682826837,0.4517093907790493,-0.06440077763548119,1.142984719725318,5,1.0,0.0,1.0,0.0,0.0,0.0,0.0,0.0,0.0,0.0,1.0,0.0,0
1.079671282026566,-0.3922802492518802,1.418206656715565,-0.4635254626701648,-0.907952482327347,-0.11461283049617718,0.8440741419872934,1.4263441061322557,4,0.0,1.0,0.0,0.0,1.0,0.0,0.0,0.0,0.0,0.0,1.0,0.0,0
0.3117425124225734,-0.02219008059988241,0.1278417121049415,-0.6270859438133192,-0.782716377627231,-0.8427414007071825,-0.6094857294091459,0.42625215410776973,5,0.0,1.0,1.0,0.0,0.0,0.0,0.0,0.0,0.0,0.0,0.0,1.0,0
-0.017369817407709147,-0.44913823720322327,0.23537212415582678,-0.2181847409554334,-1.5925765213546492,0.5326125652469389,0.11729420628907372,-0.24047581390855424,1,0.0,1.0,0.0,0.0,1.0,0.0,0.0,0.0,0.0,0.0,0.0,1.0,0
0.6408548422528559,-0.3431405180900119,0.6654937723593679,-0.4226353423843763,0.3555406628693812,-0.19551600496406651,-0.427790745484591,0.34291115810572925,1,0.0,1.0,0.0,0.0,0.0,1.0,0.0,0.0,1.0,0.0,0.0,0.0,0
0.5311507323094284,-0.36958495712171463,0.6654937723593679,1.1107441683326953,-0.20663029600669613,1.6652570077973916,-0.2460957615600361,0.12622456850042393,2,0.0,1.0,0.0,0.0,0.0,1.0,0.0,0.0,0.0,1.0,0.0,0.0,1
-0.5658903671248466,1.4372398938355115,-0.7324015843021408,-1.1570219027171391,-0.11757351044216893,-1.2472572730466298,-0.7911807133337009,0.5095931501098102,4,0.0,1.0,0.0,0.0,0.0,1.0,0.0,0.0,1.0,0.0,0.0,0.0,0
0.3117425124225734,0.0017614445859481492,0.34290253620671207,-0.9337618459567335,-0.07304511765990533,-1.085450924110851,-0.2460957615600361,1.12631652052491,2,0.0,1.0,1.0,0.0,0.0,0.0,0.0,0.0,0.0,0.0,0.0,1.0,0
0.8602630621397109,-0.3143937998006508,0.7730241844102532,-1.1382124473856763,-0.21219634510447896,-1.0045477496429613,-0.06440077763548119,-2.6740328971681366,2,1.0,0.0,0.0,0.0,0.0,1.0,0.0,0.0,0.0,0.0,0.0,1.0,0
-0.4561862571814192,-0.46223825505996324,-0.6248711722512554,0.41816775599215134,0.18577616538700154,1.6652570077973916,0.48068417413818354,-0.42382600511304336,2,1.0,0.0,0.0,0.0,0.0,1.0,0.0,1.0,0.0,0.0,0.0,0.0,1
0.09233429253571836,-0.24653277446291902,0.1278417121049415,-0.11943510046525396,0.7368150260675131,-0.19551600496406651,-0.427790745484591,0.6596069429134831,5,0.0,1.0,1.0,0.0,0.0,0.0,0.0,0.0,0.0,0.0,0.0,1.0,0
-0.5658903671248466,0.39271876854780524,-0.19474952404771434,-1.1382124473856763,-1.4923876375945564,-1.2472572730466298,0.48068417413818354,0.4095839549073616,1,0.0,1.0,0.0,0.0,1.0,0.0,0.0,0.0,0.0,0.0,0.0,1.0,0
1.4087836118568484,-0.25564413016626353,0.9880850085120237,-0.4226353423843763,-1.0164904397341146,-0.4382255283677351,1.0257691259118482,-0.14046661870610566,1,1.0,0.0,1.0,0.0,0.0,0.0,0.0,0.0,0.0,0.0,0.0,1.0,0
0.6408548422528559,-0.14508584513501546,0.45043294825759733,0.9062935669037524,0.8926644008054357,0.2899030418432704,0.29898919021362863,-1.3905815587367132,1,0.0,1.0,1.0,0.0,0.0,0.0,1.0,0.0,0.0,0.0,0.0,0.0,1
1.079671282026566,-0.3747418671362149,1.2031458326137943,0.5996176647603382,-1.1862549372164943,1.098934786522165,1.9342440455346228,0.8929617317191965,2,0.0,1.0,0.0,0.0,0.0,1.0,0.0,0.0,1.0,0.0,0.0,0.0,1
-1.8823396864459767,-0.44847834824402183,-1.8077057048109935,1.1107441683326953,1.2795048131013507,2.5551919269441763,-2.063045600805585,0.7762843373163398,2,1.0,0.0,0.0,0.0,0.0,1.0,0.0,1.0,0.0,0.0,0.0,0.0,1
0.20203840247914587,-0.4147946829265609,0.1278417121049415,0.34405441297415956,0.11898357621360613,1.098934786522165,0.11729420628907372,-0.7571899891212053,4,0.0,1.0,1.0,0.0,0.0,0.0,1.0,0.0,0.0,0.0,0.0,0.0,0
-0.12707392735113665,0.09465914584241954,0.02031130005405623,0.5996176647603382,-0.6964426166115952,-0.3573223538998456,-0.2460957615600361,-0.9905447779269188,1,0.0,1.0,1.0,0.0,0.0,0.0,0.0,0.0,0.0,1.0,0.0,0.0,0
-2.2114520162762594,-0.2328804051069956,-2.1302969409636496,2.1329971754774095,0.569833553134025,1.6652570077973916,-2.24474058473014,0.20956556450246444,2,0.0,1.0,1.0,0.0,0.0,0.0,0.0,0.0,0.0,0.0,0.0,1.0,0
-0.23677803729456418,-0.11037568588101897,-0.5173407602003702,1.1107441683326953,0.8564850816698464,0.37080621631115973,0.29898919021362863,-2.2739961163583424,1,1.0,0.0,1.0,0.0,0.0,0.0,0.0,0.0,0.0,1.0,0.0,0.0,1
-0.017369817407709147,-0.10908034829443833,-0.08721911199682905,-0.9337618459567335,0.6978526823830324,-1.0045477496429613,0.11729420628907372,-2.724037494769361,2,0.0,1.0,1.0,0.0,0.0,0.0,0.0,1.0,0.0,0.0,0.0,0.0,0
0.3117425124225734,-0.4733634941054633,0.45043294825759733,-0.5861958235275305,0.11898357621360613,0.1280966929074913,-0.6094857294091459,1.1763211181261342,4,0.0,1.0,1.0,0.0,0.0,0.0,0.0,0.0,0.0,0.0,1.0,0.0,0
-0.8950026969551292,-0.45223238321192344,-0.9474624084039113,0.8807372417251346,-1.3476703610521998,2.3124824035405074,-0.7911807133337009,0.476256751708994,3,0.0,1.0,0.0,0.0,1.0,0.0,0.0,0.0,0.0,0.0,0.0,1.0,0
0.09233429253571836,-0.31545451020173754,0.02031130005405623,-0.8315365452422621,-1.1862549372164943,-0.6809350517714036,0.48068417413818354,0.5762659469114426,1,1.0,0.0,1.0,0.0,0.0,0.0,0.0,0.0,0.0,0.0,0.0,1.0,0
0.09233429253571836,-0.42770406619508716,0.34290253620671207,-0.11595944024096194,1.0986082174234044,0.5326125652469389,0.11729420628907372,-0.5571715987163082,5,1.0,0.0,0.0,0.0,0.0,1.0,0.0,0.0,0.0,1.0,0.0,0.0,1
-0.8950026969551292,1.0640555791748136,-1.0549928204547967,1.0453199758754337,0.17186104264254398,-0.761838226239293,-0.427790745484591,-0.6738489931191648,1,0.0,1.0,1.0,0.0,0.0,0.0,0.0,0.0,0.0,1.0,0.0,0.0,0
2.0670082715174134,-0.38606262883629316,2.0633891290208766,-0.7293112445277906,-1.1862549372164943,-0.4382255283677351,1.570854077685513,1.9097218829440905,5,1.0,0.0,1.0,0.0,0.0,0.0,0.0,0.0,0.0,0.0,1.0,0.0,0
-0.017369817407709147,-0.6129617814079399,-0.08721911199682905,-1.0870997970284406,-0.20663029600669613,0.20899986737538084,-0.6094857294091459,-1.3572451603358968,5,0.0,1.0,0.0,0.0,1.0,0.0,0.0,0.0,0.0,1.0,0.0,0.0,1
0.5311507323094284,-0.47940514413192997,0.45043294825759733,-0.688421124242002,-1.0443206852230293,-0.03370965602828762,0.11729420628907372,0.642938743713075,2,0.0,1.0,1.0,0.0,0.0,0.0,0.0,0.0,0.0,0.0,1.0,0.0,0
0.4214466223660009,-0.2846890205038564,0.5579633603084826,-0.0137341395264905,-0.1370546822844093,-0.03370965602828762,0.29898919021362863,0.026215373297975342,2,1.0,0.0,0.0,0.0,0.0,1.0,0.0,0.0,1.0,0.0,0.0,0.0,0
-0.017369817407709147,1.0629704284419046,0.34290253620671207,-0.4226353423843763,1.5355430715993656,-1.085450924110851,-0.06440077763548119,0.9929709269216451,1,1.0,0.0,1.0,0.0,0.0,0.0,0.0,0.0,0.0,0.0,1.0,0.0,0
1.6281918317437034,-0.3328364741937403,1.418206656715565,-1.2404377481001478,0.5475693567428932,-1.085450924110851,1.7525490616100678,1.309666711729399,3,0.0,1.0,1.0,0.0,0.0,0.0,0.0,0.0,0.0,0.0,1.0,0.0,0
0.4214466223660009,-0.6094179332937099,0.23537212415582678,-1.2404377481001478,0.14681382170252075,-0.4382255283677351,-0.2460957615600361,-0.8405309851232459,3,0.0,1.0,0.0,0.0,0.0,1.0,0.0,0.0,0.0,0.0,0.0,1.0,0
1.4087836118568484,-0.41450628701105807,1.7407978928682208,-0.8826491955994977,-0.3151682534134637,-0.6000318773035141,1.3891590937609581,0.476256751708994,2,1.0,0.0,0.0,0.0,0.0,1.0,0.0,1.0,0.0,0.0,0.0,0.0,1
0.5311507323094284,-0.317478169676622,0.23537212415582678,-0.2181847409554334,-1.7623410188370292,-0.11461283049617718,0.48068417413818354,-0.8905355827244701,4,0.0,1.0,0.0,0.0,0.0,1.0,0.0,1.0,0.0,0.0,0.0,0.0,0
-0.23677803729456418,-0.3727866405904328,-0.3022799360985996,0.39516706333139523,-1.077716979809727,0.8562252631184969,-0.06440077763548119,1.2263257157273584,4,1.0,0.0,0.0,0.0,0.0,1.0,0.0,0.0,1.0,0.0,0.0,0.0,1
0.6408548422528559,-0.519467736055005,0.45043294825759733,-1.2302152180287007,0.18577616538700154,-0.8427414007071825,0.29898919021362863,0.7096115405147074,2,0.0,1.0,1.0,0.0,0.0,0.0,0.0,0.0,0.0,0.0,0.0,1.0,0
-0.12707392735113665,-0.461387731512548,-0.19474952404771434,-1.2915503984573835,-0.38752689168464194,-1.085450924110851,0.29898919021362863,-0.7238535907203891,1,1.0,0.0,1.0,0.0,0.0,0.0,0.0,0.0,0.0,1.0,0.0,0.0,0
-0.6755944770682742,-0.2622576839573714,-0.8399319963530261,1.1107441683326953,1.683043372690614,0.9371284375863864,-0.6094857294091459,-0.40715780591263523,2,0.0,1.0,1.0,0.0,0.0,0.0,0.0,0.0,1.0,0.0,0.0,0.0,1
-0.12707392735113665,-0.11806461427230702,-0.08721911199682905,-0.661535870154096,0.9399758181365908,-0.8427414007071825,-0.2460957615600361,0.9763027277212369,5,0.0,1.0,1.0,0.0,0.0,0.0,0.0,0.0,0.0,1.0,0.0,0.0,1
-0.23677803729456418,-0.4739549501355624,0.02031130005405623,-0.8724266655280506,-0.04799789671988212,-0.3573223538998456,0.48068417413818354,0.14289276770083204,5,0.0,1.0,0.0,0.0,0.0,1.0,0.0,0.0,0.0,1.0,0.0,0.0,0
0.6408548422528559,-0.5074724211966318,0.5579633603084826,-0.6270859438133192,-1.4283780729700524,0.2899030418432704,-0.06440077763548119,0.3762475565065454,4,1.0,0.0,0.0,0.0,0.0,1.0,0.0,0.0,0.0,1.0,0.0,0.0,0
-1.8823396864459767,-0.014388726682211885,-1.9152361168618788,2.1329971754774095,1.6218168326150009,0.6944189141827177,-1.8813506168810303,-0.5238352003154919,3,0.0,1.0,1.0,0.0,0.0,0.0,0.0,1.0,0.0,0.0,0.0,0.0,0
-1.0047068068985567,-0.38045112864989855,-1.0549928204547967,1.8263212733339953,0.9678060636255055,2.6360951014120655,-1.3362656651073657,0.4429203533081778,4,1.0,0.0,1.0,0.0,0.0,0.0,0.0,0.0,0.0,1.0,0.0,0.0,1
0.3117425124225734,-0.19733438650467727,-0.08721911199682905,-0.9337618459567335,-0.8829052613873238,-0.923644575175072,-0.06440077763548119,-1.5072589531395697,4,0.0,1.0,1.0,0.0,0.0,0.0,0.0,0.0,1.0,0.0,0.0,0.0,0
-0.12707392735113665,0.6778690079846648,-0.4098103481494849,1.1107441683326953,1.0986082174234044,-0.6000318773035141,0.29898919021362863,-1.057217574728551,2,0.0,1.0,1.0,0.0,0.0,0.0,0.0,0.0,0.0,1.0,0.0,0.0,1
-1.7726355765025492,1.0630584136364647,-1.592644880709223,1.1107441683326953,0.99563630911442,-0.761838226239293,-2.063045600805585,0.7429479389155236,3,0.0,1.0,1.0,0.0,0.0,0.0,0.0,1.0,0.0,0.0,0.0,0.0,0
0.20203840247914587,-0.48893198547625316,-0.4098103481494849,-0.9848744963139692,0.789692492496451,-0.5191287028356245,-0.6094857294091459,-3.2574198691824203,1,0.0,1.0,0.0,0.0,0.0,1.0,1.0,0.0,0.0,0.0,0.0,0.0,1
-0.4561862571814192,-0.5696339611534088,-0.19474952404771434,-0.9593181711353513,0.9678060636255055,0.1280966929074913,0.29898919021362863,-1.023881176327735,1,1.0,0.0,0.0,0.0,1.0,0.0,0.0,1.0,0.0,0.0,0.0,0.0,0
0.20203840247914587,-0.28425887066378436,0.5579633603084826,-0.4733390915387541,0.6616733632474435,-0.4382255283677351,-0.06440077763548119,0.45958855250858593,1,1.0,0.0,0.0,0.0,0.0,1.0,0.0,1.0,0.0,0.0,0.0,0.0,0
-0.7852985870117017,2.2954670338411005,-1.0549928204547967,-1.260882808243042,0.4807767675694977,-1.3281604475145194,-1.5179606490319204,-1.3239087619350807,4,1.0,0.0,0.0,0.0,0.0,1.0,0.0,0.0,0.0,0.0,1.0,0.0,0
2.2864164914042684,9.754851828654338,2.493510777224418,-0.2156291084375716,0.7006357069319238,-1.2472572730466298,2.8427189651573976,1.2263257157273584,1,0.0,1.0,0.0,0.0,0.0,1.0,0.0,1.0,0.0,0.0,0.0,0.0,0
-0.5658903671248466,0.5929877355658999,-0.9474624084039113,1.6218706719050526,-0.512762996384758,-0.4382255283677351,0.48068417413818354,-1.1238903715301836,1,1.0,0.0,0.0,0.0,0.0,1.0,0.0,1.0,0.0,0.0,0.0,0.0,0
-0.12707392735113665,-0.5077510409794057,-0.5173407602003702,-1.2915503984573835,0.8314378607298232,-1.0045477496429613,0.48068417413818354,0.8596253333183803,4,0.0,1.0,0.0,0.0,0.0,1.0,0.0,0.0,1.0,0.0,0.0,0.0,1
-1.4435232466722667,2.843609907884744,-1.4851144686583377,1.092445839504805,-0.7437540339427502,-1.085450924110851,-0.7911807133337009,-0.6571807939187567,3,0.0,1.0,1.0,0.0,0.0,0.0,0.0,0.0,0.0,1.0,0.0,0.0,1
0.20203840247914587,-0.5797278181960088,-0.3022799360985996,-1.035987146671205,-0.401442014429099,-0.03370965602828762,1.0257691259118482,-0.7405217899207972,1,0.0,1.0,0.0,0.0,0.0,1.0,0.0,0.0,0.0,0.0,1.0,0.0,0
0.09233429253571836,-0.426574922864898,0.23537212415582678,-0.8008689550279205,-1.1806888881187114,-0.4382255283677351,-0.06440077763548119,0.5595977477110345,1,1.0,0.0,1.0,0.0,0.0,0.0,0.0,1.0,0.0,0.0,0.0,0.0,0
-0.4561862571814192,-0.46602650649241606,-0.19474952404771434,-0.9337618459567335,1.6663452253972644,-0.5191287028356245,0.48068417413818354,-0.25714401310896234,1,1.0,0.0,0.0,0.0,0.0,1.0,0.0,1.0,0.0,0.0,0.0,0.0,1
0.7505589521962834,-0.37413574690702245,0.8805545964611385,-0.9337618459567335,0.17464406719143588,-0.761838226239293,-0.06440077763548119,1.2263257157273584,2,1.0,0.0,1.0,0.0,0.0,0.0,0.0,1.0,0.0,0.0,0.0,0.0,0
0.6408548422528559,-0.3321716971681744,0.6654937723593679,-0.0137341395264905,0.26091782820707116,0.20899986737538084,-0.427790745484591,0.20956556450246444,1,0.0,1.0,0.0,0.0,0.0,1.0,0.0,1.0,0.0,0.0,0.0,0.0,0
0.6408548422528559,-0.48169275919049503,0.8805545964611385,0.08849116118798094,0.26091782820707116,1.3416443099258337,0.29898919021362863,-0.9905447779269188,2,1.0,0.0,1.0,0.0,0.0,0.0,0.0,0.0,1.0,0.0,0.0,0.0,1
0.20203840247914587,-0.5401882493739306,0.34290253620671207,-1.1004913114220363,0.9399758181365908,-0.5191287028356245,0.11729420628907372,1.4430123053326638,4,0.0,1.0,0.0,0.0,0.0,1.0,1.0,0.0,0.0,0.0,0.0,0.0,1
-0.017369817407709147,-0.4027944800018234,0.23537212415582678,-0.2181847409554334,-0.08417721585547147,0.2899030418432704,0.6623791580627385,-0.057125622704065154,2,0.0,1.0,0.0,0.0,0.0,1.0,0.0,0.0,0.0,0.0,1.0,0.0,0
0.09233429253571836,-0.32116377171542126,0.23537212415582678,0.08849116118798094,-1.077716979809727,0.20899986737538084,0.48068417413818354,0.6929433413142994,3,1.0,0.0,1.0,0.0,0.0,0.0,0.0,0.0,0.0,1.0,0.0,0.0,0
0.9699671720831384,-0.25630890719182947,0.9880850085120237,-0.661331419552667,0.567050528585133,-0.6809350517714036,0.48068417413818354,0.6762751421138912,2,1.0,0.0,0.0,0.0,1.0,0.0,0.0,0.0,0.0,0.0,0.0,1.0,0
1.079671282026566,-0.5648387680498782,0.9880850085120237,-0.8315365452422621,0.4835597921183892,0.37080621631115973,1.2074641098364032,1.0763119229236855,4,1.0,0.0,1.0,0.0,0.0,0.0,0.0,0.0,0.0,0.0,1.0,0.0,0
-0.12707392735113665,-0.47186285773157555,0.02031130005405623,-0.5376388056881566,2.0253553922042653,0.20899986737538084,-0.6094857294091459,0.7929525365167479,1,1.0,0.0,0.0,0.0,0.0,1.0,0.0,0.0,0.0,1.0,0.0,0.0,0
-0.5658903671248466,0.39559295157010493,-0.4098103481494849,-1.138110222084962,-1.4923876375945564,-1.2472572730466298,-0.2460957615600361,0.2929065605045049,1,1.0,0.0,1.0,0.0,0.0,0.0,0.0,0.0,0.0,0.0,0.0,1.0,0
-0.017369817407709147,0.1868285252105871,0.1278417121049415,-0.6117521487061485,-1.325406164661068,-1.0045477496429613,0.48068417413818354,-0.373821407511819,1,1.0,0.0,0.0,0.0,1.0,0.0,0.0,0.0,0.0,0.0,1.0,0.0,0
0.5311507323094284,-0.18980187623705178,0.6654937723593679,1.008518867618224,-0.20663029600669613,0.5326125652469389,0.48068417413818354,0.9262981301200127,1,0.0,1.0,1.0,0.0,0.0,0.0,0.0,0.0,0.0,1.0,0.0,0.0,0
0.5311507323094284,-0.5907601839805843,0.6654937723593679,-1.1382124473856763,-1.7623410188370292,-0.2764191794319561,-0.2460957615600361,0.476256751708994,5,1.0,0.0,1.0,0.0,0.0,0.0,1.0,0.0,0.0,0.0,0.0,0.0,1
0.4214466223660009,0.123205453410838,0.6654937723593679,-1.0640991043676846,-0.20663029600669613,-1.1663540985787406,0.48068417413818354,1.2763303133285828,2,0.0,1.0,0.0,0.0,0.0,1.0,0.0,0.0,0.0,0.0,0.0,1.0,0
-0.3464821472379917,0.300896441891514,-0.6248711722512554,1.8263212733339953,-1.1862549372164943,-0.03370965602828762,-0.2460957615600361,-0.057125622704065154,2,0.0,1.0,1.0,0.0,0.0,0.0,0.0,0.0,0.0,1.0,0.0,0.0,0
0.4214466223660009,0.18439915622745284,0.5579633603084826,-0.0137341395264905,-1.408896901127812,-0.6809350517714036,-0.427790745484591,-0.44049420431345143,3,0.0,1.0,1.0,0.0,0.0,0.0,0.0,0.0,0.0,0.0,0.0,1.0,0
-0.4561862571814192,-0.5981167238590893,-0.08721911199682905,-0.9976526589032781,-1.1806888881187114,0.37080621631115973,-0.2460957615600361,1.0763119229236855,5,0.0,1.0,1.0,0.0,0.0,0.0,0.0,1.0,0.0,0.0,0.0,0.0,1
0.5311507323094284,-0.3184069022858685,0.45043294825759733,-0.9337618459567335,-0.3763947934890758,-0.8427414007071825,0.6623791580627385,0.5929341461118507,1,0.0,1.0,0.0,0.0,0.0,1.0,0.0,0.0,0.0,0.0,1.0,0.0,0
-0.23677803729456418,-0.4622773595908789,-0.08721911199682905,-1.3426630488146192,0.9678060636255055,-1.1663540985787406,-0.06440077763548119,-1.1405585707305916,2,1.0,0.0,0.0,0.0,0.0,1.0,0.0,1.0,0.0,0.0,0.0,0.0,0
1.518487721800276,0.18385658086099832,1.2031458326137943,-0.4226353423843763,0.4835597921183892,-0.8427414007071825,1.0257691259118482,0.2929065605045049,4,0.0,1.0,0.0,0.0,0.0,1.0,0.0,0.0,1.0,0.0,0.0,0.0,0
-0.017369817407709147,-0.22746931564154366,-0.19474952404771434,-0.7906464249564734,-0.03408277397542456,-0.761838226239293,-0.6094857294091459,0.9096299309196046,5,0.0,1.0,0.0,0.0,0.0,1.0,0.0,0.0,0.0,1.0,0.0,0.0,0
-1.2241150267854117,-0.5186514289721409,-1.270053644556567,0.6200627249032324,0.8314378607298232,3.0406109737515132,-1.6996556329564754,-1.023881176327735,2,0.0,1.0,0.0,0.0,0.0,1.0,0.0,0.0,0.0,0.0,1.0,0.0,1
1.518487721800276,-0.08164851985711566,0.8805545964611385,0.5996176647603382,0.9761551372721796,-0.03370965602828762,1.9342440455346228,-1.057217574728551,3,0.0,1.0,1.0,0.0,0.0,0.0,0.0,1.0,0.0,0.0,0.0,0.0,0
-0.017369817407709147,-0.08217154295811237,0.02031130005405623,-1.1995476278143593,0.36388973651605594,-1.1663540985787406,0.48068417413818354,1.292998512528991,2,0.0,1.0,1.0,0.0,0.0,0.0,0.0,1.0,0.0,0.0,0.0,0.0,0
-0.6755944770682742,0.7693051773981641,-0.7324015843021408,0.5996176647603382,-0.8634240895450834,-0.761838226239293,0.29898919021362863,-0.9572083795261025,3,0.0,1.0,1.0,0.0,0.0,0.0,0.0,1.0,0.0,0.0,0.0,0.0,0
0.09233429253571836,-0.5835649502921062,0.02031130005405623,-0.6781985941705548,-0.7632352057849906,1.1798379609900547,-0.6094857294091459,-1.023881176327735,4,0.0,1.0,0.0,0.0,0.0,1.0,0.0,0.0,1.0,0.0,0.0,0.0,1
-0.12707392735113665,-0.5349726825630569,0.1278417121049415,-1.2915503984573835,0.34440856467381553,-1.0045477496429613,0.11729420628907372,0.14289276770083204,4,1.0,0.0,0.0,0.0,0.0,1.0,1.0,0.0,0.0,0.0,0.0,0.0,0
0.4214466223660009,-0.3446264902648063,0.8805545964611385,-0.8826491955994977,0.6867205841874667,-0.6809350517714036,0.48068417413818354,-1.4572543555383455,1,0.0,1.0,0.0,0.0,0.0,1.0,0.0,0.0,0.0,0.0,1.0,0.0,0
-2.101747906332832,-0.13997781578415974,-1.8077057048109935,2.1329971754774095,-1.072150930711944,1.098934786522165,-2.24474058473014,-1.2905723635342645,3,0.0,1.0,0.0,0.0,0.0,1.0,0.0,0.0,0.0,0.0,0.0,1.0,1
-0.017369817407709147,0.4767592935518838,0.1278417121049415,0.5996176647603382,-0.702008665709378,-0.6809350517714036,-0.2460957615600361,-0.6238443955179406,2,0.0,1.0,1.0,0.0,0.0,0.0,0.0,0.0,0.0,0.0,1.0,0.0,0
0.09233429253571836,-0.4890639632680935,0.23537212415582678,-0.4226353423843763,-0.418140161722448,0.5326125652469389,-0.2460957615600361,1.2263257157273584,5,1.0,0.0,1.0,0.0,0.0,0.0,0.0,0.0,0.0,1.0,0.0,0.0,0
0.9699671720831384,-0.4788136881018309,0.9880850085120237,-0.3319615006506401,0.5058239885095209,0.6135157397148282,0.8440741419872934,-0.40715780591263523,3,0.0,1.0,0.0,0.0,0.0,1.0,0.0,1.0,0.0,0.0,0.0,0.0,0
-0.12707392735113665,-0.5399585102548012,-0.19474952404771434,-0.8315365452422621,0.12733264986028087,0.1280966929074913,0.29898919021362863,-2.390673510761199,2,0.0,1.0,1.0,0.0,0.0,0.0,1.0,0.0,0.0,0.0,0.0,0.0,1
-0.23677803729456418,-0.6458340277089012,0.23537212415582678,-1.189325097742912,-0.20663029600669613,0.4517093907790493,0.48068417413818354,1.2763303133285828,5,1.0,0.0,0.0,0.0,1.0,0.0,1.0,0.0,0.0,0.0,0.0,0.0,1
-0.5658903671248466,3.878521094699931,-0.9474624084039113,-0.6781985941705548,0.11898357621360613,-1.2472572730466298,0.11729420628907372,0.026215373297975342,2,1.0,0.0,0.0,0.0,0.0,1.0,0.0,0.0,1.0,0.0,0.0,0.0,0
-0.017369817407709147,-0.5491969556836216,-0.19474952404771434,-0.4226353423843763,-1.325406164661068,1.2607411354579443,0.48068417413818354,-0.39048960671222716,1,1.0,0.0,0.0,0.0,0.0,1.0,0.0,0.0,0.0,1.0,0.0,0.0,1
-0.017369817407709147,-0.45614772436985207,-0.4098103481494849,0.08849116118798094,1.4464862860348384,1.098934786522165,0.11729420628907372,0.45958855250858593,2,0.0,1.0,0.0,0.0,0.0,1.0,0.0,0.0,1.0,0.0,0.0,0.0,1
-0.6755944770682742,4.159922187235254,-0.9474624084039113,-1.0155420865283107,-0.20663029600669613,-1.3281604475145194,0.29898919021362863,-0.023789224303248955,2,1.0,0.0,1.0,0.0,0.0,0.0,0.0,0.0,1.0,0.0,0.0,0.0,0
0.9699671720831384,-0.4738034200782643,0.7730241844102532,-0.11595944024096194,0.18577616538700154,0.9371284375863864,0.6623791580627385,0.2929065605045049,2,0.0,1.0,0.0,0.0,0.0,1.0,0.0,0.0,0.0,0.0,1.0,0.0,1
0.4214466223660009,-0.5185829960430385,0.34290253620671207,-0.4226353423843763,0.4835597921183892,0.8562252631184969,-0.427790745484591,-2.0239731283522207,1,0.0,1.0,0.0,0.0,0.0,1.0,1.0,0.0,0.0,0.0,0.0,0.0,1
-0.3464821472379917,-0.5210123650261728,-0.5173407602003702,-0.5248606430988477,1.42978813874149,0.6135157397148282,0.29898919021362863,0.05955177169879154,2,0.0,1.0,0.0,0.0,0.0,1.0,1.0,0.0,0.0,0.0,0.0,0.0,1
-0.6755944770682742,3.409012544261279,-0.6248711722512554,1.1107441683326953,0.21638943542480757,-1.085450924110851,-0.2460957615600361,-0.35715320831141095,2,1.0,0.0,1.0,0.0,0.0,0.0,0.0,0.0,0.0,1.0,0.0,0.0,0
3.0543452610082613,-0.4598577667404736,2.8161020133770736,-1.0768772669569935,0.9678060636255055,-0.761838226239293,0.8440741419872934,1.0263073253224613,2,0.0,1.0,0.0,0.0,0.0,1.0,0.0,0.0,0.0,1.0,0.0,0.0,0
-0.017369817407709147,-0.5155181784325251,-0.08721911199682905,-0.7092750855877542,0.0911533307246915,0.20899986737538084,0.29898919021362863,-0.25714401310896234,1,0.0,1.0,0.0,0.0,0.0,1.0,0.0,0.0,0.0,0.0,0.0,1.0,0
0.4214466223660009,-0.19833155204302613,0.6654937723593679,-1.3426630488146192,-1.1333774707875566,-1.2472572730466298,-0.427790745484591,1.6096942973367447,4,0.0,1.0,0.0,1.0,0.0,0.0,0.0,0.0,1.0,0.0,0.0,0.0,0
1.1893753919699934,-0.2554926001089654,1.2031458326137943,-0.4226353423843763,-0.782716377627231,-0.4382255283677351,0.8440741419872934,-0.15713481790651374,2,0.0,1.0,1.0,0.0,0.0,0.0,0.0,0.0,0.0,0.0,1.0,0.0,0
-1.9920437963894042,-0.4388048649087649,-1.8077057048109935,1.1107441683326953,1.065211922836707,2.4742887524762867,-2.063045600805585,0.20956556450246444,4,0.0,1.0,1.0,0.0,0.0,0.0,1.0,0.0,0.0,0.0,0.0,0.0,1
1.737895941687131,-0.4993875594298229,1.848328304919106,-1.2915503984573835,0.8453529834742802,-1.0045477496429613,2.4793289973082877,0.476256751708994,3,0.0,1.0,0.0,0.0,0.0,1.0,0.0,1.0,0.0,0.0,0.0,0.0,0
0.7505589521962834,-0.6073893857524609,0.45043294825759733,-1.1995476278143593,-0.512762996384758,-0.3573223538998456,0.48068417413818354,-0.7238535907203891,2,1.0,0.0,0.0,0.0,0.0,1.0,0.0,1.0,0.0,0.0,0.0,0.0,1
-0.5658903671248466,-0.49299396862511546,-0.9474624084039113,-0.1093147956945213,-1.0999811762008587,1.1798379609900547,0.29898919021362863,-3.3407608651844605,1,0.0,1.0,1.0,0.0,0.0,0.0,0.0,0.0,0.0,0.0,1.0,0.0,0
-0.12707392735113665,0.18559184442037993,0.02031130005405623,1.0596315179754596,0.021577717002404694,-0.19551600496406651,0.48068417413818354,0.476256751708994,2,1.0,0.0,0.0,0.0,1.0,0.0,0.0,0.0,0.0,0.0,0.0,1.0,0
0.6408548422528559,-0.4543391398150036,0.45043294825759733,-0.9337618459567335,-1.2391324036454323,-0.5191287028356245,0.29898919021362863,1.142984719725318,2,0.0,1.0,0.0,0.0,0.0,1.0,0.0,1.0,0.0,0.0,0.0,0.0,0
-0.23677803729456418,-0.13877535145850378,-0.19474952404771434,0.7578624302663399,0.6199279950140714,0.20899986737538084,-0.427790745484591,1.959726480545315,5,0.0,1.0,1.0,0.0,0.0,0.0,0.0,0.0,1.0,0.0,0.0,0.0,0
-0.12707392735113665,-0.31614372755912573,-0.19474952404771434,1.0914235864976602,-0.014601602133184666,1.1798379609900547,0.11729420628907372,-0.9572083795261025,1,0.0,1.0,1.0,0.0,0.0,0.0,0.0,1.0,0.0,0.0,0.0,0.0,0
-1.1144109168419842,-0.49522292688730707,-1.270053644556567,0.31287569625624573,-0.512762996384758,1.9888697056689495,-1.1545706811828107,1.0096391261220532,5,0.0,1.0,0.0,0.0,0.0,1.0,0.0,1.0,0.0,0.0,0.0,0.0,1
-0.12707392735113665,-0.5691304903178699,-0.5173407602003702,-1.0870997970284406,0.5169560867050866,-0.2764191794319561,-0.2460957615600361,0.4095839549073616,5,0.0,1.0,0.0,0.0,1.0,0.0,0.0,1.0,0.0,0.0,0.0,0.0,0
0.6408548422528559,-0.3501255649248184,0.34290253620671207,0.5996176647603382,1.3101180831391566,0.9371284375863864,0.8440741419872934,-0.2738122123093704,1,0.0,1.0,0.0,0.0,0.0,1.0,0.0,0.0,0.0,1.0,0.0,0.0,1
1.1893753919699934,-0.4437027074059491,1.095615420562909,-0.4226353423843763,-0.5211120700314322,0.20899986737538084,2.8427189651573976,0.7096115405147074,5,0.0,1.0,0.0,0.0,0.0,1.0,0.0,0.0,0.0,0.0,0.0,1.0,0
-0.23677803729456418,-0.5212225518798443,-0.6248711722512554,-0.534674271967437,-1.3393212874055251,0.6135157397148282,0.48068417413818354,-0.7571899891212053,1,0.0,1.0,0.0,0.0,0.0,1.0,0.0,0.0,0.0,1.0,0.0,0.0,0
-0.23677803729456418,0.17393869420751867,0.02031130005405623,-0.9337618459567335,-1.5925765213546492,-1.085450924110851,0.29898919021362863,-2.1739869211558935,1,0.0,1.0,1.0,0.0,0.0,0.0,0.0,0.0,1.0,0.0,0.0,0.0,0
0.5311507323094284,-0.3160361900991077,0.6654937723593679,-0.473747992741612,0.038275864295753664,-0.3573223538998456,-0.06440077763548119,-0.25714401310896234,1,0.0,1.0,0.0,0.0,0.0,1.0,0.0,1.0,0.0,0.0,0.0,0.0,0
1.1893753919699934,-0.5570960709285812,1.3106762446646796,-0.9337618459567335,0.7423810751652961,0.04719351843960194,2.2976340133837327,0.3262429589053211,2,0.0,1.0,0.0,0.0,0.0,1.0,0.0,1.0,0.0,0.0,0.0,0.0,1
0.6408548422528559,-0.5066707783128611,0.8805545964611385,-1.2404377481001478,1.5355430715993656,-0.923644575175072,0.29898919021362863,0.026215373297975342,2,1.0,0.0,0.0,0.0,0.0,1.0,0.0,0.0,0.0,0.0,0.0,1.0,1
-1.4435232466722667,-0.3440105939028849,-1.1625232325056818,1.1107441683326953,2.2953087734467377,1.4225474843937234,-0.9728756972582557,-0.17380301710692184,1,1.0,0.0,1.0,0.0,0.0,0.0,1.0,0.0,0.0,0.0,0.0,0.0,1
0.4214466223660009,-0.4678644194454512,0.34290253620671207,0.08849116118798094,-0.21219634510447896,1.1798379609900547,-0.427790745484591,0.6929433413142994,2,1.0,0.0,0.0,0.0,0.0,1.0,1.0,0.0,0.0,0.0,0.0,0.0,1
-2.101747906332832,-0.13776352172106154,-2.1302969409636496,2.1329971754774095,-1.072150930711944,1.098934786522165,-1.8813506168810303,-2.6406964987673205,2,1.0,0.0,1.0,0.0,0.0,0.0,0.0,1.0,0.0,0.0,0.0,0.0,0
0.6408548422528559,-0.6396164072933141,0.6654937723593679,-1.1681644604950165,-0.546159290971456,0.37080621631115973,1.0257691259118482,0.10955636930001583,2,0.0,1.0,0.0,0.0,0.0,1.0,0.0,0.0,0.0,0.0,0.0,1.0,1
0.5311507323094284,0.2702531538527443,0.6654937723593679,0.5791726046174438,1.0846930946789473,-0.5191287028356245,0.29898919021362863,0.24290196290328064,2,0.0,1.0,1.0,0.0,0.0,0.0,0.0,0.0,1.0,0.0,0.0,0.0,0
-0.12707392735113665,-0.31577223451542713,-0.08721911199682905,0.5996176647603382,0.12733264986028087,0.6944189141827177,-0.2460957615600361,-0.9072037819248782,1,0.0,1.0,1.0,0.0,0.0,0.0,0.0,0.0,1.0,0.0,0.0,0.0,0
1.1893753919699934,-0.1795369368716958,1.2031458326137943,-0.9337618459567335,-0.907952482327347,-0.923644575175072,1.9342440455346228,0.22623376370287254,1,1.0,0.0,0.0,0.0,0.0,1.0,0.0,1.0,0.0,0.0,0.0,0.0,0
-1.5532273566156942,-0.26788873640922384,-1.7001752927601084,1.8263212733339953,0.0661061097846683,1.584353833329502,-0.9728756972582557,-0.6405125947183486,1,1.0,0.0,0.0,0.0,0.0,1.0,0.0,0.0,0.0,0.0,1.0,0.0,1
-0.23677803729456418,0.7707813734402295,-0.19474952404771434,1.4174200704761097,-1.072150930711944,-0.6000318773035141,-0.2460957615600361,1.0596437237232774,1,1.0,0.0,1.0,0.0,0.0,0.0,0.0,1.0,0.0,0.0,0.0,0.0,0
1.1893753919699934,-0.45127921027085466,1.095615420562909,-0.4635254626701648,-0.5628574382648044,0.20899986737538084,0.6623791580627385,0.2929065605045049,1,0.0,1.0,0.0,0.0,0.0,1.0,0.0,1.0,0.0,0.0,0.0,0.0,0
-0.12707392735113665,1.540715370704664,-0.3022799360985996,2.1329971754774095,0.4835597921183892,-0.6809350517714036,-0.06440077763548119,-1.540595351540386,2,0.0,1.0,1.0,0.0,0.0,0.0,0.0,0.0,0.0,1.0,0.0,0.0,0
0.20203840247914587,-0.3600190112464758,0.23537212415582678,-1.0768772669569935,-1.325406164661068,-0.923644575175072,-0.06440077763548119,-0.15713481790651374,1,1.0,0.0,1.0,0.0,0.0,0.0,0.0,0.0,0.0,1.0,0.0,0.0,0
0.09233429253571836,-0.483819068059033,0.02031130005405623,-1.035987146671205,-1.4283780729700524,-0.6000318773035141,0.29898919021362863,0.17622916610164824,1,0.0,1.0,1.0,0.0,0.0,0.0,0.0,0.0,1.0,0.0,0.0,0.0,1
-0.017369817407709147,-0.33243076468549054,-0.19474952404771434,-0.4226353423843763,-0.907952482327347,-0.2764191794319561,-0.06440077763548119,-2.390673510761199,5,0.0,1.0,0.0,0.0,0.0,1.0,0.0,0.0,0.0,0.0,0.0,1.0,0
1.518487721800276,-0.13778796205288382,1.5257370687664502,-0.2181847409554334,-0.04799789671988212,-0.5191287028356245,1.0257691259118482,-0.22380761470814614,1,1.0,0.0,1.0,0.0,0.0,0.0,0.0,0.0,0.0,0.0,1.0,0.0,0
-0.017369817407709147,0.029853161982472277,-0.4098103481494849,-0.7906464249564734,-1.325406164661068,-1.0045477496429613,0.29898919021362863,1.2263257157273584,2,1.0,0.0,1.0,0.0,0.0,0.0,1.0,0.0,0.0,0.0,0.0,0.0,0
-1.1144109168419842,-0.2278261444861489,-0.9474624084039113,2.1329971754774095,0.19412523903367576,1.584353833329502,-0.2460957615600361,-1.3572451603358968,3,1.0,0.0,0.0,0.0,0.0,1.0,0.0,0.0,0.0,1.0,0.0,0.0,1
1.079671282026566,-0.37871586509051697,1.5257370687664502,-1.2915503984573835,-0.907952482327347,-1.1663540985787406,1.7525490616100678,1.4096759069318476,3,0.0,1.0,0.0,0.0,0.0,1.0,0.0,0.0,0.0,0.0,1.0,0.0,1
1.299079501913421,-0.13841852261389853,1.5257370687664502,-0.7804238948850263,-0.30681917976678896,-0.8427414007071825,2.115939029459178,-0.057125622704065154,1,1.0,0.0,1.0,0.0,0.0,0.0,0.0,0.0,0.0,0.0,1.0,0.0,0
0.3117425124225734,-0.5537233051371071,0.6654937723593679,-0.5248606430988477,-0.30681917976678896,1.098934786522165,-0.06440077763548119,-0.3071486107101866,4,1.0,0.0,0.0,0.0,0.0,1.0,0.0,1.0,0.0,0.0,0.0,0.0,1
2.0670082715174134,-0.6321376657556976,1.9558587169699913,-1.035987146671205,0.12733264986028087,0.9371284375863864,1.9342440455346228,-0.29048041150977855,1,0.0,1.0,0.0,0.0,0.0,1.0,0.0,0.0,0.0,0.0,1.0,0.0,1
-0.5658903671248466,-0.35531669140386984,-0.6248711722512554,0.41561212347428955,-0.21219634510447896,0.7753220886506074,0.48068417413818354,-2.040641327552629,1,1.0,0.0,0.0,0.0,0.0,1.0,0.0,0.0,0.0,0.0,0.0,1.0,1
1.4087836118568484,-0.2860772313513617,1.095615420562909,-1.189325097742912,-1.5285669567301456,-1.085450924110851,1.570854077685513,1.0929801221240938,1,0.0,1.0,0.0,0.0,0.0,1.0,1.0,0.0,0.0,0.0,0.0,0.0,0
0.9699671720831384,-0.017433992027267486,1.2031458326137943,-0.2181847409554334,-1.077716979809727,-0.6000318773035141,2.6610239812328427,0.42625215410776973,4,1.0,0.0,1.0,0.0,0.0,0.0,0.0,0.0,0.0,0.0,1.0,0.0,0
0.09233429253571836,-0.44966126030422,0.1278417121049415,-0.6500866364740752,-1.6037086195502153,-0.11461283049617718,0.29898919021362863,0.10955636930001583,3,0.0,1.0,1.0,0.0,0.0,0.0,0.0,0.0,0.0,1.0,0.0,0.0,0
-0.3464821472379917,-0.462160045998132,-0.19474952404771434,0.08849116118798094,-1.7623410188370292,1.1798379609900547,-0.2460957615600361,0.7596161381159318,2,0.0,1.0,0.0,0.0,1.0,0.0,0.0,0.0,1.0,0.0,0.0,0.0,0
-0.4561862571814192,-0.2103708594986793,-0.4098103481494849,0.8296245913678989,2.2953087734467377,0.4517093907790493,-0.427790745484591,-0.35715320831141095,3,1.0,0.0,0.0,0.0,0.0,1.0,0.0,0.0,1.0,0.0,0.0,0.0,1
-2.101747906332832,1.0639480417147955,-2.1302969409636496,-0.4226353423843763,1.0846930946789473,-1.085450924110851,-2.24474058473014,-1.7406137419452832,3,0.0,1.0,1.0,0.0,0.0,0.0,0.0,1.0,0.0,0.0,0.0,0.0,0
0.09233429253571836,-0.26843131177567836,0.1278417121049415,0.5996176647603382,0.30266319644044337,0.5326125652469389,-0.427790745484591,0.9262981301200127,1,1.0,0.0,1.0,0.0,0.0,0.0,0.0,0.0,1.0,0.0,0.0,0.0,0
-1.2241150267854117,0.05560349559042235,-1.270053644556567,2.1329971754774095,1.1793159293412572,0.5326125652469389,-1.5179606490319204,-0.057125622704065154,4,0.0,1.0,1.0,0.0,0.0,0.0,1.0,0.0,0.0,0.0,0.0,0.0,1
-0.6755944770682742,0.7706591717811181,-0.9474624084039113,0.5996176647603382,-1.077716979809727,-0.761838226239293,0.48068417413818354,0.24290196290328064,2,0.0,1.0,0.0,0.0,0.0,1.0,1.0,0.0,0.0,0.0,0.0,0.0,0
-0.5658903671248466,0.47845056451398527,-0.08721911199682905,-0.4226353423843763,0.569833553134025,-1.0045477496429613,0.29898919021362863,0.5595977477110345,2,0.0,1.0,1.0,0.0,0.0,0.0,0.0,1.0,0.0,0.0,0.0,0.0,0
-0.5658903671248466,-0.43688385482753406,-0.7324015843021408,-1.2711053383144892,-0.32351732706013797,-1.085450924110851,0.48068417413818354,1.4263441061322557,5,1.0,0.0,0.0,0.0,0.0,1.0,0.0,0.0,0.0,0.0,1.0,0.0,1
0.9699671720831384,-0.42247383518512005,1.418206656715565,-0.259074861241222,-0.782716377627231,0.2899030418432704,2.8427189651573976,1.2763303133285828,1,1.0,0.0,1.0,0.0,0.0,0.0,0.0,0.0,0.0,0.0,1.0,0.0,0
-1.4435232466722667,1.1013270852037846,-1.592644880709223,1.0730230323690553,1.7053075690817452,-0.761838226239293,-1.1545706811828107,-1.1572267699309997,3,1.0,0.0,1.0,0.0,0.0,0.0,1.0,0.0,0.0,0.0,0.0,0.0,1
0.6408548422528559,-0.2795712150202718,0.34290253620671207,0.19071646190245237,-0.6964426166115952,0.20899986737538084,0.48068417413818354,-0.007121025102840856,5,1.0,0.0,0.0,0.0,0.0,1.0,0.0,0.0,0.0,0.0,1.0,0.0,0
-0.017369817407709147,-0.1041287370672452,0.02031130005405623,1.1107441683326953,1.2238443221235205,0.2899030418432704,0.48068417413818354,-1.1572267699309997,2,1.0,0.0,1.0,0.0,0.0,0.0,1.0,0.0,0.0,0.0,0.0,0.0,1
0.20203840247914587,-0.5205675509870074,0.6654937723593679,-0.2181847409554334,0.021577717002404694,1.2607411354579443,-0.6094857294091459,0.12622456850042393,1,0.0,1.0,0.0,0.0,0.0,1.0,0.0,0.0,0.0,1.0,0.0,0.0,1
-0.23677803729456418,-0.2574673789202053,-0.19474952404771434,-0.7804238948850263,-1.072150930711944,-0.761838226239293,0.11729420628907372,0.8762935325187884,5,1.0,0.0,0.0,0.0,0.0,1.0,0.0,1.0,0.0,0.0,0.0,0.0,0
2.615528821234551,-0.21531269459314353,2.493510777224418,1.4174200704761097,-1.072150930711944,0.9371284375863864,1.0257691259118482,1.0096391261220532,2,0.0,1.0,1.0,0.0,0.0,0.0,0.0,0.0,0.0,0.0,1.0,0.0,0
0.5311507323094284,-0.35861613619987714,0.23537212415582678,-1.2915503984573835,1.2294103712213043,-1.1663540985787406,1.3891590937609581,1.4096759069318476,5,0.0,1.0,0.0,0.0,0.0,1.0,0.0,0.0,0.0,1.0,0.0,0.0,1
-0.5658903671248466,-0.1806074234055115,-0.4098103481494849,1.1107441683326953,2.2006859387844275,0.5326125652469389,-0.427790745484591,-0.40715780591263523,1,0.0,1.0,0.0,0.0,0.0,1.0,0.0,0.0,0.0,0.0,1.0,0.0,1
0.8602630621397109,-0.4008050369914901,0.45043294825759733,0.19071646190245237,-1.072150930711944,0.7753220886506074,0.48068417413818354,0.20956556450246444,3,1.0,0.0,0.0,0.0,0.0,1.0,0.0,0.0,0.0,0.0,1.0,0.0,1
-0.017369817407709147,0.20685982117212456,0.1278417121049415,0.5996176647603382,-0.20663029600669613,-0.4382255283677351,0.11729420628907372,0.5429295485106265,3,0.0,1.0,0.0,0.0,1.0,0.0,0.0,0.0,0.0,0.0,1.0,0.0,0
-0.6755944770682742,-0.5613633528647506,-0.7324015843021408,-0.2181847409554334,-0.07582814220879674,2.069772880136839,-0.6094857294091459,-1.1572267699309997,2,1.0,0.0,0.0,0.0,1.0,0.0,0.0,0.0,0.0,0.0,0.0,1.0,0
2.0670082715174134,-0.34240242006897914,1.6332674808173355,1.269193384440126,-0.27620590972898296,1.584353833329502,2.115939029459178,1.3763395085310313,2,0.0,1.0,0.0,0.0,0.0,1.0,0.0,1.0,0.0,0.0,0.0,0.0,1
1.079671282026566,-0.5045102529797719,1.3106762446646796,-0.5600261465446259,-0.9858771696963081,0.37080621631115973,0.48068417413818354,-0.24047581390855424,1,0.0,1.0,0.0,0.0,0.0,1.0,0.0,0.0,0.0,0.0,1.0,0.0,0
-0.23677803729456418,2.528539814231054,-0.3022799360985996,0.39516706333139523,-0.1760170259688901,-1.085450924110851,-0.427790745484591,1.47634870373348,3,0.0,1.0,1.0,0.0,0.0,0.0,0.0,0.0,0.0,0.0,0.0,1.0,0
1.079671282026566,-0.5198294529659746,1.3106762446646796,-0.9337618459567335,0.2720499264026373,-0.2764191794319561,0.6623791580627385,1.0263073253224613,1,0.0,1.0,0.0,0.0,0.0,1.0,0.0,0.0,0.0,1.0,0.0,0.0,0
0.8602630621397109,0.18237060868620394,0.5579633603084826,-0.2999649815270105,-0.17045097687110677,-0.8427414007071825,-0.6094857294091459,0.2929065605045049,2,0.0,1.0,0.0,0.0,0.0,1.0,0.0,0.0,1.0,0.0,0.0,0.0,0
-0.23677803729456418,-0.6361312159754575,-0.19474952404771434,-1.081988531992717,-0.07304511765990533,0.8562252631184969,0.11729420628907372,0.12622456850042393,1,0.0,1.0,0.0,0.0,0.0,1.0,0.0,0.0,1.0,0.0,0.0,0.0,1
1.4087836118568484,-0.4680012853036559,1.6332674808173355,-0.11595944024096194,-0.07582814220879674,0.8562252631184969,2.2976340133837327,1.0763119229236855,2,0.0,1.0,0.0,0.0,0.0,1.0,0.0,0.0,1.0,0.0,0.0,0.0,1
-1.3338191367288392,0.7704978655910911,-1.9152361168618788,2.1152099731530916,0.13846474805584652,-0.3573223538998456,-0.9728756972582557,-0.6071761963175324,2,1.0,0.0,1.0,0.0,0.0,0.0,0.0,1.0,0.0,0.0,0.0,0.0,0
-0.6755944770682742,-0.4257537277156695,-0.7324015843021408,-0.6270859438133192,-1.7623410188370292,-0.19551600496406651,0.11729420628907372,1.2596621141281747,5,0.0,1.0,1.0,0.0,0.0,0.0,0.0,0.0,0.0,0.0,0.0,1.0,0
-0.12707392735113665,0.35922084975219365,-0.19474952404771434,-0.0137341395264905,-1.5925765213546492,-0.8427414007071825,0.11729420628907372,-1.7739501403460993,3,0.0,1.0,0.0,0.0,0.0,1.0,1.0,0.0,0.0,0.0,0.0,0.0,0
-0.017369817407709147,-0.3444505198756859,0.23537212415582678,-0.6270859438133192,-1.7623410188370292,-0.4382255283677351,-0.2460957615600361,0.4429203533081778,1,0.0,1.0,1.0,0.0,0.0,0.0,0.0,0.0,0.0,1.0,0.0,0.0,0
-0.5658903671248466,-0.4520710770218964,-0.5173407602003702,0.5996176647603382,0.695069657834141,1.8270633567331707,0.48068417413818354,-0.3071486107101866,1,0.0,1.0,0.0,0.0,0.0,1.0,0.0,0.0,0.0,0.0,1.0,0.0,1
-0.23677803729456418,-0.5692038113133367,0.1278417121049415,-1.2915503984573835,-0.1760170259688901,-0.8427414007071825,0.48068417413818354,-0.4904988019146757,1,0.0,1.0,1.0,0.0,0.0,0.0,0.0,0.0,0.0,1.0,0.0,0.0,0
0.6408548422528559,-0.27472225318673227,0.5579633603084826,-0.7293112445277906,0.8926644008054357,-0.6809350517714036,0.48068417413818354,1.3763395085310313,5,0.0,1.0,1.0,0.0,0.0,0.0,0.0,0.0,1.0,0.0,0.0,0.0,0
0.5311507323094284,-0.43242105023678645,0.5579633603084826,-0.2999649815270105,-1.4283780729700524,0.2899030418432704,-0.427790745484591,0.17622916610164824,1,1.0,0.0,0.0,0.0,1.0,0.0,0.0,0.0,0.0,1.0,0.0,0.0,0
-0.23677803729456418,-0.28552976791854273,0.02031130005405623,-0.0137341395264905,-0.4904987999936262,-0.03370965602828762,-0.06440077763548119,-2.9240558851742584,2,0.0,1.0,1.0,0.0,0.0,0.0,0.0,1.0,0.0,0.0,0.0,0.0,0
-0.6755944770682742,-0.2697706419595391,-0.4098103481494849,1.008518867618224,0.6505412650518774,0.8562252631184969,0.29898919021362863,0.809620735717156,2,0.0,1.0,0.0,0.0,0.0,1.0,0.0,0.0,1.0,0.0,0.0,0.0,1
0.3117425124225734,0.3274239780514125,-0.08721911199682905,-0.2181847409554334,-0.0897432649532543,-0.8427414007071825,0.6623791580627385,-0.10713022030528944,1,1.0,0.0,1.0,0.0,0.0,0.0,0.0,0.0,0.0,0.0,1.0,0.0,0
-1.5532273566156942,0.41697335384823203,-1.3775840566074524,2.1329971754774095,1.5967696116749777,-0.11461283049617718,-1.5179606490319204,-1.8072865387469155,1,1.0,0.0,1.0,0.0,0.0,0.0,0.0,0.0,1.0,0.0,0.0,0.0,0
-0.3464821472379917,0.12744829501518512,-0.4098103481494849,1.1107441683326953,0.9204946462943504,-0.11461283049617718,-0.427790745484591,-0.29048041150977855,1,0.0,1.0,1.0,0.0,0.0,0.0,1.0,0.0,0.0,0.0,0.0,0.0,1
-0.6755944770682742,0.3584534233329742,-0.8399319963530261,1.008518867618224,-0.4904987999936262,-0.4382255283677351,0.11729420628907372,-1.4239179571375293,1,1.0,0.0,0.0,0.0,0.0,1.0,0.0,1.0,0.0,0.0,0.0,0.0,0
0.6408548422528559,0.641545786830398,-0.08721911199682905,1.1107441683326953,0.9900702600166372,-0.6000318773035141,-0.2460957615600361,0.3762475565065454,2,0.0,1.0,1.0,0.0,0.0,0.0,0.0,0.0,1.0,0.0,0.0,0.0,1
-0.12707392735113665,-0.051088328946541646,-0.3022799360985996,0.5996176647603382,0.4445974484339084,-0.11461283049617718,0.48068417413818354,0.9929709269216451,2,0.0,1.0,1.0,0.0,0.0,0.0,1.0,0.0,0.0,0.0,0.0,0.0,0
0.5311507323094284,-0.5002136426454158,0.1278417121049415,-0.4226353423843763,-1.7623410188370292,0.6135157397148282,-0.427790745484591,-1.5739317499412022,1,0.0,1.0,1.0,0.0,0.0,0.0,0.0,0.0,0.0,0.0,1.0,0.0,0
-1.6629314665591217,-0.1101215064300673,-1.4851144686583377,2.1329971754774095,1.2127122239279546,1.0180316120542756,-0.9728756972582557,-0.09046202110488136,2,0.0,1.0,0.0,0.0,0.0,1.0,1.0,0.0,0.0,0.0,0.0,0.0,1
-1.5532273566156942,2.845115432324996,-1.7001752927601084,1.1107441683326953,-0.7632352057849906,-1.085450924110851,-0.9728756972582557,-0.7738581883216135,4,1.0,0.0,1.0,0.0,0.0,0.0,0.0,0.0,0.0,0.0,1.0,0.0,1
-0.12707392735113665,-0.04997384981544586,-0.3022799360985996,1.1107441683326953,0.2720499264026373,0.20899986737538084,-0.06440077763548119,1.0096391261220532,1,1.0,0.0,1.0,0.0,0.0,0.0,0.0,1.0,0.0,0.0,0.0,0.0,0
-1.3338191367288392,-0.4625706435727462,-1.592644880709223,0.9765223484945943,-0.20663029600669613,2.5551919269441763,-1.1545706811828107,-0.39048960671222716,1,1.0,0.0,0.0,0.0,0.0,1.0,0.0,1.0,0.0,0.0,0.0,0.0,1
0.09233429253571836,-0.3979699585001061,0.02031130005405623,0.5996176647603382,0.569833553134025,1.2607411354579443,-0.2460957615600361,-0.19047121630732994,1,1.0,0.0,0.0,0.0,0.0,1.0,0.0,0.0,0.0,0.0,1.0,0.0,1
1.1893753919699934,-0.33196151031450283,1.095615420562909,1.1107441683326953,0.5976637986229396,1.3416443099258337,1.3891590937609581,-0.10713022030528944,5,0.0,1.0,0.0,0.0,0.0,1.0,0.0,0.0,0.0,1.0,0.0,0.0,1
0.09233429253571836,-0.51170548666825,-0.4098103481494849,-0.5508258694803234,1.0763440210322726,0.5326125652469389,-0.9728756972582557,1.1929893173265422,5,0.0,1.0,0.0,0.0,0.0,1.0,0.0,0.0,0.0,1.0,0.0,0.0,1
-0.8950026969551292,-0.4679719569054692,-1.0549928204547967,0.8449583864750696,-0.20663029600669613,2.4742887524762867,-0.9728756972582557,-2.6073601003665043,3,1.0,0.0,0.0,0.0,0.0,1.0,0.0,0.0,1.0,0.0,0.0,0.0,1
0.3117425124225734,-0.34604891757686274,0.45043294825759733,-0.9542069060996278,-0.21219634510447896,-0.761838226239293,0.11729420628907372,1.1763211181261342,3,1.0,0.0,1.0,0.0,0.0,0.0,0.0,0.0,0.0,1.0,0.0,0.0,0
0.8602630621397109,-0.3676199544432036,0.5579633603084826,0.08849116118798094,0.4779937430206063,0.4517093907790493,0.11729420628907372,0.14289276770083204,1,1.0,0.0,0.0,0.0,0.0,1.0,0.0,0.0,1.0,0.0,0.0,0.0,0
-0.5658903671248466,-0.5271713286453863,-0.19474952404771434,-0.652642268991937,-0.20663029600669613,0.4517093907790493,0.29898919021362863,1.8097126877416418,4,0.0,1.0,1.0,0.0,0.0,0.0,1.0,0.0,0.0,0.0,0.0,0.0,0
-0.3464821472379917,0.18236572061983947,-0.08721911199682905,0.5996176647603382,-0.46545157905360296,-0.4382255283677351,0.48068417413818354,-0.25714401310896234,2,1.0,0.0,0.0,0.0,0.0,1.0,0.0,0.0,1.0,0.0,0.0,0.0,0
-0.7852985870117017,-0.33564222428693763,-0.7324015843021408,1.6218706719050526,0.21917245997369897,1.9079665312010603,-0.7911807133337009,-0.10713022030528944,2,0.0,1.0,0.0,0.0,0.0,1.0,0.0,0.0,0.0,1.0,0.0,0.0,1
-1.6629314665591217,-0.4200640184674436,-1.9152361168618788,1.008518867618224,1.4993637524637766,2.069772880136839,-1.6996556329564754,0.8596253333183803,4,0.0,1.0,0.0,0.0,0.0,1.0,1.0,0.0,0.0,0.0,0.0,0.0,1
0.3117425124225734,-0.3211979881799724,0.23537212415582678,-0.8315365452422621,-1.2419154281943239,-0.6809350517714036,-0.06440077763548119,-0.9572083795261025,4,0.0,1.0,1.0,0.0,0.0,0.0,0.0,0.0,0.0,1.0,0.0,0.0,0
0.09233429253571836,1.3566210152865517,-0.3022799360985996,0.39516706333139523,-0.07304511765990533,-1.0045477496429613,-0.06440077763548119,0.7762843373163398,2,1.0,0.0,1.0,0.0,0.0,0.0,0.0,0.0,0.0,0.0,1.0,0.0,0
-0.7852985870117017,2.2364827370212192,-0.8399319963530261,-0.6781985941705548,0.14959684625141217,-1.2472572730466298,-0.9728756972582557,-1.690609144344059,1,0.0,1.0,1.0,0.0,0.0,0.0,1.0,0.0,0.0,0.0,0.0,0.0,0
2.176712381460841,-0.2949197434046612,2.601041189275303,1.0340751927968417,0.2720499264026373,1.0180316120542756,2.4793289973082877,0.6929433413142994,1,0.0,1.0,0.0,0.0,0.0,1.0,0.0,0.0,0.0,1.0,0.0,0.0,1
-1.2241150267854117,1.3672183431646905,-0.9474624084039113,-0.37152269202714056,1.0986082174234044,-1.1663540985787406,-0.9728756972582557,0.642938743713075,3,1.0,0.0,0.0,0.0,0.0,1.0,0.0,0.0,1.0,0.0,0.0,0.0,0
-0.7852985870117017,-0.2903347371548022,-0.6248711722512554,1.161856818689931,1.5355430715993656,1.098934786522165,-1.6996556329564754,-0.6738489931191648,3,1.0,0.0,1.0,0.0,0.0,0.0,0.0,0.0,0.0,0.0,0.0,1.0,1
-0.7852985870117017,3.1040118673183668,-0.6248711722512554,-0.4226353423843763,1.5132788752082342,-1.2472572730466298,-1.1545706811828107,0.9096299309196046,2,1.0,0.0,1.0,0.0,0.0,0.0,0.0,0.0,0.0,0.0,1.0,0.0,1
0.20203840247914587,-0.34552589447586607,-0.08721911199682905,-0.9337618459567335,0.44181442388501696,-0.761838226239293,0.29898919021362863,1.0596437237232774,4,0.0,1.0,0.0,0.0,0.0,1.0,0.0,0.0,0.0,0.0,1.0,0.0,0
-1.9920437963894042,0.5050758620011728,-1.9152361168618788,2.1329971754774095,0.6227110195629628,-0.19551600496406651,-2.24474058473014,0.5762659469114426,4,0.0,1.0,1.0,0.0,0.0,0.0,0.0,1.0,0.0,0.0,0.0,0.0,0
-2.2114520162762594,-0.3883062512975781,-1.9152361168618788,1.218694085887177,1.0930421683256215,1.9888697056689495,-2.063045600805585,0.026215373297975342,1,0.0,1.0,0.0,0.0,0.0,1.0,0.0,1.0,0.0,0.0,0.0,0.0,1
1.4087836118568484,-0.40211992684352854,1.418206656715565,0.5996176647603382,-1.1806888881187114,1.3416443099258337,2.8427189651573976,0.15956096690124014,2,0.0,1.0,0.0,0.0,0.0,1.0,0.0,0.0,1.0,0.0,0.0,0.0,1
-1.3338191367288392,0.8181907291090806,-1.270053644556567,1.1107441683326953,1.396391844154792,-0.6809350517714036,-1.3362656651073657,1.0096391261220532,5,0.0,1.0,1.0,0.0,0.0,0.0,0.0,0.0,0.0,1.0,0.0,0.0,1
0.6408548422528559,-0.4849335471901288,0.6654937723593679,-0.6270859438133192,-1.325406164661068,0.1280966929074913,0.11729420628907372,-0.9405401803256944,2,0.0,1.0,0.0,0.0,1.0,0.0,0.0,0.0,0.0,0.0,0.0,1.0,0
4.151386360442536,-0.3206700770126113,4.536588606191238,-0.7497563046706849,-0.011818577584292759,-0.6000318773035141,1.9342440455346228,0.3762475565065454,1,0.0,1.0,0.0,0.0,0.0,1.0,0.0,0.0,0.0,1.0,0.0,0.0,0
0.8602630621397109,-0.3675906260450169,0.5579633603084826,-0.8315365452422621,1.3184671567858304,-0.6000318773035141,-0.06440077763548119,0.5262613493102183,2,0.0,1.0,0.0,0.0,0.0,1.0,0.0,0.0,0.0,1.0,0.0,0.0,1
-0.017369817407709147,0.1992148853781166,0.02031130005405623,1.1107441683326953,2.2953087734467377,-0.19551600496406651,-0.06440077763548119,0.22623376370287254,2,0.0,1.0,1.0,0.0,0.0,0.0,0.0,1.0,0.0,0.0,0.0,0.0,1
-1.3338191367288392,-0.509202796689649,-1.270053644556567,1.0340751927968417,-0.1760170259688901,3.687836369494629,-1.6996556329564754,0.34291115810572925,3,0.0,1.0,0.0,0.0,0.0,1.0,0.0,0.0,0.0,0.0,1.0,0.0,1
0.3117425124225734,-0.2570714455446845,-0.08721911199682905,-0.4226353423843763,0.7006357069319238,-0.4382255283677351,0.48068417413818354,0.7096115405147074,5,1.0,0.0,1.0,0.0,0.0,0.0,0.0,0.0,0.0,1.0,0.0,0.0,0
-0.8950026969551292,2.1183772775232526,-0.8399319963530261,-0.0137341395264905,0.7952585415942338,-1.1663540985787406,-0.9728756972582557,0.7929525365167479,3,1.0,0.0,1.0,0.0,0.0,0.0,0.0,0.0,0.0,0.0,1.0,0.0,0
0.3117425124225734,-0.11140706788391902,0.23537212415582678,0.19071646190245237,-1.4283780729700524,-0.2764191794319561,0.29898919021362863,1.1929893173265422,5,0.0,1.0,1.0,0.0,0.0,0.0,0.0,0.0,0.0,0.0,1.0,0.0,0
0.09233429253571836,-0.3444749602075082,0.45043294825759733,0.39516706333139523,-0.21219634510447896,0.6944189141827177,-0.6094857294091459,0.7596161381159318,1,0.0,1.0,1.0,0.0,0.0,0.0,0.0,0.0,0.0,0.0,0.0,1.0,0
-0.3464821472379917,-0.4508588365635115,-0.19474952404771434,-0.8315365452422621,1.6218168326150009,-0.3573223538998456,-0.427790745484591,-1.6739409451436507,5,0.0,1.0,0.0,0.0,0.0,1.0,0.0,0.0,0.0,0.0,1.0,0.0,1
-1.6629314665591217,-0.2277283831588598,-1.7001752927601084,2.1329971754774095,-0.20663029600669613,1.584353833329502,-1.1545706811828107,-1.0905539731293672,3,0.0,1.0,1.0,0.0,0.0,0.0,0.0,0.0,0.0,0.0,0.0,1.0,0
-0.3464821472379917,2.451826500707294,-0.7324015843021408,0.2106503955417743,-0.19549819781112998,-1.085450924110851,-0.427790745484591,-1.7406137419452832,1,0.0,1.0,1.0,0.0,0.0,0.0,0.0,0.0,0.0,0.0,1.0,0.0,0
0.4214466223660009,-0.16457945379646285,0.5579633603084826,0.8040682661892811,1.9585628030308693,0.2899030418432704,0.29898919021362863,-0.14046661870610566,2,0.0,1.0,0.0,0.0,0.0,1.0,0.0,0.0,1.0,0.0,0.0,0.0,1
0.8602630621397109,-0.45457376700049745,0.6654937723593679,-0.9337618459567335,0.9900702600166372,-0.5191287028356245,0.29898919021362863,1.0263073253224613,4,0.0,1.0,0.0,0.0,0.0,1.0,1.0,0.0,0.0,0.0,0.0,0.0,1
-0.5658903671248466,0.4766126515609501,-0.5173407602003702,1.1107441683326953,1.0624288982878154,-0.5191287028356245,-0.06440077763548119,-1.1905631683318159,1,0.0,1.0,1.0,0.0,0.0,0.0,0.0,1.0,0.0,0.0,0.0,0.0,0
1.6281918317437034,0.3007693521660382,1.6332674808173355,-0.8008689550279205,0.377804859260513,-1.085450924110851,2.115939029459178,-0.5905079971171243,2,1.0,0.0,0.0,0.0,0.0,1.0,0.0,0.0,1.0,0.0,0.0,0.0,0
1.9573041615739861,0.18339710262273953,1.848328304919106,-0.4226353423843763,-1.6593691105280446,-0.8427414007071825,0.6623791580627385,0.7596161381159318,5,0.0,1.0,1.0,0.0,0.0,0.0,0.0,0.0,0.0,0.0,1.0,0.0,0
-0.017369817407709147,-0.10680250936860221,-0.4098103481494849,1.1107441683326953,1.2238443221235205,0.37080621631115973,-0.06440077763548119,0.7096115405147074,2,1.0,0.0,1.0,0.0,0.0,0.0,1.0,0.0,0.0,0.0,0.0,0.0,1
0.09233429253571836,-0.6284129591859827,0.1278417121049415,-1.2455490131358713,-0.20663029600669613,-0.2764191794319561,-0.6094857294091459,-0.24047581390855424,1,1.0,0.0,0.0,0.0,0.0,1.0,0.0,1.0,0.0,0.0,0.0,0.0,1
1.518487721800276,-0.31565980898904467,1.2031458326137943,-0.6577535340276606,-1.7623410188370292,-0.5191287028356245,1.7525490616100678,0.14289276770083204,1,0.0,1.0,0.0,0.0,0.0,1.0,1.0,0.0,0.0,0.0,0.0,0.0,0
0.6408548422528559,-0.30960349476348464,0.45043294825759733,-0.8315365452422621,0.038275864295753664,-0.761838226239293,0.29898919021362863,-0.707185391519981,4,0.0,1.0,0.0,0.0,0.0,1.0,0.0,0.0,1.0,0.0,0.0,0.0,0
0.4214466223660009,-0.34508596850306505,0.45043294825759733,-0.9542069060996278,0.10228542892025716,-0.761838226239293,0.29898919021362863,0.34291115810572925,1,0.0,1.0,0.0,0.0,0.0,1.0,0.0,0.0,0.0,1.0,0.0,0.0,0
-2.321156126219687,-0.45567846999886435,-2.1302969409636496,1.0340751927968417,-0.27898893427787436,2.5551919269441763,-2.24474058473014,-0.10713022030528944,1,1.0,0.0,1.0,0.0,0.0,0.0,0.0,0.0,0.0,0.0,0.0,1.0,0
-1.1144109168419842,0.9942833198885798,-1.0549928204547967,1.1107441683326953,0.8564850816698464,-0.761838226239293,-0.7911807133337009,-0.6071761963175324,1,1.0,0.0,1.0,0.0,0.0,0.0,1.0,0.0,0.0,0.0,0.0,0.0,1
-0.12707392735113665,-0.43244060250224425,-0.4098103481494849,0.19071646190245237,0.34440856467381553,1.0180316120542756,-0.06440077763548119,-0.2738122123093704,1,1.0,0.0,0.0,0.0,0.0,1.0,0.0,0.0,0.0,1.0,0.0,0.0,1
0.09233429253571836,-0.11711144133123826,0.02031130005405623,-0.652642268991937,0.9900702600166372,-0.8427414007071825,-0.06440077763548119,-0.5905079971171243,1,1.0,0.0,1.0,0.0,0.0,0.0,0.0,0.0,0.0,1.0,0.0,0.0,1
0.4214466223660009,-0.18741649985119763,0.6654937723593679,0.5996176647603382,0.1829931408381101,0.20899986737538084,0.48068417413818354,-0.04045742350365705,1,0.0,1.0,1.0,0.0,0.0,0.0,0.0,0.0,0.0,0.0,1.0,0.0,0
0.20203840247914587,-0.526931813393528,0.23537212415582678,-0.7447472649356758,-0.9719620469518511,0.20899986737538084,0.6623791580627385,0.07621997089919964,1,0.0,1.0,0.0,0.0,0.0,1.0,0.0,1.0,0.0,0.0,0.0,0.0,0
0.4214466223660009,-0.08686897473435383,0.5579633603084826,1.6218706719050526,1.8472418210752108,0.6135157397148282,0.11729420628907372,0.8929617317191965,3,0.0,1.0,1.0,0.0,0.0,0.0,0.0,1.0,0.0,0.0,0.0,0.0,1
0.6408548422528559,-0.5845425635649972,0.5579633603084826,-1.035987146671205,-0.22889449239782791,0.04719351843960194,-0.6094857294091459,0.30957475970491305,1,1.0,0.0,0.0,0.0,0.0,1.0,1.0,0.0,0.0,0.0,0.0,0.0,1
1.079671282026566,-0.2536693513550236,0.9880850085120237,-0.8187583826529531,-1.1166793234942074,-0.761838226239293,0.6623791580627385,1.1763211181261342,1,0.0,1.0,0.0,0.0,0.0,1.0,1.0,0.0,0.0,0.0,0.0,0.0,0
-0.5658903671248466,-0.5400464954493613,-0.5173407602003702,-0.5759732934560834,-0.907952482327347,0.7753220886506074,0.48068417413818354,0.9429663293204208,3,0.0,1.0,0.0,0.0,0.0,1.0,0.0,0.0,1.0,0.0,0.0,0.0,1
-0.12707392735113665,-0.26884679741665707,-0.19474952404771434,-0.5708620284203598,0.7089847805785986,-0.5191287028356245,0.29898919021362863,-1.0072129771273268,1,0.0,1.0,0.0,0.0,0.0,1.0,0.0,1.0,0.0,0.0,0.0,0.0,1
-0.4561862571814192,3.878408669173549,-0.5173407602003702,-0.6839232110105653,0.0911533307246915,-1.2472572730466298,0.29898919021362863,0.10955636930001583,1,1.0,0.0,1.0,0.0,0.0,0.0,0.0,0.0,0.0,0.0,1.0,0.0,0
-1.4435232466722667,1.286399053894788,-1.592644880709223,1.008518867618224,1.683043372690614,-0.8427414007071825,-1.1545706811828107,0.09288817009960774,2,0.0,1.0,0.0,0.0,0.0,1.0,0.0,0.0,1.0,0.0,0.0,0.0,1
0.20203840247914587,-0.11042456654466351,0.45043294825759733,0.027155980759298076,0.1328986989580637,-0.3573223538998456,0.29898919021362863,0.4095839549073616,1,0.0,1.0,1.0,0.0,0.0,0.0,0.0,0.0,0.0,0.0,0.0,1.0,0
-0.017369817407709147,-0.41363132313182055,-0.08721911199682905,-1.0870997970284406,0.7228999033230556,-0.8427414007071825,0.48068417413818354,-1.4405861563379374,2,1.0,0.0,0.0,0.0,1.0,0.0,0.0,1.0,0.0,0.0,0.0,0.0,0
0.20203840247914587,0.008194139921571213,0.5579633603084826,-1.035987146671205,-0.20663029600669613,-1.085450924110851,-0.06440077763548119,0.9262981301200127,1,0.0,1.0,1.0,0.0,0.0,0.0,0.0,0.0,1.0,0.0,0.0,0.0,0
0.7505589521962834,3.506162863254826,0.5579633603084826,-0.15327167500174402,-0.5350271927758898,-1.2472572730466298,2.115939029459178,-0.5071670011150838,1,0.0,1.0,1.0,0.0,0.0,0.0,0.0,0.0,0.0,0.0,1.0,0.0,0
-0.7852985870117017,-0.18333496443687752,-1.270053644556567,1.4174200704761097,1.9112513856997146,0.7753220886506074,-0.7911807133337009,-0.9905447779269188,2,1.0,0.0,0.0,0.0,0.0,1.0,0.0,0.0,0.0,1.0,0.0,0.0,1
0.7505589521962834,-0.21487765668670702,0.7730241844102532,-0.4226353423843763,1.3184671567858304,-0.5191287028356245,-0.427790745484591,-0.35715320831141095,1,0.0,1.0,1.0,0.0,0.0,0.0,0.0,0.0,0.0,0.0,1.0,0.0,0
-0.12707392735113665,-0.47995260756474895,-0.3022799360985996,-0.7293112445277906,-0.6769614447693548,-0.11461283049617718,0.29898919021362863,-1.4405861563379374,1,0.0,1.0,0.0,0.0,0.0,1.0,0.0,0.0,0.0,0.0,1.0,0.0,0
-0.5658903671248466,-0.44351696088409975,-0.3022799360985996,-0.4226353423843763,-1.072150930711944,0.20899986737538084,0.29898919021362863,1.1763211181261342,5,1.0,0.0,0.0,0.0,0.0,1.0,0.0,0.0,0.0,1.0,0.0,0.0,0
0.8602630621397109,-0.2169893013561517,1.095615420562909,-0.9337618459567335,-0.20663029600669613,-0.923644575175072,-0.06440077763548119,1.0429755245228693,3,0.0,1.0,1.0,0.0,0.0,0.0,0.0,0.0,0.0,1.0,0.0,0.0,0
-1.4435232466722667,-0.1997735316205404,-1.270053644556567,2.1329971754774095,-0.7938484758227966,1.4225474843937234,-1.5179606490319204,0.6929433413142994,5,1.0,0.0,1.0,0.0,0.0,0.0,0.0,0.0,0.0,0.0,1.0,0.0,0
-0.12707392735113665,0.1157169357404926,-0.3022799360985996,0.9062935669037524,0.8926644008054357,-0.19551600496406651,-0.427790745484591,-1.2905723635342645,1,0.0,1.0,1.0,0.0,0.0,0.0,0.0,0.0,0.0,1.0,0.0,0.0,1
-0.12707392735113665,-0.3736273880051191,-0.08721911199682905,-0.5248606430988477,-1.6037086195502153,-0.2764191794319561,0.48068417413818354,-0.8238627859228377,1,1.0,0.0,1.0,0.0,0.0,0.0,0.0,0.0,0.0,0.0,1.0,0.0,0
